Copyright 1986-2022 Xilinx, Inc. All Rights Reserved. Copyright 2022-2024 Advanced Micro Devices, Inc. All Rights Reserved.
------------------------------------------------------------------------------------------------------------------------------------------------------------------------------------------------------
| Tool Version : Vivado v.2024.2 (win64) Build 5239630 Fri Nov 08 22:35:27 MST 2024
| Date         : Tue May  5 20:50:25 2026
| Host         : AgeOfMachine running 64-bit major release  (build 9200)
| Command      : report_timing_summary -max_paths 10 -report_unconstrained -file Top_timing_summary_routed.rpt -pb Top_timing_summary_routed.pb -rpx Top_timing_summary_routed.rpx -warn_on_violation
| Design       : Top
| Device       : 7a100t-csg324
| Speed File   : -1  PRODUCTION 1.23 2018-06-13
| Design State : Routed
------------------------------------------------------------------------------------------------------------------------------------------------------------------------------------------------------

Timing Summary Report

------------------------------------------------------------------------------------------------
| Timer Settings
| --------------
------------------------------------------------------------------------------------------------

  Enable Multi Corner Analysis               :  Yes
  Enable Pessimism Removal                   :  Yes
  Pessimism Removal Resolution               :  Nearest Common Node
  Enable Input Delay Default Clock           :  No
  Enable Preset / Clear Arcs                 :  No
  Disable Flight Delays                      :  No
  Ignore I/O Paths                           :  No
  Timing Early Launch at Borrowing Latches   :  No
  Borrow Time for Max Delay Exceptions       :  Yes
  Merge Timing Exceptions                    :  Yes
  Inter-SLR Compensation                     :  Conservative

  Corner  Analyze    Analyze    
  Name    Max Paths  Min Paths  
  ------  ---------  ---------  
  Slow    Yes        Yes        
  Fast    Yes        Yes        


------------------------------------------------------------------------------------------------
| Report Methodology
| ------------------
------------------------------------------------------------------------------------------------

Rule       Severity          Description                     Violations  
---------  ----------------  ------------------------------  ----------  
TIMING-17  Critical Warning  Non-clocked sequential cell     16          
TIMING-16  Warning           Large setup violation           679         
TIMING-20  Warning           Non-clocked latch               1           
LATCH-1    Advisory          Existing latches in the design  1           

Note: This report is based on the most recent report_methodology run and may not be up-to-date. Run report_methodology on the current design for the latest report.



check_timing report

Table of Contents
-----------------
1. checking no_clock (7969)
2. checking constant_clock (0)
3. checking pulse_width_clock (0)
4. checking unconstrained_internal_endpoints (18)
5. checking no_input_delay (2)
6. checking no_output_delay (8)
7. checking multiple_clock (0)
8. checking generated_clocks (0)
9. checking loops (0)
10. checking partial_input_delay (0)
11. checking partial_output_delay (0)
12. checking latch_loops (0)

1. checking no_clock (7969)
---------------------------
 There is 1 register/latch pin with no clock driven by root clock pin: my_PhaseAccumulator/r_reg_reg[7]/Q (HIGH)

 There are 16 register/latch pins with no clock driven by root clock pin: my_clock_divider/r_reg_reg[100]/Q (HIGH)

 There are 16 register/latch pins with no clock driven by root clock pin: my_clock_divider/r_reg_reg[101]/Q (HIGH)

 There are 16 register/latch pins with no clock driven by root clock pin: my_clock_divider/r_reg_reg[102]/Q (HIGH)

 There are 16 register/latch pins with no clock driven by root clock pin: my_clock_divider/r_reg_reg[103]/Q (HIGH)

 There are 16 register/latch pins with no clock driven by root clock pin: my_clock_divider/r_reg_reg[104]/Q (HIGH)

 There are 16 register/latch pins with no clock driven by root clock pin: my_clock_divider/r_reg_reg[105]/Q (HIGH)

 There are 16 register/latch pins with no clock driven by root clock pin: my_clock_divider/r_reg_reg[106]/Q (HIGH)

 There are 16 register/latch pins with no clock driven by root clock pin: my_clock_divider/r_reg_reg[107]/Q (HIGH)

 There are 16 register/latch pins with no clock driven by root clock pin: my_clock_divider/r_reg_reg[108]/Q (HIGH)

 There are 16 register/latch pins with no clock driven by root clock pin: my_clock_divider/r_reg_reg[109]/Q (HIGH)

 There are 16 register/latch pins with no clock driven by root clock pin: my_clock_divider/r_reg_reg[10]/Q (HIGH)

 There are 16 register/latch pins with no clock driven by root clock pin: my_clock_divider/r_reg_reg[110]/Q (HIGH)

 There are 16 register/latch pins with no clock driven by root clock pin: my_clock_divider/r_reg_reg[111]/Q (HIGH)

 There are 16 register/latch pins with no clock driven by root clock pin: my_clock_divider/r_reg_reg[112]/Q (HIGH)

 There are 16 register/latch pins with no clock driven by root clock pin: my_clock_divider/r_reg_reg[113]/Q (HIGH)

 There are 16 register/latch pins with no clock driven by root clock pin: my_clock_divider/r_reg_reg[114]/Q (HIGH)

 There are 16 register/latch pins with no clock driven by root clock pin: my_clock_divider/r_reg_reg[115]/Q (HIGH)

 There are 16 register/latch pins with no clock driven by root clock pin: my_clock_divider/r_reg_reg[116]/Q (HIGH)

 There are 16 register/latch pins with no clock driven by root clock pin: my_clock_divider/r_reg_reg[117]/Q (HIGH)

 There are 16 register/latch pins with no clock driven by root clock pin: my_clock_divider/r_reg_reg[118]/Q (HIGH)

 There are 16 register/latch pins with no clock driven by root clock pin: my_clock_divider/r_reg_reg[119]/Q (HIGH)

 There are 16 register/latch pins with no clock driven by root clock pin: my_clock_divider/r_reg_reg[11]/Q (HIGH)

 There are 16 register/latch pins with no clock driven by root clock pin: my_clock_divider/r_reg_reg[120]/Q (HIGH)

 There are 16 register/latch pins with no clock driven by root clock pin: my_clock_divider/r_reg_reg[121]/Q (HIGH)

 There are 16 register/latch pins with no clock driven by root clock pin: my_clock_divider/r_reg_reg[122]/Q (HIGH)

 There are 16 register/latch pins with no clock driven by root clock pin: my_clock_divider/r_reg_reg[123]/Q (HIGH)

 There are 16 register/latch pins with no clock driven by root clock pin: my_clock_divider/r_reg_reg[124]/Q (HIGH)

 There are 16 register/latch pins with no clock driven by root clock pin: my_clock_divider/r_reg_reg[125]/Q (HIGH)

 There are 16 register/latch pins with no clock driven by root clock pin: my_clock_divider/r_reg_reg[126]/Q (HIGH)

 There are 16 register/latch pins with no clock driven by root clock pin: my_clock_divider/r_reg_reg[127]/Q (HIGH)

 There are 16 register/latch pins with no clock driven by root clock pin: my_clock_divider/r_reg_reg[128]/Q (HIGH)

 There are 16 register/latch pins with no clock driven by root clock pin: my_clock_divider/r_reg_reg[129]/Q (HIGH)

 There are 16 register/latch pins with no clock driven by root clock pin: my_clock_divider/r_reg_reg[12]/Q (HIGH)

 There are 16 register/latch pins with no clock driven by root clock pin: my_clock_divider/r_reg_reg[130]/Q (HIGH)

 There are 16 register/latch pins with no clock driven by root clock pin: my_clock_divider/r_reg_reg[131]/Q (HIGH)

 There are 16 register/latch pins with no clock driven by root clock pin: my_clock_divider/r_reg_reg[132]/Q (HIGH)

 There are 16 register/latch pins with no clock driven by root clock pin: my_clock_divider/r_reg_reg[133]/Q (HIGH)

 There are 16 register/latch pins with no clock driven by root clock pin: my_clock_divider/r_reg_reg[134]/Q (HIGH)

 There are 16 register/latch pins with no clock driven by root clock pin: my_clock_divider/r_reg_reg[135]/Q (HIGH)

 There are 16 register/latch pins with no clock driven by root clock pin: my_clock_divider/r_reg_reg[136]/Q (HIGH)

 There are 16 register/latch pins with no clock driven by root clock pin: my_clock_divider/r_reg_reg[137]/Q (HIGH)

 There are 16 register/latch pins with no clock driven by root clock pin: my_clock_divider/r_reg_reg[138]/Q (HIGH)

 There are 16 register/latch pins with no clock driven by root clock pin: my_clock_divider/r_reg_reg[139]/Q (HIGH)

 There are 16 register/latch pins with no clock driven by root clock pin: my_clock_divider/r_reg_reg[13]/Q (HIGH)

 There are 16 register/latch pins with no clock driven by root clock pin: my_clock_divider/r_reg_reg[140]/Q (HIGH)

 There are 16 register/latch pins with no clock driven by root clock pin: my_clock_divider/r_reg_reg[141]/Q (HIGH)

 There are 16 register/latch pins with no clock driven by root clock pin: my_clock_divider/r_reg_reg[142]/Q (HIGH)

 There are 16 register/latch pins with no clock driven by root clock pin: my_clock_divider/r_reg_reg[143]/Q (HIGH)

 There are 16 register/latch pins with no clock driven by root clock pin: my_clock_divider/r_reg_reg[144]/Q (HIGH)

 There are 16 register/latch pins with no clock driven by root clock pin: my_clock_divider/r_reg_reg[145]/Q (HIGH)

 There are 16 register/latch pins with no clock driven by root clock pin: my_clock_divider/r_reg_reg[146]/Q (HIGH)

 There are 16 register/latch pins with no clock driven by root clock pin: my_clock_divider/r_reg_reg[147]/Q (HIGH)

 There are 16 register/latch pins with no clock driven by root clock pin: my_clock_divider/r_reg_reg[148]/Q (HIGH)

 There are 16 register/latch pins with no clock driven by root clock pin: my_clock_divider/r_reg_reg[149]/Q (HIGH)

 There are 16 register/latch pins with no clock driven by root clock pin: my_clock_divider/r_reg_reg[14]/Q (HIGH)

 There are 16 register/latch pins with no clock driven by root clock pin: my_clock_divider/r_reg_reg[150]/Q (HIGH)

 There are 16 register/latch pins with no clock driven by root clock pin: my_clock_divider/r_reg_reg[151]/Q (HIGH)

 There are 16 register/latch pins with no clock driven by root clock pin: my_clock_divider/r_reg_reg[152]/Q (HIGH)

 There are 16 register/latch pins with no clock driven by root clock pin: my_clock_divider/r_reg_reg[153]/Q (HIGH)

 There are 16 register/latch pins with no clock driven by root clock pin: my_clock_divider/r_reg_reg[154]/Q (HIGH)

 There are 16 register/latch pins with no clock driven by root clock pin: my_clock_divider/r_reg_reg[155]/Q (HIGH)

 There are 16 register/latch pins with no clock driven by root clock pin: my_clock_divider/r_reg_reg[156]/Q (HIGH)

 There are 16 register/latch pins with no clock driven by root clock pin: my_clock_divider/r_reg_reg[157]/Q (HIGH)

 There are 16 register/latch pins with no clock driven by root clock pin: my_clock_divider/r_reg_reg[158]/Q (HIGH)

 There are 16 register/latch pins with no clock driven by root clock pin: my_clock_divider/r_reg_reg[159]/Q (HIGH)

 There are 16 register/latch pins with no clock driven by root clock pin: my_clock_divider/r_reg_reg[15]/Q (HIGH)

 There are 16 register/latch pins with no clock driven by root clock pin: my_clock_divider/r_reg_reg[160]/Q (HIGH)

 There are 16 register/latch pins with no clock driven by root clock pin: my_clock_divider/r_reg_reg[161]/Q (HIGH)

 There are 16 register/latch pins with no clock driven by root clock pin: my_clock_divider/r_reg_reg[162]/Q (HIGH)

 There are 16 register/latch pins with no clock driven by root clock pin: my_clock_divider/r_reg_reg[163]/Q (HIGH)

 There are 16 register/latch pins with no clock driven by root clock pin: my_clock_divider/r_reg_reg[164]/Q (HIGH)

 There are 16 register/latch pins with no clock driven by root clock pin: my_clock_divider/r_reg_reg[165]/Q (HIGH)

 There are 16 register/latch pins with no clock driven by root clock pin: my_clock_divider/r_reg_reg[166]/Q (HIGH)

 There are 16 register/latch pins with no clock driven by root clock pin: my_clock_divider/r_reg_reg[167]/Q (HIGH)

 There are 16 register/latch pins with no clock driven by root clock pin: my_clock_divider/r_reg_reg[168]/Q (HIGH)

 There are 16 register/latch pins with no clock driven by root clock pin: my_clock_divider/r_reg_reg[169]/Q (HIGH)

 There are 16 register/latch pins with no clock driven by root clock pin: my_clock_divider/r_reg_reg[16]/Q (HIGH)

 There are 16 register/latch pins with no clock driven by root clock pin: my_clock_divider/r_reg_reg[170]/Q (HIGH)

 There are 16 register/latch pins with no clock driven by root clock pin: my_clock_divider/r_reg_reg[171]/Q (HIGH)

 There are 16 register/latch pins with no clock driven by root clock pin: my_clock_divider/r_reg_reg[172]/Q (HIGH)

 There are 16 register/latch pins with no clock driven by root clock pin: my_clock_divider/r_reg_reg[173]/Q (HIGH)

 There are 16 register/latch pins with no clock driven by root clock pin: my_clock_divider/r_reg_reg[174]/Q (HIGH)

 There are 16 register/latch pins with no clock driven by root clock pin: my_clock_divider/r_reg_reg[175]/Q (HIGH)

 There are 16 register/latch pins with no clock driven by root clock pin: my_clock_divider/r_reg_reg[176]/Q (HIGH)

 There are 16 register/latch pins with no clock driven by root clock pin: my_clock_divider/r_reg_reg[177]/Q (HIGH)

 There are 16 register/latch pins with no clock driven by root clock pin: my_clock_divider/r_reg_reg[178]/Q (HIGH)

 There are 16 register/latch pins with no clock driven by root clock pin: my_clock_divider/r_reg_reg[179]/Q (HIGH)

 There are 16 register/latch pins with no clock driven by root clock pin: my_clock_divider/r_reg_reg[17]/Q (HIGH)

 There are 16 register/latch pins with no clock driven by root clock pin: my_clock_divider/r_reg_reg[180]/Q (HIGH)

 There are 16 register/latch pins with no clock driven by root clock pin: my_clock_divider/r_reg_reg[181]/Q (HIGH)

 There are 16 register/latch pins with no clock driven by root clock pin: my_clock_divider/r_reg_reg[182]/Q (HIGH)

 There are 16 register/latch pins with no clock driven by root clock pin: my_clock_divider/r_reg_reg[183]/Q (HIGH)

 There are 16 register/latch pins with no clock driven by root clock pin: my_clock_divider/r_reg_reg[184]/Q (HIGH)

 There are 16 register/latch pins with no clock driven by root clock pin: my_clock_divider/r_reg_reg[185]/Q (HIGH)

 There are 16 register/latch pins with no clock driven by root clock pin: my_clock_divider/r_reg_reg[186]/Q (HIGH)

 There are 16 register/latch pins with no clock driven by root clock pin: my_clock_divider/r_reg_reg[187]/Q (HIGH)

 There are 16 register/latch pins with no clock driven by root clock pin: my_clock_divider/r_reg_reg[188]/Q (HIGH)

 There are 16 register/latch pins with no clock driven by root clock pin: my_clock_divider/r_reg_reg[189]/Q (HIGH)

 There are 16 register/latch pins with no clock driven by root clock pin: my_clock_divider/r_reg_reg[18]/Q (HIGH)

 There are 16 register/latch pins with no clock driven by root clock pin: my_clock_divider/r_reg_reg[190]/Q (HIGH)

 There are 16 register/latch pins with no clock driven by root clock pin: my_clock_divider/r_reg_reg[191]/Q (HIGH)

 There are 16 register/latch pins with no clock driven by root clock pin: my_clock_divider/r_reg_reg[192]/Q (HIGH)

 There are 16 register/latch pins with no clock driven by root clock pin: my_clock_divider/r_reg_reg[193]/Q (HIGH)

 There are 16 register/latch pins with no clock driven by root clock pin: my_clock_divider/r_reg_reg[194]/Q (HIGH)

 There are 16 register/latch pins with no clock driven by root clock pin: my_clock_divider/r_reg_reg[195]/Q (HIGH)

 There are 16 register/latch pins with no clock driven by root clock pin: my_clock_divider/r_reg_reg[196]/Q (HIGH)

 There are 16 register/latch pins with no clock driven by root clock pin: my_clock_divider/r_reg_reg[197]/Q (HIGH)

 There are 16 register/latch pins with no clock driven by root clock pin: my_clock_divider/r_reg_reg[198]/Q (HIGH)

 There are 16 register/latch pins with no clock driven by root clock pin: my_clock_divider/r_reg_reg[199]/Q (HIGH)

 There are 16 register/latch pins with no clock driven by root clock pin: my_clock_divider/r_reg_reg[19]/Q (HIGH)

 There are 16 register/latch pins with no clock driven by root clock pin: my_clock_divider/r_reg_reg[200]/Q (HIGH)

 There are 16 register/latch pins with no clock driven by root clock pin: my_clock_divider/r_reg_reg[201]/Q (HIGH)

 There are 16 register/latch pins with no clock driven by root clock pin: my_clock_divider/r_reg_reg[202]/Q (HIGH)

 There are 16 register/latch pins with no clock driven by root clock pin: my_clock_divider/r_reg_reg[203]/Q (HIGH)

 There are 16 register/latch pins with no clock driven by root clock pin: my_clock_divider/r_reg_reg[204]/Q (HIGH)

 There are 16 register/latch pins with no clock driven by root clock pin: my_clock_divider/r_reg_reg[205]/Q (HIGH)

 There are 16 register/latch pins with no clock driven by root clock pin: my_clock_divider/r_reg_reg[206]/Q (HIGH)

 There are 16 register/latch pins with no clock driven by root clock pin: my_clock_divider/r_reg_reg[207]/Q (HIGH)

 There are 16 register/latch pins with no clock driven by root clock pin: my_clock_divider/r_reg_reg[208]/Q (HIGH)

 There are 16 register/latch pins with no clock driven by root clock pin: my_clock_divider/r_reg_reg[209]/Q (HIGH)

 There are 16 register/latch pins with no clock driven by root clock pin: my_clock_divider/r_reg_reg[20]/Q (HIGH)

 There are 16 register/latch pins with no clock driven by root clock pin: my_clock_divider/r_reg_reg[210]/Q (HIGH)

 There are 16 register/latch pins with no clock driven by root clock pin: my_clock_divider/r_reg_reg[211]/Q (HIGH)

 There are 16 register/latch pins with no clock driven by root clock pin: my_clock_divider/r_reg_reg[212]/Q (HIGH)

 There are 16 register/latch pins with no clock driven by root clock pin: my_clock_divider/r_reg_reg[213]/Q (HIGH)

 There are 16 register/latch pins with no clock driven by root clock pin: my_clock_divider/r_reg_reg[214]/Q (HIGH)

 There are 16 register/latch pins with no clock driven by root clock pin: my_clock_divider/r_reg_reg[215]/Q (HIGH)

 There are 16 register/latch pins with no clock driven by root clock pin: my_clock_divider/r_reg_reg[216]/Q (HIGH)

 There are 16 register/latch pins with no clock driven by root clock pin: my_clock_divider/r_reg_reg[217]/Q (HIGH)

 There are 16 register/latch pins with no clock driven by root clock pin: my_clock_divider/r_reg_reg[218]/Q (HIGH)

 There are 16 register/latch pins with no clock driven by root clock pin: my_clock_divider/r_reg_reg[219]/Q (HIGH)

 There are 16 register/latch pins with no clock driven by root clock pin: my_clock_divider/r_reg_reg[21]/Q (HIGH)

 There are 16 register/latch pins with no clock driven by root clock pin: my_clock_divider/r_reg_reg[220]/Q (HIGH)

 There are 16 register/latch pins with no clock driven by root clock pin: my_clock_divider/r_reg_reg[221]/Q (HIGH)

 There are 16 register/latch pins with no clock driven by root clock pin: my_clock_divider/r_reg_reg[222]/Q (HIGH)

 There are 16 register/latch pins with no clock driven by root clock pin: my_clock_divider/r_reg_reg[223]/Q (HIGH)

 There are 16 register/latch pins with no clock driven by root clock pin: my_clock_divider/r_reg_reg[224]/Q (HIGH)

 There are 16 register/latch pins with no clock driven by root clock pin: my_clock_divider/r_reg_reg[225]/Q (HIGH)

 There are 16 register/latch pins with no clock driven by root clock pin: my_clock_divider/r_reg_reg[226]/Q (HIGH)

 There are 16 register/latch pins with no clock driven by root clock pin: my_clock_divider/r_reg_reg[227]/Q (HIGH)

 There are 16 register/latch pins with no clock driven by root clock pin: my_clock_divider/r_reg_reg[228]/Q (HIGH)

 There are 16 register/latch pins with no clock driven by root clock pin: my_clock_divider/r_reg_reg[229]/Q (HIGH)

 There are 16 register/latch pins with no clock driven by root clock pin: my_clock_divider/r_reg_reg[22]/Q (HIGH)

 There are 16 register/latch pins with no clock driven by root clock pin: my_clock_divider/r_reg_reg[230]/Q (HIGH)

 There are 16 register/latch pins with no clock driven by root clock pin: my_clock_divider/r_reg_reg[231]/Q (HIGH)

 There are 16 register/latch pins with no clock driven by root clock pin: my_clock_divider/r_reg_reg[232]/Q (HIGH)

 There are 16 register/latch pins with no clock driven by root clock pin: my_clock_divider/r_reg_reg[233]/Q (HIGH)

 There are 16 register/latch pins with no clock driven by root clock pin: my_clock_divider/r_reg_reg[234]/Q (HIGH)

 There are 16 register/latch pins with no clock driven by root clock pin: my_clock_divider/r_reg_reg[235]/Q (HIGH)

 There are 16 register/latch pins with no clock driven by root clock pin: my_clock_divider/r_reg_reg[236]/Q (HIGH)

 There are 16 register/latch pins with no clock driven by root clock pin: my_clock_divider/r_reg_reg[237]/Q (HIGH)

 There are 16 register/latch pins with no clock driven by root clock pin: my_clock_divider/r_reg_reg[238]/Q (HIGH)

 There are 16 register/latch pins with no clock driven by root clock pin: my_clock_divider/r_reg_reg[239]/Q (HIGH)

 There are 16 register/latch pins with no clock driven by root clock pin: my_clock_divider/r_reg_reg[23]/Q (HIGH)

 There are 16 register/latch pins with no clock driven by root clock pin: my_clock_divider/r_reg_reg[240]/Q (HIGH)

 There are 16 register/latch pins with no clock driven by root clock pin: my_clock_divider/r_reg_reg[241]/Q (HIGH)

 There are 16 register/latch pins with no clock driven by root clock pin: my_clock_divider/r_reg_reg[242]/Q (HIGH)

 There are 16 register/latch pins with no clock driven by root clock pin: my_clock_divider/r_reg_reg[243]/Q (HIGH)

 There are 16 register/latch pins with no clock driven by root clock pin: my_clock_divider/r_reg_reg[244]/Q (HIGH)

 There are 16 register/latch pins with no clock driven by root clock pin: my_clock_divider/r_reg_reg[245]/Q (HIGH)

 There are 16 register/latch pins with no clock driven by root clock pin: my_clock_divider/r_reg_reg[246]/Q (HIGH)

 There are 16 register/latch pins with no clock driven by root clock pin: my_clock_divider/r_reg_reg[247]/Q (HIGH)

 There are 16 register/latch pins with no clock driven by root clock pin: my_clock_divider/r_reg_reg[248]/Q (HIGH)

 There are 16 register/latch pins with no clock driven by root clock pin: my_clock_divider/r_reg_reg[249]/Q (HIGH)

 There are 16 register/latch pins with no clock driven by root clock pin: my_clock_divider/r_reg_reg[24]/Q (HIGH)

 There are 16 register/latch pins with no clock driven by root clock pin: my_clock_divider/r_reg_reg[250]/Q (HIGH)

 There are 16 register/latch pins with no clock driven by root clock pin: my_clock_divider/r_reg_reg[251]/Q (HIGH)

 There are 16 register/latch pins with no clock driven by root clock pin: my_clock_divider/r_reg_reg[252]/Q (HIGH)

 There are 16 register/latch pins with no clock driven by root clock pin: my_clock_divider/r_reg_reg[253]/Q (HIGH)

 There are 16 register/latch pins with no clock driven by root clock pin: my_clock_divider/r_reg_reg[254]/Q (HIGH)

 There are 16 register/latch pins with no clock driven by root clock pin: my_clock_divider/r_reg_reg[255]/Q (HIGH)

 There are 16 register/latch pins with no clock driven by root clock pin: my_clock_divider/r_reg_reg[256]/Q (HIGH)

 There are 16 register/latch pins with no clock driven by root clock pin: my_clock_divider/r_reg_reg[257]/Q (HIGH)

 There are 16 register/latch pins with no clock driven by root clock pin: my_clock_divider/r_reg_reg[258]/Q (HIGH)

 There are 16 register/latch pins with no clock driven by root clock pin: my_clock_divider/r_reg_reg[259]/Q (HIGH)

 There are 16 register/latch pins with no clock driven by root clock pin: my_clock_divider/r_reg_reg[25]/Q (HIGH)

 There are 16 register/latch pins with no clock driven by root clock pin: my_clock_divider/r_reg_reg[260]/Q (HIGH)

 There are 16 register/latch pins with no clock driven by root clock pin: my_clock_divider/r_reg_reg[261]/Q (HIGH)

 There are 16 register/latch pins with no clock driven by root clock pin: my_clock_divider/r_reg_reg[262]/Q (HIGH)

 There are 16 register/latch pins with no clock driven by root clock pin: my_clock_divider/r_reg_reg[263]/Q (HIGH)

 There are 16 register/latch pins with no clock driven by root clock pin: my_clock_divider/r_reg_reg[264]/Q (HIGH)

 There are 16 register/latch pins with no clock driven by root clock pin: my_clock_divider/r_reg_reg[265]/Q (HIGH)

 There are 16 register/latch pins with no clock driven by root clock pin: my_clock_divider/r_reg_reg[266]/Q (HIGH)

 There are 16 register/latch pins with no clock driven by root clock pin: my_clock_divider/r_reg_reg[267]/Q (HIGH)

 There are 16 register/latch pins with no clock driven by root clock pin: my_clock_divider/r_reg_reg[268]/Q (HIGH)

 There are 16 register/latch pins with no clock driven by root clock pin: my_clock_divider/r_reg_reg[269]/Q (HIGH)

 There are 16 register/latch pins with no clock driven by root clock pin: my_clock_divider/r_reg_reg[26]/Q (HIGH)

 There are 16 register/latch pins with no clock driven by root clock pin: my_clock_divider/r_reg_reg[270]/Q (HIGH)

 There are 16 register/latch pins with no clock driven by root clock pin: my_clock_divider/r_reg_reg[271]/Q (HIGH)

 There are 16 register/latch pins with no clock driven by root clock pin: my_clock_divider/r_reg_reg[272]/Q (HIGH)

 There are 16 register/latch pins with no clock driven by root clock pin: my_clock_divider/r_reg_reg[273]/Q (HIGH)

 There are 16 register/latch pins with no clock driven by root clock pin: my_clock_divider/r_reg_reg[274]/Q (HIGH)

 There are 16 register/latch pins with no clock driven by root clock pin: my_clock_divider/r_reg_reg[275]/Q (HIGH)

 There are 16 register/latch pins with no clock driven by root clock pin: my_clock_divider/r_reg_reg[276]/Q (HIGH)

 There are 16 register/latch pins with no clock driven by root clock pin: my_clock_divider/r_reg_reg[277]/Q (HIGH)

 There are 16 register/latch pins with no clock driven by root clock pin: my_clock_divider/r_reg_reg[278]/Q (HIGH)

 There are 16 register/latch pins with no clock driven by root clock pin: my_clock_divider/r_reg_reg[279]/Q (HIGH)

 There are 16 register/latch pins with no clock driven by root clock pin: my_clock_divider/r_reg_reg[27]/Q (HIGH)

 There are 16 register/latch pins with no clock driven by root clock pin: my_clock_divider/r_reg_reg[280]/Q (HIGH)

 There are 16 register/latch pins with no clock driven by root clock pin: my_clock_divider/r_reg_reg[281]/Q (HIGH)

 There are 16 register/latch pins with no clock driven by root clock pin: my_clock_divider/r_reg_reg[282]/Q (HIGH)

 There are 16 register/latch pins with no clock driven by root clock pin: my_clock_divider/r_reg_reg[283]/Q (HIGH)

 There are 16 register/latch pins with no clock driven by root clock pin: my_clock_divider/r_reg_reg[284]/Q (HIGH)

 There are 16 register/latch pins with no clock driven by root clock pin: my_clock_divider/r_reg_reg[285]/Q (HIGH)

 There are 16 register/latch pins with no clock driven by root clock pin: my_clock_divider/r_reg_reg[286]/Q (HIGH)

 There are 16 register/latch pins with no clock driven by root clock pin: my_clock_divider/r_reg_reg[287]/Q (HIGH)

 There are 16 register/latch pins with no clock driven by root clock pin: my_clock_divider/r_reg_reg[288]/Q (HIGH)

 There are 16 register/latch pins with no clock driven by root clock pin: my_clock_divider/r_reg_reg[289]/Q (HIGH)

 There are 16 register/latch pins with no clock driven by root clock pin: my_clock_divider/r_reg_reg[28]/Q (HIGH)

 There are 16 register/latch pins with no clock driven by root clock pin: my_clock_divider/r_reg_reg[290]/Q (HIGH)

 There are 16 register/latch pins with no clock driven by root clock pin: my_clock_divider/r_reg_reg[291]/Q (HIGH)

 There are 16 register/latch pins with no clock driven by root clock pin: my_clock_divider/r_reg_reg[292]/Q (HIGH)

 There are 16 register/latch pins with no clock driven by root clock pin: my_clock_divider/r_reg_reg[293]/Q (HIGH)

 There are 16 register/latch pins with no clock driven by root clock pin: my_clock_divider/r_reg_reg[294]/Q (HIGH)

 There are 16 register/latch pins with no clock driven by root clock pin: my_clock_divider/r_reg_reg[295]/Q (HIGH)

 There are 16 register/latch pins with no clock driven by root clock pin: my_clock_divider/r_reg_reg[296]/Q (HIGH)

 There are 16 register/latch pins with no clock driven by root clock pin: my_clock_divider/r_reg_reg[297]/Q (HIGH)

 There are 16 register/latch pins with no clock driven by root clock pin: my_clock_divider/r_reg_reg[298]/Q (HIGH)

 There are 16 register/latch pins with no clock driven by root clock pin: my_clock_divider/r_reg_reg[299]/Q (HIGH)

 There are 16 register/latch pins with no clock driven by root clock pin: my_clock_divider/r_reg_reg[29]/Q (HIGH)

 There are 16 register/latch pins with no clock driven by root clock pin: my_clock_divider/r_reg_reg[2]/Q (HIGH)

 There are 16 register/latch pins with no clock driven by root clock pin: my_clock_divider/r_reg_reg[300]/Q (HIGH)

 There are 16 register/latch pins with no clock driven by root clock pin: my_clock_divider/r_reg_reg[301]/Q (HIGH)

 There are 16 register/latch pins with no clock driven by root clock pin: my_clock_divider/r_reg_reg[302]/Q (HIGH)

 There are 16 register/latch pins with no clock driven by root clock pin: my_clock_divider/r_reg_reg[303]/Q (HIGH)

 There are 16 register/latch pins with no clock driven by root clock pin: my_clock_divider/r_reg_reg[304]/Q (HIGH)

 There are 16 register/latch pins with no clock driven by root clock pin: my_clock_divider/r_reg_reg[305]/Q (HIGH)

 There are 16 register/latch pins with no clock driven by root clock pin: my_clock_divider/r_reg_reg[306]/Q (HIGH)

 There are 16 register/latch pins with no clock driven by root clock pin: my_clock_divider/r_reg_reg[307]/Q (HIGH)

 There are 16 register/latch pins with no clock driven by root clock pin: my_clock_divider/r_reg_reg[308]/Q (HIGH)

 There are 16 register/latch pins with no clock driven by root clock pin: my_clock_divider/r_reg_reg[309]/Q (HIGH)

 There are 16 register/latch pins with no clock driven by root clock pin: my_clock_divider/r_reg_reg[30]/Q (HIGH)

 There are 16 register/latch pins with no clock driven by root clock pin: my_clock_divider/r_reg_reg[310]/Q (HIGH)

 There are 16 register/latch pins with no clock driven by root clock pin: my_clock_divider/r_reg_reg[311]/Q (HIGH)

 There are 16 register/latch pins with no clock driven by root clock pin: my_clock_divider/r_reg_reg[312]/Q (HIGH)

 There are 16 register/latch pins with no clock driven by root clock pin: my_clock_divider/r_reg_reg[313]/Q (HIGH)

 There are 16 register/latch pins with no clock driven by root clock pin: my_clock_divider/r_reg_reg[314]/Q (HIGH)

 There are 16 register/latch pins with no clock driven by root clock pin: my_clock_divider/r_reg_reg[315]/Q (HIGH)

 There are 16 register/latch pins with no clock driven by root clock pin: my_clock_divider/r_reg_reg[316]/Q (HIGH)

 There are 16 register/latch pins with no clock driven by root clock pin: my_clock_divider/r_reg_reg[317]/Q (HIGH)

 There are 16 register/latch pins with no clock driven by root clock pin: my_clock_divider/r_reg_reg[318]/Q (HIGH)

 There are 16 register/latch pins with no clock driven by root clock pin: my_clock_divider/r_reg_reg[319]/Q (HIGH)

 There are 16 register/latch pins with no clock driven by root clock pin: my_clock_divider/r_reg_reg[31]/Q (HIGH)

 There are 16 register/latch pins with no clock driven by root clock pin: my_clock_divider/r_reg_reg[320]/Q (HIGH)

 There are 16 register/latch pins with no clock driven by root clock pin: my_clock_divider/r_reg_reg[321]/Q (HIGH)

 There are 16 register/latch pins with no clock driven by root clock pin: my_clock_divider/r_reg_reg[322]/Q (HIGH)

 There are 16 register/latch pins with no clock driven by root clock pin: my_clock_divider/r_reg_reg[323]/Q (HIGH)

 There are 16 register/latch pins with no clock driven by root clock pin: my_clock_divider/r_reg_reg[324]/Q (HIGH)

 There are 16 register/latch pins with no clock driven by root clock pin: my_clock_divider/r_reg_reg[325]/Q (HIGH)

 There are 16 register/latch pins with no clock driven by root clock pin: my_clock_divider/r_reg_reg[326]/Q (HIGH)

 There are 16 register/latch pins with no clock driven by root clock pin: my_clock_divider/r_reg_reg[327]/Q (HIGH)

 There are 16 register/latch pins with no clock driven by root clock pin: my_clock_divider/r_reg_reg[328]/Q (HIGH)

 There are 16 register/latch pins with no clock driven by root clock pin: my_clock_divider/r_reg_reg[329]/Q (HIGH)

 There are 16 register/latch pins with no clock driven by root clock pin: my_clock_divider/r_reg_reg[32]/Q (HIGH)

 There are 16 register/latch pins with no clock driven by root clock pin: my_clock_divider/r_reg_reg[330]/Q (HIGH)

 There are 16 register/latch pins with no clock driven by root clock pin: my_clock_divider/r_reg_reg[331]/Q (HIGH)

 There are 16 register/latch pins with no clock driven by root clock pin: my_clock_divider/r_reg_reg[332]/Q (HIGH)

 There are 16 register/latch pins with no clock driven by root clock pin: my_clock_divider/r_reg_reg[333]/Q (HIGH)

 There are 16 register/latch pins with no clock driven by root clock pin: my_clock_divider/r_reg_reg[334]/Q (HIGH)

 There are 16 register/latch pins with no clock driven by root clock pin: my_clock_divider/r_reg_reg[335]/Q (HIGH)

 There are 16 register/latch pins with no clock driven by root clock pin: my_clock_divider/r_reg_reg[336]/Q (HIGH)

 There are 16 register/latch pins with no clock driven by root clock pin: my_clock_divider/r_reg_reg[337]/Q (HIGH)

 There are 16 register/latch pins with no clock driven by root clock pin: my_clock_divider/r_reg_reg[338]/Q (HIGH)

 There are 16 register/latch pins with no clock driven by root clock pin: my_clock_divider/r_reg_reg[339]/Q (HIGH)

 There are 16 register/latch pins with no clock driven by root clock pin: my_clock_divider/r_reg_reg[33]/Q (HIGH)

 There are 16 register/latch pins with no clock driven by root clock pin: my_clock_divider/r_reg_reg[340]/Q (HIGH)

 There are 16 register/latch pins with no clock driven by root clock pin: my_clock_divider/r_reg_reg[341]/Q (HIGH)

 There are 16 register/latch pins with no clock driven by root clock pin: my_clock_divider/r_reg_reg[342]/Q (HIGH)

 There are 16 register/latch pins with no clock driven by root clock pin: my_clock_divider/r_reg_reg[343]/Q (HIGH)

 There are 16 register/latch pins with no clock driven by root clock pin: my_clock_divider/r_reg_reg[344]/Q (HIGH)

 There are 16 register/latch pins with no clock driven by root clock pin: my_clock_divider/r_reg_reg[345]/Q (HIGH)

 There are 16 register/latch pins with no clock driven by root clock pin: my_clock_divider/r_reg_reg[346]/Q (HIGH)

 There are 16 register/latch pins with no clock driven by root clock pin: my_clock_divider/r_reg_reg[347]/Q (HIGH)

 There are 16 register/latch pins with no clock driven by root clock pin: my_clock_divider/r_reg_reg[348]/Q (HIGH)

 There are 16 register/latch pins with no clock driven by root clock pin: my_clock_divider/r_reg_reg[349]/Q (HIGH)

 There are 16 register/latch pins with no clock driven by root clock pin: my_clock_divider/r_reg_reg[34]/Q (HIGH)

 There are 16 register/latch pins with no clock driven by root clock pin: my_clock_divider/r_reg_reg[350]/Q (HIGH)

 There are 16 register/latch pins with no clock driven by root clock pin: my_clock_divider/r_reg_reg[351]/Q (HIGH)

 There are 16 register/latch pins with no clock driven by root clock pin: my_clock_divider/r_reg_reg[352]/Q (HIGH)

 There are 16 register/latch pins with no clock driven by root clock pin: my_clock_divider/r_reg_reg[353]/Q (HIGH)

 There are 16 register/latch pins with no clock driven by root clock pin: my_clock_divider/r_reg_reg[354]/Q (HIGH)

 There are 16 register/latch pins with no clock driven by root clock pin: my_clock_divider/r_reg_reg[355]/Q (HIGH)

 There are 16 register/latch pins with no clock driven by root clock pin: my_clock_divider/r_reg_reg[356]/Q (HIGH)

 There are 16 register/latch pins with no clock driven by root clock pin: my_clock_divider/r_reg_reg[357]/Q (HIGH)

 There are 16 register/latch pins with no clock driven by root clock pin: my_clock_divider/r_reg_reg[358]/Q (HIGH)

 There are 16 register/latch pins with no clock driven by root clock pin: my_clock_divider/r_reg_reg[359]/Q (HIGH)

 There are 16 register/latch pins with no clock driven by root clock pin: my_clock_divider/r_reg_reg[35]/Q (HIGH)

 There are 16 register/latch pins with no clock driven by root clock pin: my_clock_divider/r_reg_reg[360]/Q (HIGH)

 There are 16 register/latch pins with no clock driven by root clock pin: my_clock_divider/r_reg_reg[361]/Q (HIGH)

 There are 16 register/latch pins with no clock driven by root clock pin: my_clock_divider/r_reg_reg[362]/Q (HIGH)

 There are 16 register/latch pins with no clock driven by root clock pin: my_clock_divider/r_reg_reg[363]/Q (HIGH)

 There are 16 register/latch pins with no clock driven by root clock pin: my_clock_divider/r_reg_reg[364]/Q (HIGH)

 There are 16 register/latch pins with no clock driven by root clock pin: my_clock_divider/r_reg_reg[365]/Q (HIGH)

 There are 16 register/latch pins with no clock driven by root clock pin: my_clock_divider/r_reg_reg[366]/Q (HIGH)

 There are 16 register/latch pins with no clock driven by root clock pin: my_clock_divider/r_reg_reg[367]/Q (HIGH)

 There are 16 register/latch pins with no clock driven by root clock pin: my_clock_divider/r_reg_reg[368]/Q (HIGH)

 There are 16 register/latch pins with no clock driven by root clock pin: my_clock_divider/r_reg_reg[369]/Q (HIGH)

 There are 16 register/latch pins with no clock driven by root clock pin: my_clock_divider/r_reg_reg[36]/Q (HIGH)

 There are 16 register/latch pins with no clock driven by root clock pin: my_clock_divider/r_reg_reg[370]/Q (HIGH)

 There are 16 register/latch pins with no clock driven by root clock pin: my_clock_divider/r_reg_reg[371]/Q (HIGH)

 There are 16 register/latch pins with no clock driven by root clock pin: my_clock_divider/r_reg_reg[372]/Q (HIGH)

 There are 16 register/latch pins with no clock driven by root clock pin: my_clock_divider/r_reg_reg[373]/Q (HIGH)

 There are 16 register/latch pins with no clock driven by root clock pin: my_clock_divider/r_reg_reg[374]/Q (HIGH)

 There are 16 register/latch pins with no clock driven by root clock pin: my_clock_divider/r_reg_reg[375]/Q (HIGH)

 There are 16 register/latch pins with no clock driven by root clock pin: my_clock_divider/r_reg_reg[376]/Q (HIGH)

 There are 16 register/latch pins with no clock driven by root clock pin: my_clock_divider/r_reg_reg[377]/Q (HIGH)

 There are 16 register/latch pins with no clock driven by root clock pin: my_clock_divider/r_reg_reg[378]/Q (HIGH)

 There are 16 register/latch pins with no clock driven by root clock pin: my_clock_divider/r_reg_reg[379]/Q (HIGH)

 There are 16 register/latch pins with no clock driven by root clock pin: my_clock_divider/r_reg_reg[37]/Q (HIGH)

 There are 16 register/latch pins with no clock driven by root clock pin: my_clock_divider/r_reg_reg[380]/Q (HIGH)

 There are 16 register/latch pins with no clock driven by root clock pin: my_clock_divider/r_reg_reg[381]/Q (HIGH)

 There are 16 register/latch pins with no clock driven by root clock pin: my_clock_divider/r_reg_reg[382]/Q (HIGH)

 There are 16 register/latch pins with no clock driven by root clock pin: my_clock_divider/r_reg_reg[383]/Q (HIGH)

 There are 16 register/latch pins with no clock driven by root clock pin: my_clock_divider/r_reg_reg[384]/Q (HIGH)

 There are 16 register/latch pins with no clock driven by root clock pin: my_clock_divider/r_reg_reg[385]/Q (HIGH)

 There are 16 register/latch pins with no clock driven by root clock pin: my_clock_divider/r_reg_reg[386]/Q (HIGH)

 There are 16 register/latch pins with no clock driven by root clock pin: my_clock_divider/r_reg_reg[387]/Q (HIGH)

 There are 16 register/latch pins with no clock driven by root clock pin: my_clock_divider/r_reg_reg[388]/Q (HIGH)

 There are 16 register/latch pins with no clock driven by root clock pin: my_clock_divider/r_reg_reg[389]/Q (HIGH)

 There are 16 register/latch pins with no clock driven by root clock pin: my_clock_divider/r_reg_reg[38]/Q (HIGH)

 There are 16 register/latch pins with no clock driven by root clock pin: my_clock_divider/r_reg_reg[390]/Q (HIGH)

 There are 16 register/latch pins with no clock driven by root clock pin: my_clock_divider/r_reg_reg[391]/Q (HIGH)

 There are 16 register/latch pins with no clock driven by root clock pin: my_clock_divider/r_reg_reg[392]/Q (HIGH)

 There are 16 register/latch pins with no clock driven by root clock pin: my_clock_divider/r_reg_reg[393]/Q (HIGH)

 There are 16 register/latch pins with no clock driven by root clock pin: my_clock_divider/r_reg_reg[394]/Q (HIGH)

 There are 16 register/latch pins with no clock driven by root clock pin: my_clock_divider/r_reg_reg[395]/Q (HIGH)

 There are 16 register/latch pins with no clock driven by root clock pin: my_clock_divider/r_reg_reg[396]/Q (HIGH)

 There are 16 register/latch pins with no clock driven by root clock pin: my_clock_divider/r_reg_reg[397]/Q (HIGH)

 There are 16 register/latch pins with no clock driven by root clock pin: my_clock_divider/r_reg_reg[398]/Q (HIGH)

 There are 16 register/latch pins with no clock driven by root clock pin: my_clock_divider/r_reg_reg[399]/Q (HIGH)

 There are 16 register/latch pins with no clock driven by root clock pin: my_clock_divider/r_reg_reg[39]/Q (HIGH)

 There are 16 register/latch pins with no clock driven by root clock pin: my_clock_divider/r_reg_reg[3]/Q (HIGH)

 There are 16 register/latch pins with no clock driven by root clock pin: my_clock_divider/r_reg_reg[400]/Q (HIGH)

 There are 16 register/latch pins with no clock driven by root clock pin: my_clock_divider/r_reg_reg[401]/Q (HIGH)

 There are 16 register/latch pins with no clock driven by root clock pin: my_clock_divider/r_reg_reg[402]/Q (HIGH)

 There are 16 register/latch pins with no clock driven by root clock pin: my_clock_divider/r_reg_reg[403]/Q (HIGH)

 There are 16 register/latch pins with no clock driven by root clock pin: my_clock_divider/r_reg_reg[404]/Q (HIGH)

 There are 16 register/latch pins with no clock driven by root clock pin: my_clock_divider/r_reg_reg[405]/Q (HIGH)

 There are 16 register/latch pins with no clock driven by root clock pin: my_clock_divider/r_reg_reg[406]/Q (HIGH)

 There are 16 register/latch pins with no clock driven by root clock pin: my_clock_divider/r_reg_reg[407]/Q (HIGH)

 There are 16 register/latch pins with no clock driven by root clock pin: my_clock_divider/r_reg_reg[408]/Q (HIGH)

 There are 16 register/latch pins with no clock driven by root clock pin: my_clock_divider/r_reg_reg[409]/Q (HIGH)

 There are 16 register/latch pins with no clock driven by root clock pin: my_clock_divider/r_reg_reg[40]/Q (HIGH)

 There are 16 register/latch pins with no clock driven by root clock pin: my_clock_divider/r_reg_reg[410]/Q (HIGH)

 There are 16 register/latch pins with no clock driven by root clock pin: my_clock_divider/r_reg_reg[411]/Q (HIGH)

 There are 16 register/latch pins with no clock driven by root clock pin: my_clock_divider/r_reg_reg[412]/Q (HIGH)

 There are 16 register/latch pins with no clock driven by root clock pin: my_clock_divider/r_reg_reg[413]/Q (HIGH)

 There are 16 register/latch pins with no clock driven by root clock pin: my_clock_divider/r_reg_reg[414]/Q (HIGH)

 There are 16 register/latch pins with no clock driven by root clock pin: my_clock_divider/r_reg_reg[415]/Q (HIGH)

 There are 16 register/latch pins with no clock driven by root clock pin: my_clock_divider/r_reg_reg[416]/Q (HIGH)

 There are 16 register/latch pins with no clock driven by root clock pin: my_clock_divider/r_reg_reg[417]/Q (HIGH)

 There are 16 register/latch pins with no clock driven by root clock pin: my_clock_divider/r_reg_reg[418]/Q (HIGH)

 There are 16 register/latch pins with no clock driven by root clock pin: my_clock_divider/r_reg_reg[419]/Q (HIGH)

 There are 16 register/latch pins with no clock driven by root clock pin: my_clock_divider/r_reg_reg[41]/Q (HIGH)

 There are 16 register/latch pins with no clock driven by root clock pin: my_clock_divider/r_reg_reg[420]/Q (HIGH)

 There are 16 register/latch pins with no clock driven by root clock pin: my_clock_divider/r_reg_reg[421]/Q (HIGH)

 There are 16 register/latch pins with no clock driven by root clock pin: my_clock_divider/r_reg_reg[422]/Q (HIGH)

 There are 16 register/latch pins with no clock driven by root clock pin: my_clock_divider/r_reg_reg[423]/Q (HIGH)

 There are 16 register/latch pins with no clock driven by root clock pin: my_clock_divider/r_reg_reg[424]/Q (HIGH)

 There are 16 register/latch pins with no clock driven by root clock pin: my_clock_divider/r_reg_reg[425]/Q (HIGH)

 There are 16 register/latch pins with no clock driven by root clock pin: my_clock_divider/r_reg_reg[426]/Q (HIGH)

 There are 16 register/latch pins with no clock driven by root clock pin: my_clock_divider/r_reg_reg[427]/Q (HIGH)

 There are 16 register/latch pins with no clock driven by root clock pin: my_clock_divider/r_reg_reg[428]/Q (HIGH)

 There are 16 register/latch pins with no clock driven by root clock pin: my_clock_divider/r_reg_reg[429]/Q (HIGH)

 There are 16 register/latch pins with no clock driven by root clock pin: my_clock_divider/r_reg_reg[42]/Q (HIGH)

 There are 16 register/latch pins with no clock driven by root clock pin: my_clock_divider/r_reg_reg[430]/Q (HIGH)

 There are 16 register/latch pins with no clock driven by root clock pin: my_clock_divider/r_reg_reg[431]/Q (HIGH)

 There are 16 register/latch pins with no clock driven by root clock pin: my_clock_divider/r_reg_reg[432]/Q (HIGH)

 There are 16 register/latch pins with no clock driven by root clock pin: my_clock_divider/r_reg_reg[433]/Q (HIGH)

 There are 16 register/latch pins with no clock driven by root clock pin: my_clock_divider/r_reg_reg[434]/Q (HIGH)

 There are 16 register/latch pins with no clock driven by root clock pin: my_clock_divider/r_reg_reg[435]/Q (HIGH)

 There are 16 register/latch pins with no clock driven by root clock pin: my_clock_divider/r_reg_reg[436]/Q (HIGH)

 There are 16 register/latch pins with no clock driven by root clock pin: my_clock_divider/r_reg_reg[437]/Q (HIGH)

 There are 16 register/latch pins with no clock driven by root clock pin: my_clock_divider/r_reg_reg[438]/Q (HIGH)

 There are 16 register/latch pins with no clock driven by root clock pin: my_clock_divider/r_reg_reg[439]/Q (HIGH)

 There are 16 register/latch pins with no clock driven by root clock pin: my_clock_divider/r_reg_reg[43]/Q (HIGH)

 There are 16 register/latch pins with no clock driven by root clock pin: my_clock_divider/r_reg_reg[440]/Q (HIGH)

 There are 16 register/latch pins with no clock driven by root clock pin: my_clock_divider/r_reg_reg[441]/Q (HIGH)

 There are 16 register/latch pins with no clock driven by root clock pin: my_clock_divider/r_reg_reg[442]/Q (HIGH)

 There are 16 register/latch pins with no clock driven by root clock pin: my_clock_divider/r_reg_reg[443]/Q (HIGH)

 There are 16 register/latch pins with no clock driven by root clock pin: my_clock_divider/r_reg_reg[444]/Q (HIGH)

 There are 16 register/latch pins with no clock driven by root clock pin: my_clock_divider/r_reg_reg[445]/Q (HIGH)

 There are 16 register/latch pins with no clock driven by root clock pin: my_clock_divider/r_reg_reg[446]/Q (HIGH)

 There are 16 register/latch pins with no clock driven by root clock pin: my_clock_divider/r_reg_reg[447]/Q (HIGH)

 There are 16 register/latch pins with no clock driven by root clock pin: my_clock_divider/r_reg_reg[448]/Q (HIGH)

 There are 16 register/latch pins with no clock driven by root clock pin: my_clock_divider/r_reg_reg[449]/Q (HIGH)

 There are 16 register/latch pins with no clock driven by root clock pin: my_clock_divider/r_reg_reg[44]/Q (HIGH)

 There are 16 register/latch pins with no clock driven by root clock pin: my_clock_divider/r_reg_reg[450]/Q (HIGH)

 There are 16 register/latch pins with no clock driven by root clock pin: my_clock_divider/r_reg_reg[451]/Q (HIGH)

 There are 16 register/latch pins with no clock driven by root clock pin: my_clock_divider/r_reg_reg[452]/Q (HIGH)

 There are 16 register/latch pins with no clock driven by root clock pin: my_clock_divider/r_reg_reg[453]/Q (HIGH)

 There are 16 register/latch pins with no clock driven by root clock pin: my_clock_divider/r_reg_reg[454]/Q (HIGH)

 There are 16 register/latch pins with no clock driven by root clock pin: my_clock_divider/r_reg_reg[455]/Q (HIGH)

 There are 16 register/latch pins with no clock driven by root clock pin: my_clock_divider/r_reg_reg[456]/Q (HIGH)

 There are 16 register/latch pins with no clock driven by root clock pin: my_clock_divider/r_reg_reg[457]/Q (HIGH)

 There are 16 register/latch pins with no clock driven by root clock pin: my_clock_divider/r_reg_reg[458]/Q (HIGH)

 There are 16 register/latch pins with no clock driven by root clock pin: my_clock_divider/r_reg_reg[459]/Q (HIGH)

 There are 16 register/latch pins with no clock driven by root clock pin: my_clock_divider/r_reg_reg[45]/Q (HIGH)

 There are 16 register/latch pins with no clock driven by root clock pin: my_clock_divider/r_reg_reg[460]/Q (HIGH)

 There are 16 register/latch pins with no clock driven by root clock pin: my_clock_divider/r_reg_reg[461]/Q (HIGH)

 There are 16 register/latch pins with no clock driven by root clock pin: my_clock_divider/r_reg_reg[462]/Q (HIGH)

 There are 16 register/latch pins with no clock driven by root clock pin: my_clock_divider/r_reg_reg[463]/Q (HIGH)

 There are 16 register/latch pins with no clock driven by root clock pin: my_clock_divider/r_reg_reg[464]/Q (HIGH)

 There are 16 register/latch pins with no clock driven by root clock pin: my_clock_divider/r_reg_reg[465]/Q (HIGH)

 There are 16 register/latch pins with no clock driven by root clock pin: my_clock_divider/r_reg_reg[466]/Q (HIGH)

 There are 16 register/latch pins with no clock driven by root clock pin: my_clock_divider/r_reg_reg[467]/Q (HIGH)

 There are 16 register/latch pins with no clock driven by root clock pin: my_clock_divider/r_reg_reg[468]/Q (HIGH)

 There are 16 register/latch pins with no clock driven by root clock pin: my_clock_divider/r_reg_reg[469]/Q (HIGH)

 There are 16 register/latch pins with no clock driven by root clock pin: my_clock_divider/r_reg_reg[46]/Q (HIGH)

 There are 16 register/latch pins with no clock driven by root clock pin: my_clock_divider/r_reg_reg[470]/Q (HIGH)

 There are 16 register/latch pins with no clock driven by root clock pin: my_clock_divider/r_reg_reg[471]/Q (HIGH)

 There are 16 register/latch pins with no clock driven by root clock pin: my_clock_divider/r_reg_reg[472]/Q (HIGH)

 There are 16 register/latch pins with no clock driven by root clock pin: my_clock_divider/r_reg_reg[473]/Q (HIGH)

 There are 16 register/latch pins with no clock driven by root clock pin: my_clock_divider/r_reg_reg[474]/Q (HIGH)

 There are 16 register/latch pins with no clock driven by root clock pin: my_clock_divider/r_reg_reg[475]/Q (HIGH)

 There are 16 register/latch pins with no clock driven by root clock pin: my_clock_divider/r_reg_reg[476]/Q (HIGH)

 There are 16 register/latch pins with no clock driven by root clock pin: my_clock_divider/r_reg_reg[477]/Q (HIGH)

 There are 16 register/latch pins with no clock driven by root clock pin: my_clock_divider/r_reg_reg[478]/Q (HIGH)

 There are 16 register/latch pins with no clock driven by root clock pin: my_clock_divider/r_reg_reg[479]/Q (HIGH)

 There are 16 register/latch pins with no clock driven by root clock pin: my_clock_divider/r_reg_reg[47]/Q (HIGH)

 There are 16 register/latch pins with no clock driven by root clock pin: my_clock_divider/r_reg_reg[480]/Q (HIGH)

 There are 16 register/latch pins with no clock driven by root clock pin: my_clock_divider/r_reg_reg[481]/Q (HIGH)

 There are 16 register/latch pins with no clock driven by root clock pin: my_clock_divider/r_reg_reg[482]/Q (HIGH)

 There are 16 register/latch pins with no clock driven by root clock pin: my_clock_divider/r_reg_reg[483]/Q (HIGH)

 There are 16 register/latch pins with no clock driven by root clock pin: my_clock_divider/r_reg_reg[484]/Q (HIGH)

 There are 16 register/latch pins with no clock driven by root clock pin: my_clock_divider/r_reg_reg[485]/Q (HIGH)

 There are 16 register/latch pins with no clock driven by root clock pin: my_clock_divider/r_reg_reg[486]/Q (HIGH)

 There are 16 register/latch pins with no clock driven by root clock pin: my_clock_divider/r_reg_reg[487]/Q (HIGH)

 There are 16 register/latch pins with no clock driven by root clock pin: my_clock_divider/r_reg_reg[488]/Q (HIGH)

 There are 16 register/latch pins with no clock driven by root clock pin: my_clock_divider/r_reg_reg[489]/Q (HIGH)

 There are 16 register/latch pins with no clock driven by root clock pin: my_clock_divider/r_reg_reg[48]/Q (HIGH)

 There are 16 register/latch pins with no clock driven by root clock pin: my_clock_divider/r_reg_reg[490]/Q (HIGH)

 There are 16 register/latch pins with no clock driven by root clock pin: my_clock_divider/r_reg_reg[491]/Q (HIGH)

 There are 16 register/latch pins with no clock driven by root clock pin: my_clock_divider/r_reg_reg[492]/Q (HIGH)

 There are 16 register/latch pins with no clock driven by root clock pin: my_clock_divider/r_reg_reg[493]/Q (HIGH)

 There are 16 register/latch pins with no clock driven by root clock pin: my_clock_divider/r_reg_reg[494]/Q (HIGH)

 There are 16 register/latch pins with no clock driven by root clock pin: my_clock_divider/r_reg_reg[495]/Q (HIGH)

 There are 16 register/latch pins with no clock driven by root clock pin: my_clock_divider/r_reg_reg[496]/Q (HIGH)

 There are 16 register/latch pins with no clock driven by root clock pin: my_clock_divider/r_reg_reg[497]/Q (HIGH)

 There are 16 register/latch pins with no clock driven by root clock pin: my_clock_divider/r_reg_reg[498]/Q (HIGH)

 There are 16 register/latch pins with no clock driven by root clock pin: my_clock_divider/r_reg_reg[499]/Q (HIGH)

 There are 16 register/latch pins with no clock driven by root clock pin: my_clock_divider/r_reg_reg[49]/Q (HIGH)

 There are 16 register/latch pins with no clock driven by root clock pin: my_clock_divider/r_reg_reg[4]/Q (HIGH)

 There are 16 register/latch pins with no clock driven by root clock pin: my_clock_divider/r_reg_reg[50]/Q (HIGH)

 There are 16 register/latch pins with no clock driven by root clock pin: my_clock_divider/r_reg_reg[51]/Q (HIGH)

 There are 16 register/latch pins with no clock driven by root clock pin: my_clock_divider/r_reg_reg[52]/Q (HIGH)

 There are 16 register/latch pins with no clock driven by root clock pin: my_clock_divider/r_reg_reg[53]/Q (HIGH)

 There are 16 register/latch pins with no clock driven by root clock pin: my_clock_divider/r_reg_reg[54]/Q (HIGH)

 There are 16 register/latch pins with no clock driven by root clock pin: my_clock_divider/r_reg_reg[55]/Q (HIGH)

 There are 16 register/latch pins with no clock driven by root clock pin: my_clock_divider/r_reg_reg[56]/Q (HIGH)

 There are 16 register/latch pins with no clock driven by root clock pin: my_clock_divider/r_reg_reg[57]/Q (HIGH)

 There are 16 register/latch pins with no clock driven by root clock pin: my_clock_divider/r_reg_reg[58]/Q (HIGH)

 There are 16 register/latch pins with no clock driven by root clock pin: my_clock_divider/r_reg_reg[59]/Q (HIGH)

 There are 16 register/latch pins with no clock driven by root clock pin: my_clock_divider/r_reg_reg[5]/Q (HIGH)

 There are 16 register/latch pins with no clock driven by root clock pin: my_clock_divider/r_reg_reg[60]/Q (HIGH)

 There are 16 register/latch pins with no clock driven by root clock pin: my_clock_divider/r_reg_reg[61]/Q (HIGH)

 There are 16 register/latch pins with no clock driven by root clock pin: my_clock_divider/r_reg_reg[62]/Q (HIGH)

 There are 16 register/latch pins with no clock driven by root clock pin: my_clock_divider/r_reg_reg[63]/Q (HIGH)

 There are 16 register/latch pins with no clock driven by root clock pin: my_clock_divider/r_reg_reg[64]/Q (HIGH)

 There are 16 register/latch pins with no clock driven by root clock pin: my_clock_divider/r_reg_reg[65]/Q (HIGH)

 There are 16 register/latch pins with no clock driven by root clock pin: my_clock_divider/r_reg_reg[66]/Q (HIGH)

 There are 16 register/latch pins with no clock driven by root clock pin: my_clock_divider/r_reg_reg[67]/Q (HIGH)

 There are 16 register/latch pins with no clock driven by root clock pin: my_clock_divider/r_reg_reg[68]/Q (HIGH)

 There are 16 register/latch pins with no clock driven by root clock pin: my_clock_divider/r_reg_reg[69]/Q (HIGH)

 There are 16 register/latch pins with no clock driven by root clock pin: my_clock_divider/r_reg_reg[6]/Q (HIGH)

 There are 16 register/latch pins with no clock driven by root clock pin: my_clock_divider/r_reg_reg[70]/Q (HIGH)

 There are 16 register/latch pins with no clock driven by root clock pin: my_clock_divider/r_reg_reg[71]/Q (HIGH)

 There are 16 register/latch pins with no clock driven by root clock pin: my_clock_divider/r_reg_reg[72]/Q (HIGH)

 There are 16 register/latch pins with no clock driven by root clock pin: my_clock_divider/r_reg_reg[73]/Q (HIGH)

 There are 16 register/latch pins with no clock driven by root clock pin: my_clock_divider/r_reg_reg[74]/Q (HIGH)

 There are 16 register/latch pins with no clock driven by root clock pin: my_clock_divider/r_reg_reg[75]/Q (HIGH)

 There are 16 register/latch pins with no clock driven by root clock pin: my_clock_divider/r_reg_reg[76]/Q (HIGH)

 There are 16 register/latch pins with no clock driven by root clock pin: my_clock_divider/r_reg_reg[77]/Q (HIGH)

 There are 16 register/latch pins with no clock driven by root clock pin: my_clock_divider/r_reg_reg[78]/Q (HIGH)

 There are 16 register/latch pins with no clock driven by root clock pin: my_clock_divider/r_reg_reg[79]/Q (HIGH)

 There are 16 register/latch pins with no clock driven by root clock pin: my_clock_divider/r_reg_reg[7]/Q (HIGH)

 There are 16 register/latch pins with no clock driven by root clock pin: my_clock_divider/r_reg_reg[80]/Q (HIGH)

 There are 16 register/latch pins with no clock driven by root clock pin: my_clock_divider/r_reg_reg[81]/Q (HIGH)

 There are 16 register/latch pins with no clock driven by root clock pin: my_clock_divider/r_reg_reg[82]/Q (HIGH)

 There are 16 register/latch pins with no clock driven by root clock pin: my_clock_divider/r_reg_reg[83]/Q (HIGH)

 There are 16 register/latch pins with no clock driven by root clock pin: my_clock_divider/r_reg_reg[84]/Q (HIGH)

 There are 16 register/latch pins with no clock driven by root clock pin: my_clock_divider/r_reg_reg[85]/Q (HIGH)

 There are 16 register/latch pins with no clock driven by root clock pin: my_clock_divider/r_reg_reg[86]/Q (HIGH)

 There are 16 register/latch pins with no clock driven by root clock pin: my_clock_divider/r_reg_reg[87]/Q (HIGH)

 There are 16 register/latch pins with no clock driven by root clock pin: my_clock_divider/r_reg_reg[88]/Q (HIGH)

 There are 16 register/latch pins with no clock driven by root clock pin: my_clock_divider/r_reg_reg[89]/Q (HIGH)

 There are 16 register/latch pins with no clock driven by root clock pin: my_clock_divider/r_reg_reg[8]/Q (HIGH)

 There are 16 register/latch pins with no clock driven by root clock pin: my_clock_divider/r_reg_reg[90]/Q (HIGH)

 There are 16 register/latch pins with no clock driven by root clock pin: my_clock_divider/r_reg_reg[91]/Q (HIGH)

 There are 16 register/latch pins with no clock driven by root clock pin: my_clock_divider/r_reg_reg[92]/Q (HIGH)

 There are 16 register/latch pins with no clock driven by root clock pin: my_clock_divider/r_reg_reg[93]/Q (HIGH)

 There are 16 register/latch pins with no clock driven by root clock pin: my_clock_divider/r_reg_reg[94]/Q (HIGH)

 There are 16 register/latch pins with no clock driven by root clock pin: my_clock_divider/r_reg_reg[95]/Q (HIGH)

 There are 16 register/latch pins with no clock driven by root clock pin: my_clock_divider/r_reg_reg[96]/Q (HIGH)

 There are 16 register/latch pins with no clock driven by root clock pin: my_clock_divider/r_reg_reg[97]/Q (HIGH)

 There are 16 register/latch pins with no clock driven by root clock pin: my_clock_divider/r_reg_reg[98]/Q (HIGH)

 There are 16 register/latch pins with no clock driven by root clock pin: my_clock_divider/r_reg_reg[99]/Q (HIGH)

 There are 16 register/latch pins with no clock driven by root clock pin: my_clock_divider/r_reg_reg[9]/Q (HIGH)


2. checking constant_clock (0)
------------------------------
 There are 0 register/latch pins with constant_clock.


3. checking pulse_width_clock (0)
---------------------------------
 There are 0 register/latch pins which need pulse_width check


4. checking unconstrained_internal_endpoints (18)
-------------------------------------------------
 There are 18 pins that are not constrained for maximum delay. (HIGH)

 There are 0 pins that are not constrained for maximum delay due to constant clock.


5. checking no_input_delay (2)
------------------------------
 There are 2 input ports with no input delay specified. (HIGH)

 There are 0 input ports with no input delay but user has a false path constraint.


6. checking no_output_delay (8)
-------------------------------
 There are 8 ports with no output delay specified. (HIGH)

 There are 0 ports with no output delay but user has a false path constraint

 There are 0 ports with no output delay but with a timing clock defined on it or propagating through it


7. checking multiple_clock (0)
------------------------------
 There are 0 register/latch pins with multiple clocks.


8. checking generated_clocks (0)
--------------------------------
 There are 0 generated clocks that are not connected to a clock source.


9. checking loops (0)
---------------------
 There are 0 combinational loops in the design.


10. checking partial_input_delay (0)
------------------------------------
 There are 0 input ports with partial input delay specified.


11. checking partial_output_delay (0)
-------------------------------------
 There are 0 ports with partial output delay specified.


12. checking latch_loops (0)
----------------------------
 There are 0 combinational latch loops in the design through latch input



------------------------------------------------------------------------------------------------
| Design Timing Summary
| ---------------------
------------------------------------------------------------------------------------------------

    WNS(ns)      TNS(ns)  TNS Failing Endpoints  TNS Total Endpoints      WHS(ns)      THS(ns)  THS Failing Endpoints  THS Total Endpoints     WPWS(ns)     TPWS(ns)  TPWS Failing Endpoints  TPWS Total Endpoints  
    -------      -------  ---------------------  -------------------      -------      -------  ---------------------  -------------------     --------     --------  ----------------------  --------------------  
     -6.090    -2021.519                    714                 1002        0.117        0.000                      0                 1002        4.500        0.000                       0                   502  


Timing constraints are not met.


------------------------------------------------------------------------------------------------
| Clock Summary
| -------------
------------------------------------------------------------------------------------------------

Clock        Waveform(ns)       Period(ns)      Frequency(MHz)
-----        ------------       ----------      --------------
sys_clk_pin  {0.000 5.000}      10.000          100.000         


------------------------------------------------------------------------------------------------
| Intra Clock Table
| -----------------
------------------------------------------------------------------------------------------------

Clock             WNS(ns)      TNS(ns)  TNS Failing Endpoints  TNS Total Endpoints      WHS(ns)      THS(ns)  THS Failing Endpoints  THS Total Endpoints     WPWS(ns)     TPWS(ns)  TPWS Failing Endpoints  TPWS Total Endpoints  
-----             -------      -------  ---------------------  -------------------      -------      -------  ---------------------  -------------------     --------     --------  ----------------------  --------------------  
sys_clk_pin        -6.090    -2021.519                    714                 1002        0.117        0.000                      0                 1002        4.500        0.000                       0                   502  


------------------------------------------------------------------------------------------------
| Inter Clock Table
| -----------------
------------------------------------------------------------------------------------------------

From Clock    To Clock          WNS(ns)      TNS(ns)  TNS Failing Endpoints  TNS Total Endpoints      WHS(ns)      THS(ns)  THS Failing Endpoints  THS Total Endpoints  
----------    --------          -------      -------  ---------------------  -------------------      -------      -------  ---------------------  -------------------  


------------------------------------------------------------------------------------------------
| Other Path Groups Table
| -----------------------
------------------------------------------------------------------------------------------------

Path Group    From Clock    To Clock          WNS(ns)      TNS(ns)  TNS Failing Endpoints  TNS Total Endpoints      WHS(ns)      THS(ns)  THS Failing Endpoints  THS Total Endpoints  
----------    ----------    --------          -------      -------  ---------------------  -------------------      -------      -------  ---------------------  -------------------  


------------------------------------------------------------------------------------------------
| User Ignored Path Table
| -----------------------
------------------------------------------------------------------------------------------------

Path Group    From Clock    To Clock    
----------    ----------    --------    


------------------------------------------------------------------------------------------------
| Unconstrained Path Table
| ------------------------
------------------------------------------------------------------------------------------------

Path Group    From Clock    To Clock    
----------    ----------    --------    
(none)                                    


------------------------------------------------------------------------------------------------
| Timing Details
| --------------
------------------------------------------------------------------------------------------------


---------------------------------------------------------------------------------------------------
From Clock:  sys_clk_pin
  To Clock:  sys_clk_pin

Setup :          714  Failing Endpoints,  Worst Slack       -6.090ns,  Total Violation    -2021.519ns
Hold  :            0  Failing Endpoints,  Worst Slack        0.117ns,  Total Violation        0.000ns
PW    :            0  Failing Endpoints,  Worst Slack        4.500ns,  Total Violation        0.000ns
---------------------------------------------------------------------------------------------------


Max Delay Paths
--------------------------------------------------------------------------------------
Slack (VIOLATED) :        -6.090ns  (required time - arrival time)
  Source:                 my_clock_divider/r_reg_reg[1]/C
                            (rising edge-triggered cell FDRE clocked by sys_clk_pin  {rise@0.000ns fall@5.000ns period=10.000ns})
  Destination:            my_clock_divider/r_reg_reg[497]/D
                            (rising edge-triggered cell FDRE clocked by sys_clk_pin  {rise@0.000ns fall@5.000ns period=10.000ns})
  Path Group:             sys_clk_pin
  Path Type:              Setup (Max at Slow Process Corner)
  Requirement:            10.000ns  (sys_clk_pin rise@10.000ns - sys_clk_pin rise@0.000ns)
  Data Path Delay:        15.814ns  (logic 15.486ns (97.926%)  route 0.328ns (2.074%))
  Logic Levels:           125  (CARRY4=125)
  Clock Path Skew:        -0.303ns (DCD - SCD + CPR)
    Destination Clock Delay (DCD):    5.010ns = ( 15.010 - 10.000 ) 
    Source Clock Delay      (SCD):    5.493ns
    Clock Pessimism Removal (CPR):    0.180ns
  Clock Uncertainty:      0.035ns  ((TSJ^2 + TIJ^2)^1/2 + DJ) / 2 + PE
    Total System Jitter     (TSJ):    0.071ns
    Total Input Jitter      (TIJ):    0.000ns
    Discrete Jitter          (DJ):    0.000ns
    Phase Error              (PE):    0.000ns

    Location             Delay type                Incr(ns)  Path(ns)    Netlist Resource(s)
  -------------------------------------------------------------------    -------------------
                         (clock sys_clk_pin rise edge)
                                                      0.000     0.000 r  
    E3                                                0.000     0.000 r  clk (IN)
                         net (fo=0)                   0.000     0.000    clk
    E3                   IBUF (Prop_ibuf_I_O)         1.482     1.482 r  clk_IBUF_inst/O
                         net (fo=1, routed)           2.025     3.506    clk_IBUF
    BUFGCTRL_X0Y16       BUFG (Prop_bufg_I_O)         0.096     3.602 r  clk_IBUF_BUFG_inst/O
                         net (fo=501, routed)         1.890     5.493    my_clock_divider/clk
    SLICE_X1Y17          FDRE                                         r  my_clock_divider/r_reg_reg[1]/C
  -------------------------------------------------------------------    -------------------
    SLICE_X1Y17          FDRE (Prop_fdre_C_Q)         0.456     5.949 r  my_clock_divider/r_reg_reg[1]/Q
                         net (fo=1, routed)           0.300     6.248    my_clock_divider/r_reg_reg[1]
    SLICE_X0Y18          CARRY4 (Prop_carry4_S[1]_CO[3])
                                                      0.674     6.922 r  my_clock_divider/r_reg_reg[0]_i_1/CO[3]
                         net (fo=1, routed)           0.000     6.922    my_clock_divider/r_reg_reg[0]_i_1_n_0
    SLICE_X0Y19          CARRY4 (Prop_carry4_CI_CO[3])
                                                      0.114     7.036 r  my_clock_divider/r_reg_reg[4]_i_1/CO[3]
                         net (fo=1, routed)           0.000     7.036    my_clock_divider/r_reg_reg[4]_i_1_n_0
    SLICE_X0Y20          CARRY4 (Prop_carry4_CI_CO[3])
                                                      0.114     7.150 r  my_clock_divider/r_reg_reg[8]_i_1/CO[3]
                         net (fo=1, routed)           0.000     7.150    my_clock_divider/r_reg_reg[8]_i_1_n_0
    SLICE_X0Y21          CARRY4 (Prop_carry4_CI_CO[3])
                                                      0.114     7.264 r  my_clock_divider/r_reg_reg[12]_i_1/CO[3]
                         net (fo=1, routed)           0.000     7.264    my_clock_divider/r_reg_reg[12]_i_1_n_0
    SLICE_X0Y22          CARRY4 (Prop_carry4_CI_CO[3])
                                                      0.114     7.378 r  my_clock_divider/r_reg_reg[16]_i_1/CO[3]
                         net (fo=1, routed)           0.000     7.378    my_clock_divider/r_reg_reg[16]_i_1_n_0
    SLICE_X0Y23          CARRY4 (Prop_carry4_CI_CO[3])
                                                      0.114     7.492 r  my_clock_divider/r_reg_reg[20]_i_1/CO[3]
                         net (fo=1, routed)           0.000     7.492    my_clock_divider/r_reg_reg[20]_i_1_n_0
    SLICE_X0Y24          CARRY4 (Prop_carry4_CI_CO[3])
                                                      0.114     7.606 r  my_clock_divider/r_reg_reg[24]_i_1/CO[3]
                         net (fo=1, routed)           0.009     7.615    my_clock_divider/r_reg_reg[24]_i_1_n_0
    SLICE_X0Y25          CARRY4 (Prop_carry4_CI_CO[3])
                                                      0.114     7.729 r  my_clock_divider/r_reg_reg[28]_i_1/CO[3]
                         net (fo=1, routed)           0.000     7.729    my_clock_divider/r_reg_reg[28]_i_1_n_0
    SLICE_X0Y26          CARRY4 (Prop_carry4_CI_CO[3])
                                                      0.114     7.843 r  my_clock_divider/r_reg_reg[32]_i_1/CO[3]
                         net (fo=1, routed)           0.000     7.843    my_clock_divider/r_reg_reg[32]_i_1_n_0
    SLICE_X0Y27          CARRY4 (Prop_carry4_CI_CO[3])
                                                      0.114     7.957 r  my_clock_divider/r_reg_reg[36]_i_1/CO[3]
                         net (fo=1, routed)           0.000     7.957    my_clock_divider/r_reg_reg[36]_i_1_n_0
    SLICE_X0Y28          CARRY4 (Prop_carry4_CI_CO[3])
                                                      0.114     8.071 r  my_clock_divider/r_reg_reg[40]_i_1/CO[3]
                         net (fo=1, routed)           0.000     8.071    my_clock_divider/r_reg_reg[40]_i_1_n_0
    SLICE_X0Y29          CARRY4 (Prop_carry4_CI_CO[3])
                                                      0.114     8.185 r  my_clock_divider/r_reg_reg[44]_i_1/CO[3]
                         net (fo=1, routed)           0.000     8.185    my_clock_divider/r_reg_reg[44]_i_1_n_0
    SLICE_X0Y30          CARRY4 (Prop_carry4_CI_CO[3])
                                                      0.114     8.299 r  my_clock_divider/r_reg_reg[48]_i_1/CO[3]
                         net (fo=1, routed)           0.000     8.299    my_clock_divider/r_reg_reg[48]_i_1_n_0
    SLICE_X0Y31          CARRY4 (Prop_carry4_CI_CO[3])
                                                      0.114     8.413 r  my_clock_divider/r_reg_reg[52]_i_1/CO[3]
                         net (fo=1, routed)           0.000     8.413    my_clock_divider/r_reg_reg[52]_i_1_n_0
    SLICE_X0Y32          CARRY4 (Prop_carry4_CI_CO[3])
                                                      0.114     8.527 r  my_clock_divider/r_reg_reg[56]_i_1/CO[3]
                         net (fo=1, routed)           0.000     8.527    my_clock_divider/r_reg_reg[56]_i_1_n_0
    SLICE_X0Y33          CARRY4 (Prop_carry4_CI_CO[3])
                                                      0.114     8.641 r  my_clock_divider/r_reg_reg[60]_i_1/CO[3]
                         net (fo=1, routed)           0.000     8.641    my_clock_divider/r_reg_reg[60]_i_1_n_0
    SLICE_X0Y34          CARRY4 (Prop_carry4_CI_CO[3])
                                                      0.114     8.755 r  my_clock_divider/r_reg_reg[64]_i_1/CO[3]
                         net (fo=1, routed)           0.000     8.755    my_clock_divider/r_reg_reg[64]_i_1_n_0
    SLICE_X0Y35          CARRY4 (Prop_carry4_CI_CO[3])
                                                      0.114     8.869 r  my_clock_divider/r_reg_reg[68]_i_1/CO[3]
                         net (fo=1, routed)           0.000     8.869    my_clock_divider/r_reg_reg[68]_i_1_n_0
    SLICE_X0Y36          CARRY4 (Prop_carry4_CI_CO[3])
                                                      0.114     8.983 r  my_clock_divider/r_reg_reg[72]_i_1/CO[3]
                         net (fo=1, routed)           0.000     8.983    my_clock_divider/r_reg_reg[72]_i_1_n_0
    SLICE_X0Y37          CARRY4 (Prop_carry4_CI_CO[3])
                                                      0.114     9.097 r  my_clock_divider/r_reg_reg[76]_i_1/CO[3]
                         net (fo=1, routed)           0.000     9.097    my_clock_divider/r_reg_reg[76]_i_1_n_0
    SLICE_X0Y38          CARRY4 (Prop_carry4_CI_CO[3])
                                                      0.114     9.211 r  my_clock_divider/r_reg_reg[80]_i_1/CO[3]
                         net (fo=1, routed)           0.000     9.211    my_clock_divider/r_reg_reg[80]_i_1_n_0
    SLICE_X0Y39          CARRY4 (Prop_carry4_CI_CO[3])
                                                      0.114     9.325 r  my_clock_divider/r_reg_reg[84]_i_1/CO[3]
                         net (fo=1, routed)           0.000     9.325    my_clock_divider/r_reg_reg[84]_i_1_n_0
    SLICE_X0Y40          CARRY4 (Prop_carry4_CI_CO[3])
                                                      0.114     9.439 r  my_clock_divider/r_reg_reg[88]_i_1/CO[3]
                         net (fo=1, routed)           0.000     9.439    my_clock_divider/r_reg_reg[88]_i_1_n_0
    SLICE_X0Y41          CARRY4 (Prop_carry4_CI_CO[3])
                                                      0.114     9.553 r  my_clock_divider/r_reg_reg[92]_i_1/CO[3]
                         net (fo=1, routed)           0.000     9.553    my_clock_divider/r_reg_reg[92]_i_1_n_0
    SLICE_X0Y42          CARRY4 (Prop_carry4_CI_CO[3])
                                                      0.114     9.667 r  my_clock_divider/r_reg_reg[96]_i_1/CO[3]
                         net (fo=1, routed)           0.000     9.667    my_clock_divider/r_reg_reg[96]_i_1_n_0
    SLICE_X0Y43          CARRY4 (Prop_carry4_CI_CO[3])
                                                      0.114     9.781 r  my_clock_divider/r_reg_reg[100]_i_1/CO[3]
                         net (fo=1, routed)           0.000     9.781    my_clock_divider/r_reg_reg[100]_i_1_n_0
    SLICE_X0Y44          CARRY4 (Prop_carry4_CI_CO[3])
                                                      0.114     9.895 r  my_clock_divider/r_reg_reg[104]_i_1/CO[3]
                         net (fo=1, routed)           0.000     9.895    my_clock_divider/r_reg_reg[104]_i_1_n_0
    SLICE_X0Y45          CARRY4 (Prop_carry4_CI_CO[3])
                                                      0.114    10.009 r  my_clock_divider/r_reg_reg[108]_i_1/CO[3]
                         net (fo=1, routed)           0.000    10.009    my_clock_divider/r_reg_reg[108]_i_1_n_0
    SLICE_X0Y46          CARRY4 (Prop_carry4_CI_CO[3])
                                                      0.114    10.123 r  my_clock_divider/r_reg_reg[112]_i_1/CO[3]
                         net (fo=1, routed)           0.000    10.123    my_clock_divider/r_reg_reg[112]_i_1_n_0
    SLICE_X0Y47          CARRY4 (Prop_carry4_CI_CO[3])
                                                      0.114    10.237 r  my_clock_divider/r_reg_reg[116]_i_1/CO[3]
                         net (fo=1, routed)           0.000    10.237    my_clock_divider/r_reg_reg[116]_i_1_n_0
    SLICE_X0Y48          CARRY4 (Prop_carry4_CI_CO[3])
                                                      0.114    10.351 r  my_clock_divider/r_reg_reg[120]_i_1/CO[3]
                         net (fo=1, routed)           0.000    10.351    my_clock_divider/r_reg_reg[120]_i_1_n_0
    SLICE_X0Y49          CARRY4 (Prop_carry4_CI_CO[3])
                                                      0.114    10.465 r  my_clock_divider/r_reg_reg[124]_i_1/CO[3]
                         net (fo=1, routed)           0.001    10.466    my_clock_divider/r_reg_reg[124]_i_1_n_0
    SLICE_X0Y50          CARRY4 (Prop_carry4_CI_CO[3])
                                                      0.114    10.580 r  my_clock_divider/r_reg_reg[128]_i_1/CO[3]
                         net (fo=1, routed)           0.000    10.580    my_clock_divider/r_reg_reg[128]_i_1_n_0
    SLICE_X0Y51          CARRY4 (Prop_carry4_CI_CO[3])
                                                      0.114    10.694 r  my_clock_divider/r_reg_reg[132]_i_1/CO[3]
                         net (fo=1, routed)           0.000    10.694    my_clock_divider/r_reg_reg[132]_i_1_n_0
    SLICE_X0Y52          CARRY4 (Prop_carry4_CI_CO[3])
                                                      0.114    10.808 r  my_clock_divider/r_reg_reg[136]_i_1/CO[3]
                         net (fo=1, routed)           0.000    10.808    my_clock_divider/r_reg_reg[136]_i_1_n_0
    SLICE_X0Y53          CARRY4 (Prop_carry4_CI_CO[3])
                                                      0.114    10.922 r  my_clock_divider/r_reg_reg[140]_i_1/CO[3]
                         net (fo=1, routed)           0.000    10.922    my_clock_divider/r_reg_reg[140]_i_1_n_0
    SLICE_X0Y54          CARRY4 (Prop_carry4_CI_CO[3])
                                                      0.114    11.036 r  my_clock_divider/r_reg_reg[144]_i_1/CO[3]
                         net (fo=1, routed)           0.000    11.036    my_clock_divider/r_reg_reg[144]_i_1_n_0
    SLICE_X0Y55          CARRY4 (Prop_carry4_CI_CO[3])
                                                      0.114    11.150 r  my_clock_divider/r_reg_reg[148]_i_1/CO[3]
                         net (fo=1, routed)           0.000    11.150    my_clock_divider/r_reg_reg[148]_i_1_n_0
    SLICE_X0Y56          CARRY4 (Prop_carry4_CI_CO[3])
                                                      0.114    11.264 r  my_clock_divider/r_reg_reg[152]_i_1/CO[3]
                         net (fo=1, routed)           0.000    11.264    my_clock_divider/r_reg_reg[152]_i_1_n_0
    SLICE_X0Y57          CARRY4 (Prop_carry4_CI_CO[3])
                                                      0.114    11.378 r  my_clock_divider/r_reg_reg[156]_i_1/CO[3]
                         net (fo=1, routed)           0.000    11.378    my_clock_divider/r_reg_reg[156]_i_1_n_0
    SLICE_X0Y58          CARRY4 (Prop_carry4_CI_CO[3])
                                                      0.114    11.492 r  my_clock_divider/r_reg_reg[160]_i_1/CO[3]
                         net (fo=1, routed)           0.000    11.492    my_clock_divider/r_reg_reg[160]_i_1_n_0
    SLICE_X0Y59          CARRY4 (Prop_carry4_CI_CO[3])
                                                      0.114    11.606 r  my_clock_divider/r_reg_reg[164]_i_1/CO[3]
                         net (fo=1, routed)           0.000    11.606    my_clock_divider/r_reg_reg[164]_i_1_n_0
    SLICE_X0Y60          CARRY4 (Prop_carry4_CI_CO[3])
                                                      0.114    11.720 r  my_clock_divider/r_reg_reg[168]_i_1/CO[3]
                         net (fo=1, routed)           0.000    11.720    my_clock_divider/r_reg_reg[168]_i_1_n_0
    SLICE_X0Y61          CARRY4 (Prop_carry4_CI_CO[3])
                                                      0.114    11.834 r  my_clock_divider/r_reg_reg[172]_i_1/CO[3]
                         net (fo=1, routed)           0.000    11.834    my_clock_divider/r_reg_reg[172]_i_1_n_0
    SLICE_X0Y62          CARRY4 (Prop_carry4_CI_CO[3])
                                                      0.114    11.948 r  my_clock_divider/r_reg_reg[176]_i_1/CO[3]
                         net (fo=1, routed)           0.000    11.948    my_clock_divider/r_reg_reg[176]_i_1_n_0
    SLICE_X0Y63          CARRY4 (Prop_carry4_CI_CO[3])
                                                      0.114    12.062 r  my_clock_divider/r_reg_reg[180]_i_1/CO[3]
                         net (fo=1, routed)           0.000    12.062    my_clock_divider/r_reg_reg[180]_i_1_n_0
    SLICE_X0Y64          CARRY4 (Prop_carry4_CI_CO[3])
                                                      0.114    12.176 r  my_clock_divider/r_reg_reg[184]_i_1/CO[3]
                         net (fo=1, routed)           0.000    12.176    my_clock_divider/r_reg_reg[184]_i_1_n_0
    SLICE_X0Y65          CARRY4 (Prop_carry4_CI_CO[3])
                                                      0.114    12.290 r  my_clock_divider/r_reg_reg[188]_i_1/CO[3]
                         net (fo=1, routed)           0.000    12.290    my_clock_divider/r_reg_reg[188]_i_1_n_0
    SLICE_X0Y66          CARRY4 (Prop_carry4_CI_CO[3])
                                                      0.114    12.404 r  my_clock_divider/r_reg_reg[192]_i_1/CO[3]
                         net (fo=1, routed)           0.000    12.404    my_clock_divider/r_reg_reg[192]_i_1_n_0
    SLICE_X0Y67          CARRY4 (Prop_carry4_CI_CO[3])
                                                      0.114    12.518 r  my_clock_divider/r_reg_reg[196]_i_1/CO[3]
                         net (fo=1, routed)           0.000    12.518    my_clock_divider/r_reg_reg[196]_i_1_n_0
    SLICE_X0Y68          CARRY4 (Prop_carry4_CI_CO[3])
                                                      0.114    12.632 r  my_clock_divider/r_reg_reg[200]_i_1/CO[3]
                         net (fo=1, routed)           0.000    12.632    my_clock_divider/r_reg_reg[200]_i_1_n_0
    SLICE_X0Y69          CARRY4 (Prop_carry4_CI_CO[3])
                                                      0.114    12.746 r  my_clock_divider/r_reg_reg[204]_i_1/CO[3]
                         net (fo=1, routed)           0.000    12.746    my_clock_divider/r_reg_reg[204]_i_1_n_0
    SLICE_X0Y70          CARRY4 (Prop_carry4_CI_CO[3])
                                                      0.114    12.860 r  my_clock_divider/r_reg_reg[208]_i_1/CO[3]
                         net (fo=1, routed)           0.000    12.860    my_clock_divider/r_reg_reg[208]_i_1_n_0
    SLICE_X0Y71          CARRY4 (Prop_carry4_CI_CO[3])
                                                      0.114    12.974 r  my_clock_divider/r_reg_reg[212]_i_1/CO[3]
                         net (fo=1, routed)           0.000    12.974    my_clock_divider/r_reg_reg[212]_i_1_n_0
    SLICE_X0Y72          CARRY4 (Prop_carry4_CI_CO[3])
                                                      0.114    13.088 r  my_clock_divider/r_reg_reg[216]_i_1/CO[3]
                         net (fo=1, routed)           0.000    13.088    my_clock_divider/r_reg_reg[216]_i_1_n_0
    SLICE_X0Y73          CARRY4 (Prop_carry4_CI_CO[3])
                                                      0.114    13.202 r  my_clock_divider/r_reg_reg[220]_i_1/CO[3]
                         net (fo=1, routed)           0.000    13.202    my_clock_divider/r_reg_reg[220]_i_1_n_0
    SLICE_X0Y74          CARRY4 (Prop_carry4_CI_CO[3])
                                                      0.114    13.316 r  my_clock_divider/r_reg_reg[224]_i_1/CO[3]
                         net (fo=1, routed)           0.009    13.325    my_clock_divider/r_reg_reg[224]_i_1_n_0
    SLICE_X0Y75          CARRY4 (Prop_carry4_CI_CO[3])
                                                      0.114    13.439 r  my_clock_divider/r_reg_reg[228]_i_1/CO[3]
                         net (fo=1, routed)           0.000    13.439    my_clock_divider/r_reg_reg[228]_i_1_n_0
    SLICE_X0Y76          CARRY4 (Prop_carry4_CI_CO[3])
                                                      0.114    13.553 r  my_clock_divider/r_reg_reg[232]_i_1/CO[3]
                         net (fo=1, routed)           0.000    13.553    my_clock_divider/r_reg_reg[232]_i_1_n_0
    SLICE_X0Y77          CARRY4 (Prop_carry4_CI_CO[3])
                                                      0.114    13.667 r  my_clock_divider/r_reg_reg[236]_i_1/CO[3]
                         net (fo=1, routed)           0.000    13.667    my_clock_divider/r_reg_reg[236]_i_1_n_0
    SLICE_X0Y78          CARRY4 (Prop_carry4_CI_CO[3])
                                                      0.114    13.781 r  my_clock_divider/r_reg_reg[240]_i_1/CO[3]
                         net (fo=1, routed)           0.000    13.781    my_clock_divider/r_reg_reg[240]_i_1_n_0
    SLICE_X0Y79          CARRY4 (Prop_carry4_CI_CO[3])
                                                      0.114    13.895 r  my_clock_divider/r_reg_reg[244]_i_1/CO[3]
                         net (fo=1, routed)           0.000    13.895    my_clock_divider/r_reg_reg[244]_i_1_n_0
    SLICE_X0Y80          CARRY4 (Prop_carry4_CI_CO[3])
                                                      0.114    14.009 r  my_clock_divider/r_reg_reg[248]_i_1/CO[3]
                         net (fo=1, routed)           0.000    14.009    my_clock_divider/r_reg_reg[248]_i_1_n_0
    SLICE_X0Y81          CARRY4 (Prop_carry4_CI_CO[3])
                                                      0.114    14.123 r  my_clock_divider/r_reg_reg[252]_i_1/CO[3]
                         net (fo=1, routed)           0.000    14.123    my_clock_divider/r_reg_reg[252]_i_1_n_0
    SLICE_X0Y82          CARRY4 (Prop_carry4_CI_CO[3])
                                                      0.114    14.237 r  my_clock_divider/r_reg_reg[256]_i_1/CO[3]
                         net (fo=1, routed)           0.000    14.237    my_clock_divider/r_reg_reg[256]_i_1_n_0
    SLICE_X0Y83          CARRY4 (Prop_carry4_CI_CO[3])
                                                      0.114    14.351 r  my_clock_divider/r_reg_reg[260]_i_1/CO[3]
                         net (fo=1, routed)           0.000    14.351    my_clock_divider/r_reg_reg[260]_i_1_n_0
    SLICE_X0Y84          CARRY4 (Prop_carry4_CI_CO[3])
                                                      0.114    14.465 r  my_clock_divider/r_reg_reg[264]_i_1/CO[3]
                         net (fo=1, routed)           0.000    14.465    my_clock_divider/r_reg_reg[264]_i_1_n_0
    SLICE_X0Y85          CARRY4 (Prop_carry4_CI_CO[3])
                                                      0.114    14.579 r  my_clock_divider/r_reg_reg[268]_i_1/CO[3]
                         net (fo=1, routed)           0.000    14.579    my_clock_divider/r_reg_reg[268]_i_1_n_0
    SLICE_X0Y86          CARRY4 (Prop_carry4_CI_CO[3])
                                                      0.114    14.693 r  my_clock_divider/r_reg_reg[272]_i_1/CO[3]
                         net (fo=1, routed)           0.000    14.693    my_clock_divider/r_reg_reg[272]_i_1_n_0
    SLICE_X0Y87          CARRY4 (Prop_carry4_CI_CO[3])
                                                      0.114    14.807 r  my_clock_divider/r_reg_reg[276]_i_1/CO[3]
                         net (fo=1, routed)           0.000    14.807    my_clock_divider/r_reg_reg[276]_i_1_n_0
    SLICE_X0Y88          CARRY4 (Prop_carry4_CI_CO[3])
                                                      0.114    14.921 r  my_clock_divider/r_reg_reg[280]_i_1/CO[3]
                         net (fo=1, routed)           0.000    14.921    my_clock_divider/r_reg_reg[280]_i_1_n_0
    SLICE_X0Y89          CARRY4 (Prop_carry4_CI_CO[3])
                                                      0.114    15.035 r  my_clock_divider/r_reg_reg[284]_i_1/CO[3]
                         net (fo=1, routed)           0.000    15.035    my_clock_divider/r_reg_reg[284]_i_1_n_0
    SLICE_X0Y90          CARRY4 (Prop_carry4_CI_CO[3])
                                                      0.114    15.149 r  my_clock_divider/r_reg_reg[288]_i_1/CO[3]
                         net (fo=1, routed)           0.000    15.149    my_clock_divider/r_reg_reg[288]_i_1_n_0
    SLICE_X0Y91          CARRY4 (Prop_carry4_CI_CO[3])
                                                      0.114    15.263 r  my_clock_divider/r_reg_reg[292]_i_1/CO[3]
                         net (fo=1, routed)           0.000    15.263    my_clock_divider/r_reg_reg[292]_i_1_n_0
    SLICE_X0Y92          CARRY4 (Prop_carry4_CI_CO[3])
                                                      0.114    15.377 r  my_clock_divider/r_reg_reg[296]_i_1/CO[3]
                         net (fo=1, routed)           0.000    15.377    my_clock_divider/r_reg_reg[296]_i_1_n_0
    SLICE_X0Y93          CARRY4 (Prop_carry4_CI_CO[3])
                                                      0.114    15.491 r  my_clock_divider/r_reg_reg[300]_i_1/CO[3]
                         net (fo=1, routed)           0.000    15.491    my_clock_divider/r_reg_reg[300]_i_1_n_0
    SLICE_X0Y94          CARRY4 (Prop_carry4_CI_CO[3])
                                                      0.114    15.605 r  my_clock_divider/r_reg_reg[304]_i_1/CO[3]
                         net (fo=1, routed)           0.000    15.605    my_clock_divider/r_reg_reg[304]_i_1_n_0
    SLICE_X0Y95          CARRY4 (Prop_carry4_CI_CO[3])
                                                      0.114    15.719 r  my_clock_divider/r_reg_reg[308]_i_1/CO[3]
                         net (fo=1, routed)           0.000    15.719    my_clock_divider/r_reg_reg[308]_i_1_n_0
    SLICE_X0Y96          CARRY4 (Prop_carry4_CI_CO[3])
                                                      0.114    15.833 r  my_clock_divider/r_reg_reg[312]_i_1/CO[3]
                         net (fo=1, routed)           0.000    15.833    my_clock_divider/r_reg_reg[312]_i_1_n_0
    SLICE_X0Y97          CARRY4 (Prop_carry4_CI_CO[3])
                                                      0.114    15.947 r  my_clock_divider/r_reg_reg[316]_i_1/CO[3]
                         net (fo=1, routed)           0.000    15.947    my_clock_divider/r_reg_reg[316]_i_1_n_0
    SLICE_X0Y98          CARRY4 (Prop_carry4_CI_CO[3])
                                                      0.114    16.061 r  my_clock_divider/r_reg_reg[320]_i_1/CO[3]
                         net (fo=1, routed)           0.000    16.061    my_clock_divider/r_reg_reg[320]_i_1_n_0
    SLICE_X0Y99          CARRY4 (Prop_carry4_CI_CO[3])
                                                      0.114    16.175 r  my_clock_divider/r_reg_reg[324]_i_1/CO[3]
                         net (fo=1, routed)           0.001    16.176    my_clock_divider/r_reg_reg[324]_i_1_n_0
    SLICE_X0Y100         CARRY4 (Prop_carry4_CI_CO[3])
                                                      0.114    16.290 r  my_clock_divider/r_reg_reg[328]_i_1/CO[3]
                         net (fo=1, routed)           0.000    16.290    my_clock_divider/r_reg_reg[328]_i_1_n_0
    SLICE_X0Y101         CARRY4 (Prop_carry4_CI_CO[3])
                                                      0.114    16.404 r  my_clock_divider/r_reg_reg[332]_i_1/CO[3]
                         net (fo=1, routed)           0.000    16.404    my_clock_divider/r_reg_reg[332]_i_1_n_0
    SLICE_X0Y102         CARRY4 (Prop_carry4_CI_CO[3])
                                                      0.114    16.518 r  my_clock_divider/r_reg_reg[336]_i_1/CO[3]
                         net (fo=1, routed)           0.000    16.518    my_clock_divider/r_reg_reg[336]_i_1_n_0
    SLICE_X0Y103         CARRY4 (Prop_carry4_CI_CO[3])
                                                      0.114    16.632 r  my_clock_divider/r_reg_reg[340]_i_1/CO[3]
                         net (fo=1, routed)           0.000    16.632    my_clock_divider/r_reg_reg[340]_i_1_n_0
    SLICE_X0Y104         CARRY4 (Prop_carry4_CI_CO[3])
                                                      0.114    16.746 r  my_clock_divider/r_reg_reg[344]_i_1/CO[3]
                         net (fo=1, routed)           0.000    16.746    my_clock_divider/r_reg_reg[344]_i_1_n_0
    SLICE_X0Y105         CARRY4 (Prop_carry4_CI_CO[3])
                                                      0.114    16.860 r  my_clock_divider/r_reg_reg[348]_i_1/CO[3]
                         net (fo=1, routed)           0.000    16.860    my_clock_divider/r_reg_reg[348]_i_1_n_0
    SLICE_X0Y106         CARRY4 (Prop_carry4_CI_CO[3])
                                                      0.114    16.974 r  my_clock_divider/r_reg_reg[352]_i_1/CO[3]
                         net (fo=1, routed)           0.000    16.974    my_clock_divider/r_reg_reg[352]_i_1_n_0
    SLICE_X0Y107         CARRY4 (Prop_carry4_CI_CO[3])
                                                      0.114    17.088 r  my_clock_divider/r_reg_reg[356]_i_1/CO[3]
                         net (fo=1, routed)           0.000    17.088    my_clock_divider/r_reg_reg[356]_i_1_n_0
    SLICE_X0Y108         CARRY4 (Prop_carry4_CI_CO[3])
                                                      0.114    17.202 r  my_clock_divider/r_reg_reg[360]_i_1/CO[3]
                         net (fo=1, routed)           0.000    17.202    my_clock_divider/r_reg_reg[360]_i_1_n_0
    SLICE_X0Y109         CARRY4 (Prop_carry4_CI_CO[3])
                                                      0.114    17.316 r  my_clock_divider/r_reg_reg[364]_i_1/CO[3]
                         net (fo=1, routed)           0.000    17.316    my_clock_divider/r_reg_reg[364]_i_1_n_0
    SLICE_X0Y110         CARRY4 (Prop_carry4_CI_CO[3])
                                                      0.114    17.430 r  my_clock_divider/r_reg_reg[368]_i_1/CO[3]
                         net (fo=1, routed)           0.000    17.430    my_clock_divider/r_reg_reg[368]_i_1_n_0
    SLICE_X0Y111         CARRY4 (Prop_carry4_CI_CO[3])
                                                      0.114    17.544 r  my_clock_divider/r_reg_reg[372]_i_1/CO[3]
                         net (fo=1, routed)           0.000    17.544    my_clock_divider/r_reg_reg[372]_i_1_n_0
    SLICE_X0Y112         CARRY4 (Prop_carry4_CI_CO[3])
                                                      0.114    17.658 r  my_clock_divider/r_reg_reg[376]_i_1/CO[3]
                         net (fo=1, routed)           0.000    17.658    my_clock_divider/r_reg_reg[376]_i_1_n_0
    SLICE_X0Y113         CARRY4 (Prop_carry4_CI_CO[3])
                                                      0.114    17.772 r  my_clock_divider/r_reg_reg[380]_i_1/CO[3]
                         net (fo=1, routed)           0.000    17.772    my_clock_divider/r_reg_reg[380]_i_1_n_0
    SLICE_X0Y114         CARRY4 (Prop_carry4_CI_CO[3])
                                                      0.114    17.886 r  my_clock_divider/r_reg_reg[384]_i_1/CO[3]
                         net (fo=1, routed)           0.000    17.886    my_clock_divider/r_reg_reg[384]_i_1_n_0
    SLICE_X0Y115         CARRY4 (Prop_carry4_CI_CO[3])
                                                      0.114    18.000 r  my_clock_divider/r_reg_reg[388]_i_1/CO[3]
                         net (fo=1, routed)           0.000    18.000    my_clock_divider/r_reg_reg[388]_i_1_n_0
    SLICE_X0Y116         CARRY4 (Prop_carry4_CI_CO[3])
                                                      0.114    18.114 r  my_clock_divider/r_reg_reg[392]_i_1/CO[3]
                         net (fo=1, routed)           0.000    18.114    my_clock_divider/r_reg_reg[392]_i_1_n_0
    SLICE_X0Y117         CARRY4 (Prop_carry4_CI_CO[3])
                                                      0.114    18.228 r  my_clock_divider/r_reg_reg[396]_i_1/CO[3]
                         net (fo=1, routed)           0.000    18.228    my_clock_divider/r_reg_reg[396]_i_1_n_0
    SLICE_X0Y118         CARRY4 (Prop_carry4_CI_CO[3])
                                                      0.114    18.342 r  my_clock_divider/r_reg_reg[400]_i_1/CO[3]
                         net (fo=1, routed)           0.000    18.342    my_clock_divider/r_reg_reg[400]_i_1_n_0
    SLICE_X0Y119         CARRY4 (Prop_carry4_CI_CO[3])
                                                      0.114    18.456 r  my_clock_divider/r_reg_reg[404]_i_1/CO[3]
                         net (fo=1, routed)           0.000    18.456    my_clock_divider/r_reg_reg[404]_i_1_n_0
    SLICE_X0Y120         CARRY4 (Prop_carry4_CI_CO[3])
                                                      0.114    18.570 r  my_clock_divider/r_reg_reg[408]_i_1/CO[3]
                         net (fo=1, routed)           0.000    18.570    my_clock_divider/r_reg_reg[408]_i_1_n_0
    SLICE_X0Y121         CARRY4 (Prop_carry4_CI_CO[3])
                                                      0.114    18.684 r  my_clock_divider/r_reg_reg[412]_i_1/CO[3]
                         net (fo=1, routed)           0.000    18.684    my_clock_divider/r_reg_reg[412]_i_1_n_0
    SLICE_X0Y122         CARRY4 (Prop_carry4_CI_CO[3])
                                                      0.114    18.798 r  my_clock_divider/r_reg_reg[416]_i_1/CO[3]
                         net (fo=1, routed)           0.000    18.798    my_clock_divider/r_reg_reg[416]_i_1_n_0
    SLICE_X0Y123         CARRY4 (Prop_carry4_CI_CO[3])
                                                      0.114    18.912 r  my_clock_divider/r_reg_reg[420]_i_1/CO[3]
                         net (fo=1, routed)           0.000    18.912    my_clock_divider/r_reg_reg[420]_i_1_n_0
    SLICE_X0Y124         CARRY4 (Prop_carry4_CI_CO[3])
                                                      0.114    19.026 r  my_clock_divider/r_reg_reg[424]_i_1/CO[3]
                         net (fo=1, routed)           0.009    19.035    my_clock_divider/r_reg_reg[424]_i_1_n_0
    SLICE_X0Y125         CARRY4 (Prop_carry4_CI_CO[3])
                                                      0.114    19.149 r  my_clock_divider/r_reg_reg[428]_i_1/CO[3]
                         net (fo=1, routed)           0.000    19.149    my_clock_divider/r_reg_reg[428]_i_1_n_0
    SLICE_X0Y126         CARRY4 (Prop_carry4_CI_CO[3])
                                                      0.114    19.263 r  my_clock_divider/r_reg_reg[432]_i_1/CO[3]
                         net (fo=1, routed)           0.000    19.263    my_clock_divider/r_reg_reg[432]_i_1_n_0
    SLICE_X0Y127         CARRY4 (Prop_carry4_CI_CO[3])
                                                      0.114    19.377 r  my_clock_divider/r_reg_reg[436]_i_1/CO[3]
                         net (fo=1, routed)           0.000    19.377    my_clock_divider/r_reg_reg[436]_i_1_n_0
    SLICE_X0Y128         CARRY4 (Prop_carry4_CI_CO[3])
                                                      0.114    19.491 r  my_clock_divider/r_reg_reg[440]_i_1/CO[3]
                         net (fo=1, routed)           0.000    19.491    my_clock_divider/r_reg_reg[440]_i_1_n_0
    SLICE_X0Y129         CARRY4 (Prop_carry4_CI_CO[3])
                                                      0.114    19.605 r  my_clock_divider/r_reg_reg[444]_i_1/CO[3]
                         net (fo=1, routed)           0.000    19.605    my_clock_divider/r_reg_reg[444]_i_1_n_0
    SLICE_X0Y130         CARRY4 (Prop_carry4_CI_CO[3])
                                                      0.114    19.719 r  my_clock_divider/r_reg_reg[448]_i_1/CO[3]
                         net (fo=1, routed)           0.000    19.719    my_clock_divider/r_reg_reg[448]_i_1_n_0
    SLICE_X0Y131         CARRY4 (Prop_carry4_CI_CO[3])
                                                      0.114    19.833 r  my_clock_divider/r_reg_reg[452]_i_1/CO[3]
                         net (fo=1, routed)           0.000    19.833    my_clock_divider/r_reg_reg[452]_i_1_n_0
    SLICE_X0Y132         CARRY4 (Prop_carry4_CI_CO[3])
                                                      0.114    19.947 r  my_clock_divider/r_reg_reg[456]_i_1/CO[3]
                         net (fo=1, routed)           0.000    19.947    my_clock_divider/r_reg_reg[456]_i_1_n_0
    SLICE_X0Y133         CARRY4 (Prop_carry4_CI_CO[3])
                                                      0.114    20.061 r  my_clock_divider/r_reg_reg[460]_i_1/CO[3]
                         net (fo=1, routed)           0.000    20.061    my_clock_divider/r_reg_reg[460]_i_1_n_0
    SLICE_X0Y134         CARRY4 (Prop_carry4_CI_CO[3])
                                                      0.114    20.175 r  my_clock_divider/r_reg_reg[464]_i_1/CO[3]
                         net (fo=1, routed)           0.000    20.175    my_clock_divider/r_reg_reg[464]_i_1_n_0
    SLICE_X0Y135         CARRY4 (Prop_carry4_CI_CO[3])
                                                      0.114    20.289 r  my_clock_divider/r_reg_reg[468]_i_1/CO[3]
                         net (fo=1, routed)           0.000    20.289    my_clock_divider/r_reg_reg[468]_i_1_n_0
    SLICE_X0Y136         CARRY4 (Prop_carry4_CI_CO[3])
                                                      0.114    20.403 r  my_clock_divider/r_reg_reg[472]_i_1/CO[3]
                         net (fo=1, routed)           0.000    20.403    my_clock_divider/r_reg_reg[472]_i_1_n_0
    SLICE_X0Y137         CARRY4 (Prop_carry4_CI_CO[3])
                                                      0.114    20.517 r  my_clock_divider/r_reg_reg[476]_i_1/CO[3]
                         net (fo=1, routed)           0.000    20.517    my_clock_divider/r_reg_reg[476]_i_1_n_0
    SLICE_X0Y138         CARRY4 (Prop_carry4_CI_CO[3])
                                                      0.114    20.631 r  my_clock_divider/r_reg_reg[480]_i_1/CO[3]
                         net (fo=1, routed)           0.000    20.631    my_clock_divider/r_reg_reg[480]_i_1_n_0
    SLICE_X0Y139         CARRY4 (Prop_carry4_CI_CO[3])
                                                      0.114    20.745 r  my_clock_divider/r_reg_reg[484]_i_1/CO[3]
                         net (fo=1, routed)           0.000    20.745    my_clock_divider/r_reg_reg[484]_i_1_n_0
    SLICE_X0Y140         CARRY4 (Prop_carry4_CI_CO[3])
                                                      0.114    20.859 r  my_clock_divider/r_reg_reg[488]_i_1/CO[3]
                         net (fo=1, routed)           0.000    20.859    my_clock_divider/r_reg_reg[488]_i_1_n_0
    SLICE_X0Y141         CARRY4 (Prop_carry4_CI_CO[3])
                                                      0.114    20.973 r  my_clock_divider/r_reg_reg[492]_i_1/CO[3]
                         net (fo=1, routed)           0.000    20.973    my_clock_divider/r_reg_reg[492]_i_1_n_0
    SLICE_X0Y142         CARRY4 (Prop_carry4_CI_O[1])
                                                      0.334    21.307 r  my_clock_divider/r_reg_reg[496]_i_1/O[1]
                         net (fo=1, routed)           0.000    21.307    my_clock_divider/r_reg_reg[496]_i_1_n_6
    SLICE_X0Y142         FDRE                                         r  my_clock_divider/r_reg_reg[497]/D
  -------------------------------------------------------------------    -------------------

                         (clock sys_clk_pin rise edge)
                                                     10.000    10.000 r  
    E3                                                0.000    10.000 r  clk (IN)
                         net (fo=0)                   0.000    10.000    clk
    E3                   IBUF (Prop_ibuf_I_O)         1.411    11.411 r  clk_IBUF_inst/O
                         net (fo=1, routed)           1.920    13.331    clk_IBUF
    BUFGCTRL_X0Y16       BUFG (Prop_bufg_I_O)         0.091    13.422 r  clk_IBUF_BUFG_inst/O
                         net (fo=501, routed)         1.588    15.010    my_clock_divider/clk
    SLICE_X0Y142         FDRE                                         r  my_clock_divider/r_reg_reg[497]/C
                         clock pessimism              0.180    15.190    
                         clock uncertainty           -0.035    15.155    
    SLICE_X0Y142         FDRE (Setup_fdre_C_D)        0.062    15.217    my_clock_divider/r_reg_reg[497]
  -------------------------------------------------------------------
                         required time                         15.217    
                         arrival time                         -21.307    
  -------------------------------------------------------------------
                         slack                                 -6.090    

Slack (VIOLATED) :        -6.069ns  (required time - arrival time)
  Source:                 my_clock_divider/r_reg_reg[1]/C
                            (rising edge-triggered cell FDRE clocked by sys_clk_pin  {rise@0.000ns fall@5.000ns period=10.000ns})
  Destination:            my_clock_divider/r_reg_reg[499]/D
                            (rising edge-triggered cell FDRE clocked by sys_clk_pin  {rise@0.000ns fall@5.000ns period=10.000ns})
  Path Group:             sys_clk_pin
  Path Type:              Setup (Max at Slow Process Corner)
  Requirement:            10.000ns  (sys_clk_pin rise@10.000ns - sys_clk_pin rise@0.000ns)
  Data Path Delay:        15.793ns  (logic 15.465ns (97.923%)  route 0.328ns (2.077%))
  Logic Levels:           125  (CARRY4=125)
  Clock Path Skew:        -0.303ns (DCD - SCD + CPR)
    Destination Clock Delay (DCD):    5.010ns = ( 15.010 - 10.000 ) 
    Source Clock Delay      (SCD):    5.493ns
    Clock Pessimism Removal (CPR):    0.180ns
  Clock Uncertainty:      0.035ns  ((TSJ^2 + TIJ^2)^1/2 + DJ) / 2 + PE
    Total System Jitter     (TSJ):    0.071ns
    Total Input Jitter      (TIJ):    0.000ns
    Discrete Jitter          (DJ):    0.000ns
    Phase Error              (PE):    0.000ns

    Location             Delay type                Incr(ns)  Path(ns)    Netlist Resource(s)
  -------------------------------------------------------------------    -------------------
                         (clock sys_clk_pin rise edge)
                                                      0.000     0.000 r  
    E3                                                0.000     0.000 r  clk (IN)
                         net (fo=0)                   0.000     0.000    clk
    E3                   IBUF (Prop_ibuf_I_O)         1.482     1.482 r  clk_IBUF_inst/O
                         net (fo=1, routed)           2.025     3.506    clk_IBUF
    BUFGCTRL_X0Y16       BUFG (Prop_bufg_I_O)         0.096     3.602 r  clk_IBUF_BUFG_inst/O
                         net (fo=501, routed)         1.890     5.493    my_clock_divider/clk
    SLICE_X1Y17          FDRE                                         r  my_clock_divider/r_reg_reg[1]/C
  -------------------------------------------------------------------    -------------------
    SLICE_X1Y17          FDRE (Prop_fdre_C_Q)         0.456     5.949 r  my_clock_divider/r_reg_reg[1]/Q
                         net (fo=1, routed)           0.300     6.248    my_clock_divider/r_reg_reg[1]
    SLICE_X0Y18          CARRY4 (Prop_carry4_S[1]_CO[3])
                                                      0.674     6.922 r  my_clock_divider/r_reg_reg[0]_i_1/CO[3]
                         net (fo=1, routed)           0.000     6.922    my_clock_divider/r_reg_reg[0]_i_1_n_0
    SLICE_X0Y19          CARRY4 (Prop_carry4_CI_CO[3])
                                                      0.114     7.036 r  my_clock_divider/r_reg_reg[4]_i_1/CO[3]
                         net (fo=1, routed)           0.000     7.036    my_clock_divider/r_reg_reg[4]_i_1_n_0
    SLICE_X0Y20          CARRY4 (Prop_carry4_CI_CO[3])
                                                      0.114     7.150 r  my_clock_divider/r_reg_reg[8]_i_1/CO[3]
                         net (fo=1, routed)           0.000     7.150    my_clock_divider/r_reg_reg[8]_i_1_n_0
    SLICE_X0Y21          CARRY4 (Prop_carry4_CI_CO[3])
                                                      0.114     7.264 r  my_clock_divider/r_reg_reg[12]_i_1/CO[3]
                         net (fo=1, routed)           0.000     7.264    my_clock_divider/r_reg_reg[12]_i_1_n_0
    SLICE_X0Y22          CARRY4 (Prop_carry4_CI_CO[3])
                                                      0.114     7.378 r  my_clock_divider/r_reg_reg[16]_i_1/CO[3]
                         net (fo=1, routed)           0.000     7.378    my_clock_divider/r_reg_reg[16]_i_1_n_0
    SLICE_X0Y23          CARRY4 (Prop_carry4_CI_CO[3])
                                                      0.114     7.492 r  my_clock_divider/r_reg_reg[20]_i_1/CO[3]
                         net (fo=1, routed)           0.000     7.492    my_clock_divider/r_reg_reg[20]_i_1_n_0
    SLICE_X0Y24          CARRY4 (Prop_carry4_CI_CO[3])
                                                      0.114     7.606 r  my_clock_divider/r_reg_reg[24]_i_1/CO[3]
                         net (fo=1, routed)           0.009     7.615    my_clock_divider/r_reg_reg[24]_i_1_n_0
    SLICE_X0Y25          CARRY4 (Prop_carry4_CI_CO[3])
                                                      0.114     7.729 r  my_clock_divider/r_reg_reg[28]_i_1/CO[3]
                         net (fo=1, routed)           0.000     7.729    my_clock_divider/r_reg_reg[28]_i_1_n_0
    SLICE_X0Y26          CARRY4 (Prop_carry4_CI_CO[3])
                                                      0.114     7.843 r  my_clock_divider/r_reg_reg[32]_i_1/CO[3]
                         net (fo=1, routed)           0.000     7.843    my_clock_divider/r_reg_reg[32]_i_1_n_0
    SLICE_X0Y27          CARRY4 (Prop_carry4_CI_CO[3])
                                                      0.114     7.957 r  my_clock_divider/r_reg_reg[36]_i_1/CO[3]
                         net (fo=1, routed)           0.000     7.957    my_clock_divider/r_reg_reg[36]_i_1_n_0
    SLICE_X0Y28          CARRY4 (Prop_carry4_CI_CO[3])
                                                      0.114     8.071 r  my_clock_divider/r_reg_reg[40]_i_1/CO[3]
                         net (fo=1, routed)           0.000     8.071    my_clock_divider/r_reg_reg[40]_i_1_n_0
    SLICE_X0Y29          CARRY4 (Prop_carry4_CI_CO[3])
                                                      0.114     8.185 r  my_clock_divider/r_reg_reg[44]_i_1/CO[3]
                         net (fo=1, routed)           0.000     8.185    my_clock_divider/r_reg_reg[44]_i_1_n_0
    SLICE_X0Y30          CARRY4 (Prop_carry4_CI_CO[3])
                                                      0.114     8.299 r  my_clock_divider/r_reg_reg[48]_i_1/CO[3]
                         net (fo=1, routed)           0.000     8.299    my_clock_divider/r_reg_reg[48]_i_1_n_0
    SLICE_X0Y31          CARRY4 (Prop_carry4_CI_CO[3])
                                                      0.114     8.413 r  my_clock_divider/r_reg_reg[52]_i_1/CO[3]
                         net (fo=1, routed)           0.000     8.413    my_clock_divider/r_reg_reg[52]_i_1_n_0
    SLICE_X0Y32          CARRY4 (Prop_carry4_CI_CO[3])
                                                      0.114     8.527 r  my_clock_divider/r_reg_reg[56]_i_1/CO[3]
                         net (fo=1, routed)           0.000     8.527    my_clock_divider/r_reg_reg[56]_i_1_n_0
    SLICE_X0Y33          CARRY4 (Prop_carry4_CI_CO[3])
                                                      0.114     8.641 r  my_clock_divider/r_reg_reg[60]_i_1/CO[3]
                         net (fo=1, routed)           0.000     8.641    my_clock_divider/r_reg_reg[60]_i_1_n_0
    SLICE_X0Y34          CARRY4 (Prop_carry4_CI_CO[3])
                                                      0.114     8.755 r  my_clock_divider/r_reg_reg[64]_i_1/CO[3]
                         net (fo=1, routed)           0.000     8.755    my_clock_divider/r_reg_reg[64]_i_1_n_0
    SLICE_X0Y35          CARRY4 (Prop_carry4_CI_CO[3])
                                                      0.114     8.869 r  my_clock_divider/r_reg_reg[68]_i_1/CO[3]
                         net (fo=1, routed)           0.000     8.869    my_clock_divider/r_reg_reg[68]_i_1_n_0
    SLICE_X0Y36          CARRY4 (Prop_carry4_CI_CO[3])
                                                      0.114     8.983 r  my_clock_divider/r_reg_reg[72]_i_1/CO[3]
                         net (fo=1, routed)           0.000     8.983    my_clock_divider/r_reg_reg[72]_i_1_n_0
    SLICE_X0Y37          CARRY4 (Prop_carry4_CI_CO[3])
                                                      0.114     9.097 r  my_clock_divider/r_reg_reg[76]_i_1/CO[3]
                         net (fo=1, routed)           0.000     9.097    my_clock_divider/r_reg_reg[76]_i_1_n_0
    SLICE_X0Y38          CARRY4 (Prop_carry4_CI_CO[3])
                                                      0.114     9.211 r  my_clock_divider/r_reg_reg[80]_i_1/CO[3]
                         net (fo=1, routed)           0.000     9.211    my_clock_divider/r_reg_reg[80]_i_1_n_0
    SLICE_X0Y39          CARRY4 (Prop_carry4_CI_CO[3])
                                                      0.114     9.325 r  my_clock_divider/r_reg_reg[84]_i_1/CO[3]
                         net (fo=1, routed)           0.000     9.325    my_clock_divider/r_reg_reg[84]_i_1_n_0
    SLICE_X0Y40          CARRY4 (Prop_carry4_CI_CO[3])
                                                      0.114     9.439 r  my_clock_divider/r_reg_reg[88]_i_1/CO[3]
                         net (fo=1, routed)           0.000     9.439    my_clock_divider/r_reg_reg[88]_i_1_n_0
    SLICE_X0Y41          CARRY4 (Prop_carry4_CI_CO[3])
                                                      0.114     9.553 r  my_clock_divider/r_reg_reg[92]_i_1/CO[3]
                         net (fo=1, routed)           0.000     9.553    my_clock_divider/r_reg_reg[92]_i_1_n_0
    SLICE_X0Y42          CARRY4 (Prop_carry4_CI_CO[3])
                                                      0.114     9.667 r  my_clock_divider/r_reg_reg[96]_i_1/CO[3]
                         net (fo=1, routed)           0.000     9.667    my_clock_divider/r_reg_reg[96]_i_1_n_0
    SLICE_X0Y43          CARRY4 (Prop_carry4_CI_CO[3])
                                                      0.114     9.781 r  my_clock_divider/r_reg_reg[100]_i_1/CO[3]
                         net (fo=1, routed)           0.000     9.781    my_clock_divider/r_reg_reg[100]_i_1_n_0
    SLICE_X0Y44          CARRY4 (Prop_carry4_CI_CO[3])
                                                      0.114     9.895 r  my_clock_divider/r_reg_reg[104]_i_1/CO[3]
                         net (fo=1, routed)           0.000     9.895    my_clock_divider/r_reg_reg[104]_i_1_n_0
    SLICE_X0Y45          CARRY4 (Prop_carry4_CI_CO[3])
                                                      0.114    10.009 r  my_clock_divider/r_reg_reg[108]_i_1/CO[3]
                         net (fo=1, routed)           0.000    10.009    my_clock_divider/r_reg_reg[108]_i_1_n_0
    SLICE_X0Y46          CARRY4 (Prop_carry4_CI_CO[3])
                                                      0.114    10.123 r  my_clock_divider/r_reg_reg[112]_i_1/CO[3]
                         net (fo=1, routed)           0.000    10.123    my_clock_divider/r_reg_reg[112]_i_1_n_0
    SLICE_X0Y47          CARRY4 (Prop_carry4_CI_CO[3])
                                                      0.114    10.237 r  my_clock_divider/r_reg_reg[116]_i_1/CO[3]
                         net (fo=1, routed)           0.000    10.237    my_clock_divider/r_reg_reg[116]_i_1_n_0
    SLICE_X0Y48          CARRY4 (Prop_carry4_CI_CO[3])
                                                      0.114    10.351 r  my_clock_divider/r_reg_reg[120]_i_1/CO[3]
                         net (fo=1, routed)           0.000    10.351    my_clock_divider/r_reg_reg[120]_i_1_n_0
    SLICE_X0Y49          CARRY4 (Prop_carry4_CI_CO[3])
                                                      0.114    10.465 r  my_clock_divider/r_reg_reg[124]_i_1/CO[3]
                         net (fo=1, routed)           0.001    10.466    my_clock_divider/r_reg_reg[124]_i_1_n_0
    SLICE_X0Y50          CARRY4 (Prop_carry4_CI_CO[3])
                                                      0.114    10.580 r  my_clock_divider/r_reg_reg[128]_i_1/CO[3]
                         net (fo=1, routed)           0.000    10.580    my_clock_divider/r_reg_reg[128]_i_1_n_0
    SLICE_X0Y51          CARRY4 (Prop_carry4_CI_CO[3])
                                                      0.114    10.694 r  my_clock_divider/r_reg_reg[132]_i_1/CO[3]
                         net (fo=1, routed)           0.000    10.694    my_clock_divider/r_reg_reg[132]_i_1_n_0
    SLICE_X0Y52          CARRY4 (Prop_carry4_CI_CO[3])
                                                      0.114    10.808 r  my_clock_divider/r_reg_reg[136]_i_1/CO[3]
                         net (fo=1, routed)           0.000    10.808    my_clock_divider/r_reg_reg[136]_i_1_n_0
    SLICE_X0Y53          CARRY4 (Prop_carry4_CI_CO[3])
                                                      0.114    10.922 r  my_clock_divider/r_reg_reg[140]_i_1/CO[3]
                         net (fo=1, routed)           0.000    10.922    my_clock_divider/r_reg_reg[140]_i_1_n_0
    SLICE_X0Y54          CARRY4 (Prop_carry4_CI_CO[3])
                                                      0.114    11.036 r  my_clock_divider/r_reg_reg[144]_i_1/CO[3]
                         net (fo=1, routed)           0.000    11.036    my_clock_divider/r_reg_reg[144]_i_1_n_0
    SLICE_X0Y55          CARRY4 (Prop_carry4_CI_CO[3])
                                                      0.114    11.150 r  my_clock_divider/r_reg_reg[148]_i_1/CO[3]
                         net (fo=1, routed)           0.000    11.150    my_clock_divider/r_reg_reg[148]_i_1_n_0
    SLICE_X0Y56          CARRY4 (Prop_carry4_CI_CO[3])
                                                      0.114    11.264 r  my_clock_divider/r_reg_reg[152]_i_1/CO[3]
                         net (fo=1, routed)           0.000    11.264    my_clock_divider/r_reg_reg[152]_i_1_n_0
    SLICE_X0Y57          CARRY4 (Prop_carry4_CI_CO[3])
                                                      0.114    11.378 r  my_clock_divider/r_reg_reg[156]_i_1/CO[3]
                         net (fo=1, routed)           0.000    11.378    my_clock_divider/r_reg_reg[156]_i_1_n_0
    SLICE_X0Y58          CARRY4 (Prop_carry4_CI_CO[3])
                                                      0.114    11.492 r  my_clock_divider/r_reg_reg[160]_i_1/CO[3]
                         net (fo=1, routed)           0.000    11.492    my_clock_divider/r_reg_reg[160]_i_1_n_0
    SLICE_X0Y59          CARRY4 (Prop_carry4_CI_CO[3])
                                                      0.114    11.606 r  my_clock_divider/r_reg_reg[164]_i_1/CO[3]
                         net (fo=1, routed)           0.000    11.606    my_clock_divider/r_reg_reg[164]_i_1_n_0
    SLICE_X0Y60          CARRY4 (Prop_carry4_CI_CO[3])
                                                      0.114    11.720 r  my_clock_divider/r_reg_reg[168]_i_1/CO[3]
                         net (fo=1, routed)           0.000    11.720    my_clock_divider/r_reg_reg[168]_i_1_n_0
    SLICE_X0Y61          CARRY4 (Prop_carry4_CI_CO[3])
                                                      0.114    11.834 r  my_clock_divider/r_reg_reg[172]_i_1/CO[3]
                         net (fo=1, routed)           0.000    11.834    my_clock_divider/r_reg_reg[172]_i_1_n_0
    SLICE_X0Y62          CARRY4 (Prop_carry4_CI_CO[3])
                                                      0.114    11.948 r  my_clock_divider/r_reg_reg[176]_i_1/CO[3]
                         net (fo=1, routed)           0.000    11.948    my_clock_divider/r_reg_reg[176]_i_1_n_0
    SLICE_X0Y63          CARRY4 (Prop_carry4_CI_CO[3])
                                                      0.114    12.062 r  my_clock_divider/r_reg_reg[180]_i_1/CO[3]
                         net (fo=1, routed)           0.000    12.062    my_clock_divider/r_reg_reg[180]_i_1_n_0
    SLICE_X0Y64          CARRY4 (Prop_carry4_CI_CO[3])
                                                      0.114    12.176 r  my_clock_divider/r_reg_reg[184]_i_1/CO[3]
                         net (fo=1, routed)           0.000    12.176    my_clock_divider/r_reg_reg[184]_i_1_n_0
    SLICE_X0Y65          CARRY4 (Prop_carry4_CI_CO[3])
                                                      0.114    12.290 r  my_clock_divider/r_reg_reg[188]_i_1/CO[3]
                         net (fo=1, routed)           0.000    12.290    my_clock_divider/r_reg_reg[188]_i_1_n_0
    SLICE_X0Y66          CARRY4 (Prop_carry4_CI_CO[3])
                                                      0.114    12.404 r  my_clock_divider/r_reg_reg[192]_i_1/CO[3]
                         net (fo=1, routed)           0.000    12.404    my_clock_divider/r_reg_reg[192]_i_1_n_0
    SLICE_X0Y67          CARRY4 (Prop_carry4_CI_CO[3])
                                                      0.114    12.518 r  my_clock_divider/r_reg_reg[196]_i_1/CO[3]
                         net (fo=1, routed)           0.000    12.518    my_clock_divider/r_reg_reg[196]_i_1_n_0
    SLICE_X0Y68          CARRY4 (Prop_carry4_CI_CO[3])
                                                      0.114    12.632 r  my_clock_divider/r_reg_reg[200]_i_1/CO[3]
                         net (fo=1, routed)           0.000    12.632    my_clock_divider/r_reg_reg[200]_i_1_n_0
    SLICE_X0Y69          CARRY4 (Prop_carry4_CI_CO[3])
                                                      0.114    12.746 r  my_clock_divider/r_reg_reg[204]_i_1/CO[3]
                         net (fo=1, routed)           0.000    12.746    my_clock_divider/r_reg_reg[204]_i_1_n_0
    SLICE_X0Y70          CARRY4 (Prop_carry4_CI_CO[3])
                                                      0.114    12.860 r  my_clock_divider/r_reg_reg[208]_i_1/CO[3]
                         net (fo=1, routed)           0.000    12.860    my_clock_divider/r_reg_reg[208]_i_1_n_0
    SLICE_X0Y71          CARRY4 (Prop_carry4_CI_CO[3])
                                                      0.114    12.974 r  my_clock_divider/r_reg_reg[212]_i_1/CO[3]
                         net (fo=1, routed)           0.000    12.974    my_clock_divider/r_reg_reg[212]_i_1_n_0
    SLICE_X0Y72          CARRY4 (Prop_carry4_CI_CO[3])
                                                      0.114    13.088 r  my_clock_divider/r_reg_reg[216]_i_1/CO[3]
                         net (fo=1, routed)           0.000    13.088    my_clock_divider/r_reg_reg[216]_i_1_n_0
    SLICE_X0Y73          CARRY4 (Prop_carry4_CI_CO[3])
                                                      0.114    13.202 r  my_clock_divider/r_reg_reg[220]_i_1/CO[3]
                         net (fo=1, routed)           0.000    13.202    my_clock_divider/r_reg_reg[220]_i_1_n_0
    SLICE_X0Y74          CARRY4 (Prop_carry4_CI_CO[3])
                                                      0.114    13.316 r  my_clock_divider/r_reg_reg[224]_i_1/CO[3]
                         net (fo=1, routed)           0.009    13.325    my_clock_divider/r_reg_reg[224]_i_1_n_0
    SLICE_X0Y75          CARRY4 (Prop_carry4_CI_CO[3])
                                                      0.114    13.439 r  my_clock_divider/r_reg_reg[228]_i_1/CO[3]
                         net (fo=1, routed)           0.000    13.439    my_clock_divider/r_reg_reg[228]_i_1_n_0
    SLICE_X0Y76          CARRY4 (Prop_carry4_CI_CO[3])
                                                      0.114    13.553 r  my_clock_divider/r_reg_reg[232]_i_1/CO[3]
                         net (fo=1, routed)           0.000    13.553    my_clock_divider/r_reg_reg[232]_i_1_n_0
    SLICE_X0Y77          CARRY4 (Prop_carry4_CI_CO[3])
                                                      0.114    13.667 r  my_clock_divider/r_reg_reg[236]_i_1/CO[3]
                         net (fo=1, routed)           0.000    13.667    my_clock_divider/r_reg_reg[236]_i_1_n_0
    SLICE_X0Y78          CARRY4 (Prop_carry4_CI_CO[3])
                                                      0.114    13.781 r  my_clock_divider/r_reg_reg[240]_i_1/CO[3]
                         net (fo=1, routed)           0.000    13.781    my_clock_divider/r_reg_reg[240]_i_1_n_0
    SLICE_X0Y79          CARRY4 (Prop_carry4_CI_CO[3])
                                                      0.114    13.895 r  my_clock_divider/r_reg_reg[244]_i_1/CO[3]
                         net (fo=1, routed)           0.000    13.895    my_clock_divider/r_reg_reg[244]_i_1_n_0
    SLICE_X0Y80          CARRY4 (Prop_carry4_CI_CO[3])
                                                      0.114    14.009 r  my_clock_divider/r_reg_reg[248]_i_1/CO[3]
                         net (fo=1, routed)           0.000    14.009    my_clock_divider/r_reg_reg[248]_i_1_n_0
    SLICE_X0Y81          CARRY4 (Prop_carry4_CI_CO[3])
                                                      0.114    14.123 r  my_clock_divider/r_reg_reg[252]_i_1/CO[3]
                         net (fo=1, routed)           0.000    14.123    my_clock_divider/r_reg_reg[252]_i_1_n_0
    SLICE_X0Y82          CARRY4 (Prop_carry4_CI_CO[3])
                                                      0.114    14.237 r  my_clock_divider/r_reg_reg[256]_i_1/CO[3]
                         net (fo=1, routed)           0.000    14.237    my_clock_divider/r_reg_reg[256]_i_1_n_0
    SLICE_X0Y83          CARRY4 (Prop_carry4_CI_CO[3])
                                                      0.114    14.351 r  my_clock_divider/r_reg_reg[260]_i_1/CO[3]
                         net (fo=1, routed)           0.000    14.351    my_clock_divider/r_reg_reg[260]_i_1_n_0
    SLICE_X0Y84          CARRY4 (Prop_carry4_CI_CO[3])
                                                      0.114    14.465 r  my_clock_divider/r_reg_reg[264]_i_1/CO[3]
                         net (fo=1, routed)           0.000    14.465    my_clock_divider/r_reg_reg[264]_i_1_n_0
    SLICE_X0Y85          CARRY4 (Prop_carry4_CI_CO[3])
                                                      0.114    14.579 r  my_clock_divider/r_reg_reg[268]_i_1/CO[3]
                         net (fo=1, routed)           0.000    14.579    my_clock_divider/r_reg_reg[268]_i_1_n_0
    SLICE_X0Y86          CARRY4 (Prop_carry4_CI_CO[3])
                                                      0.114    14.693 r  my_clock_divider/r_reg_reg[272]_i_1/CO[3]
                         net (fo=1, routed)           0.000    14.693    my_clock_divider/r_reg_reg[272]_i_1_n_0
    SLICE_X0Y87          CARRY4 (Prop_carry4_CI_CO[3])
                                                      0.114    14.807 r  my_clock_divider/r_reg_reg[276]_i_1/CO[3]
                         net (fo=1, routed)           0.000    14.807    my_clock_divider/r_reg_reg[276]_i_1_n_0
    SLICE_X0Y88          CARRY4 (Prop_carry4_CI_CO[3])
                                                      0.114    14.921 r  my_clock_divider/r_reg_reg[280]_i_1/CO[3]
                         net (fo=1, routed)           0.000    14.921    my_clock_divider/r_reg_reg[280]_i_1_n_0
    SLICE_X0Y89          CARRY4 (Prop_carry4_CI_CO[3])
                                                      0.114    15.035 r  my_clock_divider/r_reg_reg[284]_i_1/CO[3]
                         net (fo=1, routed)           0.000    15.035    my_clock_divider/r_reg_reg[284]_i_1_n_0
    SLICE_X0Y90          CARRY4 (Prop_carry4_CI_CO[3])
                                                      0.114    15.149 r  my_clock_divider/r_reg_reg[288]_i_1/CO[3]
                         net (fo=1, routed)           0.000    15.149    my_clock_divider/r_reg_reg[288]_i_1_n_0
    SLICE_X0Y91          CARRY4 (Prop_carry4_CI_CO[3])
                                                      0.114    15.263 r  my_clock_divider/r_reg_reg[292]_i_1/CO[3]
                         net (fo=1, routed)           0.000    15.263    my_clock_divider/r_reg_reg[292]_i_1_n_0
    SLICE_X0Y92          CARRY4 (Prop_carry4_CI_CO[3])
                                                      0.114    15.377 r  my_clock_divider/r_reg_reg[296]_i_1/CO[3]
                         net (fo=1, routed)           0.000    15.377    my_clock_divider/r_reg_reg[296]_i_1_n_0
    SLICE_X0Y93          CARRY4 (Prop_carry4_CI_CO[3])
                                                      0.114    15.491 r  my_clock_divider/r_reg_reg[300]_i_1/CO[3]
                         net (fo=1, routed)           0.000    15.491    my_clock_divider/r_reg_reg[300]_i_1_n_0
    SLICE_X0Y94          CARRY4 (Prop_carry4_CI_CO[3])
                                                      0.114    15.605 r  my_clock_divider/r_reg_reg[304]_i_1/CO[3]
                         net (fo=1, routed)           0.000    15.605    my_clock_divider/r_reg_reg[304]_i_1_n_0
    SLICE_X0Y95          CARRY4 (Prop_carry4_CI_CO[3])
                                                      0.114    15.719 r  my_clock_divider/r_reg_reg[308]_i_1/CO[3]
                         net (fo=1, routed)           0.000    15.719    my_clock_divider/r_reg_reg[308]_i_1_n_0
    SLICE_X0Y96          CARRY4 (Prop_carry4_CI_CO[3])
                                                      0.114    15.833 r  my_clock_divider/r_reg_reg[312]_i_1/CO[3]
                         net (fo=1, routed)           0.000    15.833    my_clock_divider/r_reg_reg[312]_i_1_n_0
    SLICE_X0Y97          CARRY4 (Prop_carry4_CI_CO[3])
                                                      0.114    15.947 r  my_clock_divider/r_reg_reg[316]_i_1/CO[3]
                         net (fo=1, routed)           0.000    15.947    my_clock_divider/r_reg_reg[316]_i_1_n_0
    SLICE_X0Y98          CARRY4 (Prop_carry4_CI_CO[3])
                                                      0.114    16.061 r  my_clock_divider/r_reg_reg[320]_i_1/CO[3]
                         net (fo=1, routed)           0.000    16.061    my_clock_divider/r_reg_reg[320]_i_1_n_0
    SLICE_X0Y99          CARRY4 (Prop_carry4_CI_CO[3])
                                                      0.114    16.175 r  my_clock_divider/r_reg_reg[324]_i_1/CO[3]
                         net (fo=1, routed)           0.001    16.176    my_clock_divider/r_reg_reg[324]_i_1_n_0
    SLICE_X0Y100         CARRY4 (Prop_carry4_CI_CO[3])
                                                      0.114    16.290 r  my_clock_divider/r_reg_reg[328]_i_1/CO[3]
                         net (fo=1, routed)           0.000    16.290    my_clock_divider/r_reg_reg[328]_i_1_n_0
    SLICE_X0Y101         CARRY4 (Prop_carry4_CI_CO[3])
                                                      0.114    16.404 r  my_clock_divider/r_reg_reg[332]_i_1/CO[3]
                         net (fo=1, routed)           0.000    16.404    my_clock_divider/r_reg_reg[332]_i_1_n_0
    SLICE_X0Y102         CARRY4 (Prop_carry4_CI_CO[3])
                                                      0.114    16.518 r  my_clock_divider/r_reg_reg[336]_i_1/CO[3]
                         net (fo=1, routed)           0.000    16.518    my_clock_divider/r_reg_reg[336]_i_1_n_0
    SLICE_X0Y103         CARRY4 (Prop_carry4_CI_CO[3])
                                                      0.114    16.632 r  my_clock_divider/r_reg_reg[340]_i_1/CO[3]
                         net (fo=1, routed)           0.000    16.632    my_clock_divider/r_reg_reg[340]_i_1_n_0
    SLICE_X0Y104         CARRY4 (Prop_carry4_CI_CO[3])
                                                      0.114    16.746 r  my_clock_divider/r_reg_reg[344]_i_1/CO[3]
                         net (fo=1, routed)           0.000    16.746    my_clock_divider/r_reg_reg[344]_i_1_n_0
    SLICE_X0Y105         CARRY4 (Prop_carry4_CI_CO[3])
                                                      0.114    16.860 r  my_clock_divider/r_reg_reg[348]_i_1/CO[3]
                         net (fo=1, routed)           0.000    16.860    my_clock_divider/r_reg_reg[348]_i_1_n_0
    SLICE_X0Y106         CARRY4 (Prop_carry4_CI_CO[3])
                                                      0.114    16.974 r  my_clock_divider/r_reg_reg[352]_i_1/CO[3]
                         net (fo=1, routed)           0.000    16.974    my_clock_divider/r_reg_reg[352]_i_1_n_0
    SLICE_X0Y107         CARRY4 (Prop_carry4_CI_CO[3])
                                                      0.114    17.088 r  my_clock_divider/r_reg_reg[356]_i_1/CO[3]
                         net (fo=1, routed)           0.000    17.088    my_clock_divider/r_reg_reg[356]_i_1_n_0
    SLICE_X0Y108         CARRY4 (Prop_carry4_CI_CO[3])
                                                      0.114    17.202 r  my_clock_divider/r_reg_reg[360]_i_1/CO[3]
                         net (fo=1, routed)           0.000    17.202    my_clock_divider/r_reg_reg[360]_i_1_n_0
    SLICE_X0Y109         CARRY4 (Prop_carry4_CI_CO[3])
                                                      0.114    17.316 r  my_clock_divider/r_reg_reg[364]_i_1/CO[3]
                         net (fo=1, routed)           0.000    17.316    my_clock_divider/r_reg_reg[364]_i_1_n_0
    SLICE_X0Y110         CARRY4 (Prop_carry4_CI_CO[3])
                                                      0.114    17.430 r  my_clock_divider/r_reg_reg[368]_i_1/CO[3]
                         net (fo=1, routed)           0.000    17.430    my_clock_divider/r_reg_reg[368]_i_1_n_0
    SLICE_X0Y111         CARRY4 (Prop_carry4_CI_CO[3])
                                                      0.114    17.544 r  my_clock_divider/r_reg_reg[372]_i_1/CO[3]
                         net (fo=1, routed)           0.000    17.544    my_clock_divider/r_reg_reg[372]_i_1_n_0
    SLICE_X0Y112         CARRY4 (Prop_carry4_CI_CO[3])
                                                      0.114    17.658 r  my_clock_divider/r_reg_reg[376]_i_1/CO[3]
                         net (fo=1, routed)           0.000    17.658    my_clock_divider/r_reg_reg[376]_i_1_n_0
    SLICE_X0Y113         CARRY4 (Prop_carry4_CI_CO[3])
                                                      0.114    17.772 r  my_clock_divider/r_reg_reg[380]_i_1/CO[3]
                         net (fo=1, routed)           0.000    17.772    my_clock_divider/r_reg_reg[380]_i_1_n_0
    SLICE_X0Y114         CARRY4 (Prop_carry4_CI_CO[3])
                                                      0.114    17.886 r  my_clock_divider/r_reg_reg[384]_i_1/CO[3]
                         net (fo=1, routed)           0.000    17.886    my_clock_divider/r_reg_reg[384]_i_1_n_0
    SLICE_X0Y115         CARRY4 (Prop_carry4_CI_CO[3])
                                                      0.114    18.000 r  my_clock_divider/r_reg_reg[388]_i_1/CO[3]
                         net (fo=1, routed)           0.000    18.000    my_clock_divider/r_reg_reg[388]_i_1_n_0
    SLICE_X0Y116         CARRY4 (Prop_carry4_CI_CO[3])
                                                      0.114    18.114 r  my_clock_divider/r_reg_reg[392]_i_1/CO[3]
                         net (fo=1, routed)           0.000    18.114    my_clock_divider/r_reg_reg[392]_i_1_n_0
    SLICE_X0Y117         CARRY4 (Prop_carry4_CI_CO[3])
                                                      0.114    18.228 r  my_clock_divider/r_reg_reg[396]_i_1/CO[3]
                         net (fo=1, routed)           0.000    18.228    my_clock_divider/r_reg_reg[396]_i_1_n_0
    SLICE_X0Y118         CARRY4 (Prop_carry4_CI_CO[3])
                                                      0.114    18.342 r  my_clock_divider/r_reg_reg[400]_i_1/CO[3]
                         net (fo=1, routed)           0.000    18.342    my_clock_divider/r_reg_reg[400]_i_1_n_0
    SLICE_X0Y119         CARRY4 (Prop_carry4_CI_CO[3])
                                                      0.114    18.456 r  my_clock_divider/r_reg_reg[404]_i_1/CO[3]
                         net (fo=1, routed)           0.000    18.456    my_clock_divider/r_reg_reg[404]_i_1_n_0
    SLICE_X0Y120         CARRY4 (Prop_carry4_CI_CO[3])
                                                      0.114    18.570 r  my_clock_divider/r_reg_reg[408]_i_1/CO[3]
                         net (fo=1, routed)           0.000    18.570    my_clock_divider/r_reg_reg[408]_i_1_n_0
    SLICE_X0Y121         CARRY4 (Prop_carry4_CI_CO[3])
                                                      0.114    18.684 r  my_clock_divider/r_reg_reg[412]_i_1/CO[3]
                         net (fo=1, routed)           0.000    18.684    my_clock_divider/r_reg_reg[412]_i_1_n_0
    SLICE_X0Y122         CARRY4 (Prop_carry4_CI_CO[3])
                                                      0.114    18.798 r  my_clock_divider/r_reg_reg[416]_i_1/CO[3]
                         net (fo=1, routed)           0.000    18.798    my_clock_divider/r_reg_reg[416]_i_1_n_0
    SLICE_X0Y123         CARRY4 (Prop_carry4_CI_CO[3])
                                                      0.114    18.912 r  my_clock_divider/r_reg_reg[420]_i_1/CO[3]
                         net (fo=1, routed)           0.000    18.912    my_clock_divider/r_reg_reg[420]_i_1_n_0
    SLICE_X0Y124         CARRY4 (Prop_carry4_CI_CO[3])
                                                      0.114    19.026 r  my_clock_divider/r_reg_reg[424]_i_1/CO[3]
                         net (fo=1, routed)           0.009    19.035    my_clock_divider/r_reg_reg[424]_i_1_n_0
    SLICE_X0Y125         CARRY4 (Prop_carry4_CI_CO[3])
                                                      0.114    19.149 r  my_clock_divider/r_reg_reg[428]_i_1/CO[3]
                         net (fo=1, routed)           0.000    19.149    my_clock_divider/r_reg_reg[428]_i_1_n_0
    SLICE_X0Y126         CARRY4 (Prop_carry4_CI_CO[3])
                                                      0.114    19.263 r  my_clock_divider/r_reg_reg[432]_i_1/CO[3]
                         net (fo=1, routed)           0.000    19.263    my_clock_divider/r_reg_reg[432]_i_1_n_0
    SLICE_X0Y127         CARRY4 (Prop_carry4_CI_CO[3])
                                                      0.114    19.377 r  my_clock_divider/r_reg_reg[436]_i_1/CO[3]
                         net (fo=1, routed)           0.000    19.377    my_clock_divider/r_reg_reg[436]_i_1_n_0
    SLICE_X0Y128         CARRY4 (Prop_carry4_CI_CO[3])
                                                      0.114    19.491 r  my_clock_divider/r_reg_reg[440]_i_1/CO[3]
                         net (fo=1, routed)           0.000    19.491    my_clock_divider/r_reg_reg[440]_i_1_n_0
    SLICE_X0Y129         CARRY4 (Prop_carry4_CI_CO[3])
                                                      0.114    19.605 r  my_clock_divider/r_reg_reg[444]_i_1/CO[3]
                         net (fo=1, routed)           0.000    19.605    my_clock_divider/r_reg_reg[444]_i_1_n_0
    SLICE_X0Y130         CARRY4 (Prop_carry4_CI_CO[3])
                                                      0.114    19.719 r  my_clock_divider/r_reg_reg[448]_i_1/CO[3]
                         net (fo=1, routed)           0.000    19.719    my_clock_divider/r_reg_reg[448]_i_1_n_0
    SLICE_X0Y131         CARRY4 (Prop_carry4_CI_CO[3])
                                                      0.114    19.833 r  my_clock_divider/r_reg_reg[452]_i_1/CO[3]
                         net (fo=1, routed)           0.000    19.833    my_clock_divider/r_reg_reg[452]_i_1_n_0
    SLICE_X0Y132         CARRY4 (Prop_carry4_CI_CO[3])
                                                      0.114    19.947 r  my_clock_divider/r_reg_reg[456]_i_1/CO[3]
                         net (fo=1, routed)           0.000    19.947    my_clock_divider/r_reg_reg[456]_i_1_n_0
    SLICE_X0Y133         CARRY4 (Prop_carry4_CI_CO[3])
                                                      0.114    20.061 r  my_clock_divider/r_reg_reg[460]_i_1/CO[3]
                         net (fo=1, routed)           0.000    20.061    my_clock_divider/r_reg_reg[460]_i_1_n_0
    SLICE_X0Y134         CARRY4 (Prop_carry4_CI_CO[3])
                                                      0.114    20.175 r  my_clock_divider/r_reg_reg[464]_i_1/CO[3]
                         net (fo=1, routed)           0.000    20.175    my_clock_divider/r_reg_reg[464]_i_1_n_0
    SLICE_X0Y135         CARRY4 (Prop_carry4_CI_CO[3])
                                                      0.114    20.289 r  my_clock_divider/r_reg_reg[468]_i_1/CO[3]
                         net (fo=1, routed)           0.000    20.289    my_clock_divider/r_reg_reg[468]_i_1_n_0
    SLICE_X0Y136         CARRY4 (Prop_carry4_CI_CO[3])
                                                      0.114    20.403 r  my_clock_divider/r_reg_reg[472]_i_1/CO[3]
                         net (fo=1, routed)           0.000    20.403    my_clock_divider/r_reg_reg[472]_i_1_n_0
    SLICE_X0Y137         CARRY4 (Prop_carry4_CI_CO[3])
                                                      0.114    20.517 r  my_clock_divider/r_reg_reg[476]_i_1/CO[3]
                         net (fo=1, routed)           0.000    20.517    my_clock_divider/r_reg_reg[476]_i_1_n_0
    SLICE_X0Y138         CARRY4 (Prop_carry4_CI_CO[3])
                                                      0.114    20.631 r  my_clock_divider/r_reg_reg[480]_i_1/CO[3]
                         net (fo=1, routed)           0.000    20.631    my_clock_divider/r_reg_reg[480]_i_1_n_0
    SLICE_X0Y139         CARRY4 (Prop_carry4_CI_CO[3])
                                                      0.114    20.745 r  my_clock_divider/r_reg_reg[484]_i_1/CO[3]
                         net (fo=1, routed)           0.000    20.745    my_clock_divider/r_reg_reg[484]_i_1_n_0
    SLICE_X0Y140         CARRY4 (Prop_carry4_CI_CO[3])
                                                      0.114    20.859 r  my_clock_divider/r_reg_reg[488]_i_1/CO[3]
                         net (fo=1, routed)           0.000    20.859    my_clock_divider/r_reg_reg[488]_i_1_n_0
    SLICE_X0Y141         CARRY4 (Prop_carry4_CI_CO[3])
                                                      0.114    20.973 r  my_clock_divider/r_reg_reg[492]_i_1/CO[3]
                         net (fo=1, routed)           0.000    20.973    my_clock_divider/r_reg_reg[492]_i_1_n_0
    SLICE_X0Y142         CARRY4 (Prop_carry4_CI_O[3])
                                                      0.313    21.286 r  my_clock_divider/r_reg_reg[496]_i_1/O[3]
                         net (fo=1, routed)           0.000    21.286    my_clock_divider/r_reg_reg[496]_i_1_n_4
    SLICE_X0Y142         FDRE                                         r  my_clock_divider/r_reg_reg[499]/D
  -------------------------------------------------------------------    -------------------

                         (clock sys_clk_pin rise edge)
                                                     10.000    10.000 r  
    E3                                                0.000    10.000 r  clk (IN)
                         net (fo=0)                   0.000    10.000    clk
    E3                   IBUF (Prop_ibuf_I_O)         1.411    11.411 r  clk_IBUF_inst/O
                         net (fo=1, routed)           1.920    13.331    clk_IBUF
    BUFGCTRL_X0Y16       BUFG (Prop_bufg_I_O)         0.091    13.422 r  clk_IBUF_BUFG_inst/O
                         net (fo=501, routed)         1.588    15.010    my_clock_divider/clk
    SLICE_X0Y142         FDRE                                         r  my_clock_divider/r_reg_reg[499]/C
                         clock pessimism              0.180    15.190    
                         clock uncertainty           -0.035    15.155    
    SLICE_X0Y142         FDRE (Setup_fdre_C_D)        0.062    15.217    my_clock_divider/r_reg_reg[499]
  -------------------------------------------------------------------
                         required time                         15.217    
                         arrival time                         -21.286    
  -------------------------------------------------------------------
                         slack                                 -6.069    

Slack (VIOLATED) :        -5.995ns  (required time - arrival time)
  Source:                 my_clock_divider/r_reg_reg[1]/C
                            (rising edge-triggered cell FDRE clocked by sys_clk_pin  {rise@0.000ns fall@5.000ns period=10.000ns})
  Destination:            my_clock_divider/r_reg_reg[498]/D
                            (rising edge-triggered cell FDRE clocked by sys_clk_pin  {rise@0.000ns fall@5.000ns period=10.000ns})
  Path Group:             sys_clk_pin
  Path Type:              Setup (Max at Slow Process Corner)
  Requirement:            10.000ns  (sys_clk_pin rise@10.000ns - sys_clk_pin rise@0.000ns)
  Data Path Delay:        15.719ns  (logic 15.391ns (97.914%)  route 0.328ns (2.086%))
  Logic Levels:           125  (CARRY4=125)
  Clock Path Skew:        -0.303ns (DCD - SCD + CPR)
    Destination Clock Delay (DCD):    5.010ns = ( 15.010 - 10.000 ) 
    Source Clock Delay      (SCD):    5.493ns
    Clock Pessimism Removal (CPR):    0.180ns
  Clock Uncertainty:      0.035ns  ((TSJ^2 + TIJ^2)^1/2 + DJ) / 2 + PE
    Total System Jitter     (TSJ):    0.071ns
    Total Input Jitter      (TIJ):    0.000ns
    Discrete Jitter          (DJ):    0.000ns
    Phase Error              (PE):    0.000ns

    Location             Delay type                Incr(ns)  Path(ns)    Netlist Resource(s)
  -------------------------------------------------------------------    -------------------
                         (clock sys_clk_pin rise edge)
                                                      0.000     0.000 r  
    E3                                                0.000     0.000 r  clk (IN)
                         net (fo=0)                   0.000     0.000    clk
    E3                   IBUF (Prop_ibuf_I_O)         1.482     1.482 r  clk_IBUF_inst/O
                         net (fo=1, routed)           2.025     3.506    clk_IBUF
    BUFGCTRL_X0Y16       BUFG (Prop_bufg_I_O)         0.096     3.602 r  clk_IBUF_BUFG_inst/O
                         net (fo=501, routed)         1.890     5.493    my_clock_divider/clk
    SLICE_X1Y17          FDRE                                         r  my_clock_divider/r_reg_reg[1]/C
  -------------------------------------------------------------------    -------------------
    SLICE_X1Y17          FDRE (Prop_fdre_C_Q)         0.456     5.949 r  my_clock_divider/r_reg_reg[1]/Q
                         net (fo=1, routed)           0.300     6.248    my_clock_divider/r_reg_reg[1]
    SLICE_X0Y18          CARRY4 (Prop_carry4_S[1]_CO[3])
                                                      0.674     6.922 r  my_clock_divider/r_reg_reg[0]_i_1/CO[3]
                         net (fo=1, routed)           0.000     6.922    my_clock_divider/r_reg_reg[0]_i_1_n_0
    SLICE_X0Y19          CARRY4 (Prop_carry4_CI_CO[3])
                                                      0.114     7.036 r  my_clock_divider/r_reg_reg[4]_i_1/CO[3]
                         net (fo=1, routed)           0.000     7.036    my_clock_divider/r_reg_reg[4]_i_1_n_0
    SLICE_X0Y20          CARRY4 (Prop_carry4_CI_CO[3])
                                                      0.114     7.150 r  my_clock_divider/r_reg_reg[8]_i_1/CO[3]
                         net (fo=1, routed)           0.000     7.150    my_clock_divider/r_reg_reg[8]_i_1_n_0
    SLICE_X0Y21          CARRY4 (Prop_carry4_CI_CO[3])
                                                      0.114     7.264 r  my_clock_divider/r_reg_reg[12]_i_1/CO[3]
                         net (fo=1, routed)           0.000     7.264    my_clock_divider/r_reg_reg[12]_i_1_n_0
    SLICE_X0Y22          CARRY4 (Prop_carry4_CI_CO[3])
                                                      0.114     7.378 r  my_clock_divider/r_reg_reg[16]_i_1/CO[3]
                         net (fo=1, routed)           0.000     7.378    my_clock_divider/r_reg_reg[16]_i_1_n_0
    SLICE_X0Y23          CARRY4 (Prop_carry4_CI_CO[3])
                                                      0.114     7.492 r  my_clock_divider/r_reg_reg[20]_i_1/CO[3]
                         net (fo=1, routed)           0.000     7.492    my_clock_divider/r_reg_reg[20]_i_1_n_0
    SLICE_X0Y24          CARRY4 (Prop_carry4_CI_CO[3])
                                                      0.114     7.606 r  my_clock_divider/r_reg_reg[24]_i_1/CO[3]
                         net (fo=1, routed)           0.009     7.615    my_clock_divider/r_reg_reg[24]_i_1_n_0
    SLICE_X0Y25          CARRY4 (Prop_carry4_CI_CO[3])
                                                      0.114     7.729 r  my_clock_divider/r_reg_reg[28]_i_1/CO[3]
                         net (fo=1, routed)           0.000     7.729    my_clock_divider/r_reg_reg[28]_i_1_n_0
    SLICE_X0Y26          CARRY4 (Prop_carry4_CI_CO[3])
                                                      0.114     7.843 r  my_clock_divider/r_reg_reg[32]_i_1/CO[3]
                         net (fo=1, routed)           0.000     7.843    my_clock_divider/r_reg_reg[32]_i_1_n_0
    SLICE_X0Y27          CARRY4 (Prop_carry4_CI_CO[3])
                                                      0.114     7.957 r  my_clock_divider/r_reg_reg[36]_i_1/CO[3]
                         net (fo=1, routed)           0.000     7.957    my_clock_divider/r_reg_reg[36]_i_1_n_0
    SLICE_X0Y28          CARRY4 (Prop_carry4_CI_CO[3])
                                                      0.114     8.071 r  my_clock_divider/r_reg_reg[40]_i_1/CO[3]
                         net (fo=1, routed)           0.000     8.071    my_clock_divider/r_reg_reg[40]_i_1_n_0
    SLICE_X0Y29          CARRY4 (Prop_carry4_CI_CO[3])
                                                      0.114     8.185 r  my_clock_divider/r_reg_reg[44]_i_1/CO[3]
                         net (fo=1, routed)           0.000     8.185    my_clock_divider/r_reg_reg[44]_i_1_n_0
    SLICE_X0Y30          CARRY4 (Prop_carry4_CI_CO[3])
                                                      0.114     8.299 r  my_clock_divider/r_reg_reg[48]_i_1/CO[3]
                         net (fo=1, routed)           0.000     8.299    my_clock_divider/r_reg_reg[48]_i_1_n_0
    SLICE_X0Y31          CARRY4 (Prop_carry4_CI_CO[3])
                                                      0.114     8.413 r  my_clock_divider/r_reg_reg[52]_i_1/CO[3]
                         net (fo=1, routed)           0.000     8.413    my_clock_divider/r_reg_reg[52]_i_1_n_0
    SLICE_X0Y32          CARRY4 (Prop_carry4_CI_CO[3])
                                                      0.114     8.527 r  my_clock_divider/r_reg_reg[56]_i_1/CO[3]
                         net (fo=1, routed)           0.000     8.527    my_clock_divider/r_reg_reg[56]_i_1_n_0
    SLICE_X0Y33          CARRY4 (Prop_carry4_CI_CO[3])
                                                      0.114     8.641 r  my_clock_divider/r_reg_reg[60]_i_1/CO[3]
                         net (fo=1, routed)           0.000     8.641    my_clock_divider/r_reg_reg[60]_i_1_n_0
    SLICE_X0Y34          CARRY4 (Prop_carry4_CI_CO[3])
                                                      0.114     8.755 r  my_clock_divider/r_reg_reg[64]_i_1/CO[3]
                         net (fo=1, routed)           0.000     8.755    my_clock_divider/r_reg_reg[64]_i_1_n_0
    SLICE_X0Y35          CARRY4 (Prop_carry4_CI_CO[3])
                                                      0.114     8.869 r  my_clock_divider/r_reg_reg[68]_i_1/CO[3]
                         net (fo=1, routed)           0.000     8.869    my_clock_divider/r_reg_reg[68]_i_1_n_0
    SLICE_X0Y36          CARRY4 (Prop_carry4_CI_CO[3])
                                                      0.114     8.983 r  my_clock_divider/r_reg_reg[72]_i_1/CO[3]
                         net (fo=1, routed)           0.000     8.983    my_clock_divider/r_reg_reg[72]_i_1_n_0
    SLICE_X0Y37          CARRY4 (Prop_carry4_CI_CO[3])
                                                      0.114     9.097 r  my_clock_divider/r_reg_reg[76]_i_1/CO[3]
                         net (fo=1, routed)           0.000     9.097    my_clock_divider/r_reg_reg[76]_i_1_n_0
    SLICE_X0Y38          CARRY4 (Prop_carry4_CI_CO[3])
                                                      0.114     9.211 r  my_clock_divider/r_reg_reg[80]_i_1/CO[3]
                         net (fo=1, routed)           0.000     9.211    my_clock_divider/r_reg_reg[80]_i_1_n_0
    SLICE_X0Y39          CARRY4 (Prop_carry4_CI_CO[3])
                                                      0.114     9.325 r  my_clock_divider/r_reg_reg[84]_i_1/CO[3]
                         net (fo=1, routed)           0.000     9.325    my_clock_divider/r_reg_reg[84]_i_1_n_0
    SLICE_X0Y40          CARRY4 (Prop_carry4_CI_CO[3])
                                                      0.114     9.439 r  my_clock_divider/r_reg_reg[88]_i_1/CO[3]
                         net (fo=1, routed)           0.000     9.439    my_clock_divider/r_reg_reg[88]_i_1_n_0
    SLICE_X0Y41          CARRY4 (Prop_carry4_CI_CO[3])
                                                      0.114     9.553 r  my_clock_divider/r_reg_reg[92]_i_1/CO[3]
                         net (fo=1, routed)           0.000     9.553    my_clock_divider/r_reg_reg[92]_i_1_n_0
    SLICE_X0Y42          CARRY4 (Prop_carry4_CI_CO[3])
                                                      0.114     9.667 r  my_clock_divider/r_reg_reg[96]_i_1/CO[3]
                         net (fo=1, routed)           0.000     9.667    my_clock_divider/r_reg_reg[96]_i_1_n_0
    SLICE_X0Y43          CARRY4 (Prop_carry4_CI_CO[3])
                                                      0.114     9.781 r  my_clock_divider/r_reg_reg[100]_i_1/CO[3]
                         net (fo=1, routed)           0.000     9.781    my_clock_divider/r_reg_reg[100]_i_1_n_0
    SLICE_X0Y44          CARRY4 (Prop_carry4_CI_CO[3])
                                                      0.114     9.895 r  my_clock_divider/r_reg_reg[104]_i_1/CO[3]
                         net (fo=1, routed)           0.000     9.895    my_clock_divider/r_reg_reg[104]_i_1_n_0
    SLICE_X0Y45          CARRY4 (Prop_carry4_CI_CO[3])
                                                      0.114    10.009 r  my_clock_divider/r_reg_reg[108]_i_1/CO[3]
                         net (fo=1, routed)           0.000    10.009    my_clock_divider/r_reg_reg[108]_i_1_n_0
    SLICE_X0Y46          CARRY4 (Prop_carry4_CI_CO[3])
                                                      0.114    10.123 r  my_clock_divider/r_reg_reg[112]_i_1/CO[3]
                         net (fo=1, routed)           0.000    10.123    my_clock_divider/r_reg_reg[112]_i_1_n_0
    SLICE_X0Y47          CARRY4 (Prop_carry4_CI_CO[3])
                                                      0.114    10.237 r  my_clock_divider/r_reg_reg[116]_i_1/CO[3]
                         net (fo=1, routed)           0.000    10.237    my_clock_divider/r_reg_reg[116]_i_1_n_0
    SLICE_X0Y48          CARRY4 (Prop_carry4_CI_CO[3])
                                                      0.114    10.351 r  my_clock_divider/r_reg_reg[120]_i_1/CO[3]
                         net (fo=1, routed)           0.000    10.351    my_clock_divider/r_reg_reg[120]_i_1_n_0
    SLICE_X0Y49          CARRY4 (Prop_carry4_CI_CO[3])
                                                      0.114    10.465 r  my_clock_divider/r_reg_reg[124]_i_1/CO[3]
                         net (fo=1, routed)           0.001    10.466    my_clock_divider/r_reg_reg[124]_i_1_n_0
    SLICE_X0Y50          CARRY4 (Prop_carry4_CI_CO[3])
                                                      0.114    10.580 r  my_clock_divider/r_reg_reg[128]_i_1/CO[3]
                         net (fo=1, routed)           0.000    10.580    my_clock_divider/r_reg_reg[128]_i_1_n_0
    SLICE_X0Y51          CARRY4 (Prop_carry4_CI_CO[3])
                                                      0.114    10.694 r  my_clock_divider/r_reg_reg[132]_i_1/CO[3]
                         net (fo=1, routed)           0.000    10.694    my_clock_divider/r_reg_reg[132]_i_1_n_0
    SLICE_X0Y52          CARRY4 (Prop_carry4_CI_CO[3])
                                                      0.114    10.808 r  my_clock_divider/r_reg_reg[136]_i_1/CO[3]
                         net (fo=1, routed)           0.000    10.808    my_clock_divider/r_reg_reg[136]_i_1_n_0
    SLICE_X0Y53          CARRY4 (Prop_carry4_CI_CO[3])
                                                      0.114    10.922 r  my_clock_divider/r_reg_reg[140]_i_1/CO[3]
                         net (fo=1, routed)           0.000    10.922    my_clock_divider/r_reg_reg[140]_i_1_n_0
    SLICE_X0Y54          CARRY4 (Prop_carry4_CI_CO[3])
                                                      0.114    11.036 r  my_clock_divider/r_reg_reg[144]_i_1/CO[3]
                         net (fo=1, routed)           0.000    11.036    my_clock_divider/r_reg_reg[144]_i_1_n_0
    SLICE_X0Y55          CARRY4 (Prop_carry4_CI_CO[3])
                                                      0.114    11.150 r  my_clock_divider/r_reg_reg[148]_i_1/CO[3]
                         net (fo=1, routed)           0.000    11.150    my_clock_divider/r_reg_reg[148]_i_1_n_0
    SLICE_X0Y56          CARRY4 (Prop_carry4_CI_CO[3])
                                                      0.114    11.264 r  my_clock_divider/r_reg_reg[152]_i_1/CO[3]
                         net (fo=1, routed)           0.000    11.264    my_clock_divider/r_reg_reg[152]_i_1_n_0
    SLICE_X0Y57          CARRY4 (Prop_carry4_CI_CO[3])
                                                      0.114    11.378 r  my_clock_divider/r_reg_reg[156]_i_1/CO[3]
                         net (fo=1, routed)           0.000    11.378    my_clock_divider/r_reg_reg[156]_i_1_n_0
    SLICE_X0Y58          CARRY4 (Prop_carry4_CI_CO[3])
                                                      0.114    11.492 r  my_clock_divider/r_reg_reg[160]_i_1/CO[3]
                         net (fo=1, routed)           0.000    11.492    my_clock_divider/r_reg_reg[160]_i_1_n_0
    SLICE_X0Y59          CARRY4 (Prop_carry4_CI_CO[3])
                                                      0.114    11.606 r  my_clock_divider/r_reg_reg[164]_i_1/CO[3]
                         net (fo=1, routed)           0.000    11.606    my_clock_divider/r_reg_reg[164]_i_1_n_0
    SLICE_X0Y60          CARRY4 (Prop_carry4_CI_CO[3])
                                                      0.114    11.720 r  my_clock_divider/r_reg_reg[168]_i_1/CO[3]
                         net (fo=1, routed)           0.000    11.720    my_clock_divider/r_reg_reg[168]_i_1_n_0
    SLICE_X0Y61          CARRY4 (Prop_carry4_CI_CO[3])
                                                      0.114    11.834 r  my_clock_divider/r_reg_reg[172]_i_1/CO[3]
                         net (fo=1, routed)           0.000    11.834    my_clock_divider/r_reg_reg[172]_i_1_n_0
    SLICE_X0Y62          CARRY4 (Prop_carry4_CI_CO[3])
                                                      0.114    11.948 r  my_clock_divider/r_reg_reg[176]_i_1/CO[3]
                         net (fo=1, routed)           0.000    11.948    my_clock_divider/r_reg_reg[176]_i_1_n_0
    SLICE_X0Y63          CARRY4 (Prop_carry4_CI_CO[3])
                                                      0.114    12.062 r  my_clock_divider/r_reg_reg[180]_i_1/CO[3]
                         net (fo=1, routed)           0.000    12.062    my_clock_divider/r_reg_reg[180]_i_1_n_0
    SLICE_X0Y64          CARRY4 (Prop_carry4_CI_CO[3])
                                                      0.114    12.176 r  my_clock_divider/r_reg_reg[184]_i_1/CO[3]
                         net (fo=1, routed)           0.000    12.176    my_clock_divider/r_reg_reg[184]_i_1_n_0
    SLICE_X0Y65          CARRY4 (Prop_carry4_CI_CO[3])
                                                      0.114    12.290 r  my_clock_divider/r_reg_reg[188]_i_1/CO[3]
                         net (fo=1, routed)           0.000    12.290    my_clock_divider/r_reg_reg[188]_i_1_n_0
    SLICE_X0Y66          CARRY4 (Prop_carry4_CI_CO[3])
                                                      0.114    12.404 r  my_clock_divider/r_reg_reg[192]_i_1/CO[3]
                         net (fo=1, routed)           0.000    12.404    my_clock_divider/r_reg_reg[192]_i_1_n_0
    SLICE_X0Y67          CARRY4 (Prop_carry4_CI_CO[3])
                                                      0.114    12.518 r  my_clock_divider/r_reg_reg[196]_i_1/CO[3]
                         net (fo=1, routed)           0.000    12.518    my_clock_divider/r_reg_reg[196]_i_1_n_0
    SLICE_X0Y68          CARRY4 (Prop_carry4_CI_CO[3])
                                                      0.114    12.632 r  my_clock_divider/r_reg_reg[200]_i_1/CO[3]
                         net (fo=1, routed)           0.000    12.632    my_clock_divider/r_reg_reg[200]_i_1_n_0
    SLICE_X0Y69          CARRY4 (Prop_carry4_CI_CO[3])
                                                      0.114    12.746 r  my_clock_divider/r_reg_reg[204]_i_1/CO[3]
                         net (fo=1, routed)           0.000    12.746    my_clock_divider/r_reg_reg[204]_i_1_n_0
    SLICE_X0Y70          CARRY4 (Prop_carry4_CI_CO[3])
                                                      0.114    12.860 r  my_clock_divider/r_reg_reg[208]_i_1/CO[3]
                         net (fo=1, routed)           0.000    12.860    my_clock_divider/r_reg_reg[208]_i_1_n_0
    SLICE_X0Y71          CARRY4 (Prop_carry4_CI_CO[3])
                                                      0.114    12.974 r  my_clock_divider/r_reg_reg[212]_i_1/CO[3]
                         net (fo=1, routed)           0.000    12.974    my_clock_divider/r_reg_reg[212]_i_1_n_0
    SLICE_X0Y72          CARRY4 (Prop_carry4_CI_CO[3])
                                                      0.114    13.088 r  my_clock_divider/r_reg_reg[216]_i_1/CO[3]
                         net (fo=1, routed)           0.000    13.088    my_clock_divider/r_reg_reg[216]_i_1_n_0
    SLICE_X0Y73          CARRY4 (Prop_carry4_CI_CO[3])
                                                      0.114    13.202 r  my_clock_divider/r_reg_reg[220]_i_1/CO[3]
                         net (fo=1, routed)           0.000    13.202    my_clock_divider/r_reg_reg[220]_i_1_n_0
    SLICE_X0Y74          CARRY4 (Prop_carry4_CI_CO[3])
                                                      0.114    13.316 r  my_clock_divider/r_reg_reg[224]_i_1/CO[3]
                         net (fo=1, routed)           0.009    13.325    my_clock_divider/r_reg_reg[224]_i_1_n_0
    SLICE_X0Y75          CARRY4 (Prop_carry4_CI_CO[3])
                                                      0.114    13.439 r  my_clock_divider/r_reg_reg[228]_i_1/CO[3]
                         net (fo=1, routed)           0.000    13.439    my_clock_divider/r_reg_reg[228]_i_1_n_0
    SLICE_X0Y76          CARRY4 (Prop_carry4_CI_CO[3])
                                                      0.114    13.553 r  my_clock_divider/r_reg_reg[232]_i_1/CO[3]
                         net (fo=1, routed)           0.000    13.553    my_clock_divider/r_reg_reg[232]_i_1_n_0
    SLICE_X0Y77          CARRY4 (Prop_carry4_CI_CO[3])
                                                      0.114    13.667 r  my_clock_divider/r_reg_reg[236]_i_1/CO[3]
                         net (fo=1, routed)           0.000    13.667    my_clock_divider/r_reg_reg[236]_i_1_n_0
    SLICE_X0Y78          CARRY4 (Prop_carry4_CI_CO[3])
                                                      0.114    13.781 r  my_clock_divider/r_reg_reg[240]_i_1/CO[3]
                         net (fo=1, routed)           0.000    13.781    my_clock_divider/r_reg_reg[240]_i_1_n_0
    SLICE_X0Y79          CARRY4 (Prop_carry4_CI_CO[3])
                                                      0.114    13.895 r  my_clock_divider/r_reg_reg[244]_i_1/CO[3]
                         net (fo=1, routed)           0.000    13.895    my_clock_divider/r_reg_reg[244]_i_1_n_0
    SLICE_X0Y80          CARRY4 (Prop_carry4_CI_CO[3])
                                                      0.114    14.009 r  my_clock_divider/r_reg_reg[248]_i_1/CO[3]
                         net (fo=1, routed)           0.000    14.009    my_clock_divider/r_reg_reg[248]_i_1_n_0
    SLICE_X0Y81          CARRY4 (Prop_carry4_CI_CO[3])
                                                      0.114    14.123 r  my_clock_divider/r_reg_reg[252]_i_1/CO[3]
                         net (fo=1, routed)           0.000    14.123    my_clock_divider/r_reg_reg[252]_i_1_n_0
    SLICE_X0Y82          CARRY4 (Prop_carry4_CI_CO[3])
                                                      0.114    14.237 r  my_clock_divider/r_reg_reg[256]_i_1/CO[3]
                         net (fo=1, routed)           0.000    14.237    my_clock_divider/r_reg_reg[256]_i_1_n_0
    SLICE_X0Y83          CARRY4 (Prop_carry4_CI_CO[3])
                                                      0.114    14.351 r  my_clock_divider/r_reg_reg[260]_i_1/CO[3]
                         net (fo=1, routed)           0.000    14.351    my_clock_divider/r_reg_reg[260]_i_1_n_0
    SLICE_X0Y84          CARRY4 (Prop_carry4_CI_CO[3])
                                                      0.114    14.465 r  my_clock_divider/r_reg_reg[264]_i_1/CO[3]
                         net (fo=1, routed)           0.000    14.465    my_clock_divider/r_reg_reg[264]_i_1_n_0
    SLICE_X0Y85          CARRY4 (Prop_carry4_CI_CO[3])
                                                      0.114    14.579 r  my_clock_divider/r_reg_reg[268]_i_1/CO[3]
                         net (fo=1, routed)           0.000    14.579    my_clock_divider/r_reg_reg[268]_i_1_n_0
    SLICE_X0Y86          CARRY4 (Prop_carry4_CI_CO[3])
                                                      0.114    14.693 r  my_clock_divider/r_reg_reg[272]_i_1/CO[3]
                         net (fo=1, routed)           0.000    14.693    my_clock_divider/r_reg_reg[272]_i_1_n_0
    SLICE_X0Y87          CARRY4 (Prop_carry4_CI_CO[3])
                                                      0.114    14.807 r  my_clock_divider/r_reg_reg[276]_i_1/CO[3]
                         net (fo=1, routed)           0.000    14.807    my_clock_divider/r_reg_reg[276]_i_1_n_0
    SLICE_X0Y88          CARRY4 (Prop_carry4_CI_CO[3])
                                                      0.114    14.921 r  my_clock_divider/r_reg_reg[280]_i_1/CO[3]
                         net (fo=1, routed)           0.000    14.921    my_clock_divider/r_reg_reg[280]_i_1_n_0
    SLICE_X0Y89          CARRY4 (Prop_carry4_CI_CO[3])
                                                      0.114    15.035 r  my_clock_divider/r_reg_reg[284]_i_1/CO[3]
                         net (fo=1, routed)           0.000    15.035    my_clock_divider/r_reg_reg[284]_i_1_n_0
    SLICE_X0Y90          CARRY4 (Prop_carry4_CI_CO[3])
                                                      0.114    15.149 r  my_clock_divider/r_reg_reg[288]_i_1/CO[3]
                         net (fo=1, routed)           0.000    15.149    my_clock_divider/r_reg_reg[288]_i_1_n_0
    SLICE_X0Y91          CARRY4 (Prop_carry4_CI_CO[3])
                                                      0.114    15.263 r  my_clock_divider/r_reg_reg[292]_i_1/CO[3]
                         net (fo=1, routed)           0.000    15.263    my_clock_divider/r_reg_reg[292]_i_1_n_0
    SLICE_X0Y92          CARRY4 (Prop_carry4_CI_CO[3])
                                                      0.114    15.377 r  my_clock_divider/r_reg_reg[296]_i_1/CO[3]
                         net (fo=1, routed)           0.000    15.377    my_clock_divider/r_reg_reg[296]_i_1_n_0
    SLICE_X0Y93          CARRY4 (Prop_carry4_CI_CO[3])
                                                      0.114    15.491 r  my_clock_divider/r_reg_reg[300]_i_1/CO[3]
                         net (fo=1, routed)           0.000    15.491    my_clock_divider/r_reg_reg[300]_i_1_n_0
    SLICE_X0Y94          CARRY4 (Prop_carry4_CI_CO[3])
                                                      0.114    15.605 r  my_clock_divider/r_reg_reg[304]_i_1/CO[3]
                         net (fo=1, routed)           0.000    15.605    my_clock_divider/r_reg_reg[304]_i_1_n_0
    SLICE_X0Y95          CARRY4 (Prop_carry4_CI_CO[3])
                                                      0.114    15.719 r  my_clock_divider/r_reg_reg[308]_i_1/CO[3]
                         net (fo=1, routed)           0.000    15.719    my_clock_divider/r_reg_reg[308]_i_1_n_0
    SLICE_X0Y96          CARRY4 (Prop_carry4_CI_CO[3])
                                                      0.114    15.833 r  my_clock_divider/r_reg_reg[312]_i_1/CO[3]
                         net (fo=1, routed)           0.000    15.833    my_clock_divider/r_reg_reg[312]_i_1_n_0
    SLICE_X0Y97          CARRY4 (Prop_carry4_CI_CO[3])
                                                      0.114    15.947 r  my_clock_divider/r_reg_reg[316]_i_1/CO[3]
                         net (fo=1, routed)           0.000    15.947    my_clock_divider/r_reg_reg[316]_i_1_n_0
    SLICE_X0Y98          CARRY4 (Prop_carry4_CI_CO[3])
                                                      0.114    16.061 r  my_clock_divider/r_reg_reg[320]_i_1/CO[3]
                         net (fo=1, routed)           0.000    16.061    my_clock_divider/r_reg_reg[320]_i_1_n_0
    SLICE_X0Y99          CARRY4 (Prop_carry4_CI_CO[3])
                                                      0.114    16.175 r  my_clock_divider/r_reg_reg[324]_i_1/CO[3]
                         net (fo=1, routed)           0.001    16.176    my_clock_divider/r_reg_reg[324]_i_1_n_0
    SLICE_X0Y100         CARRY4 (Prop_carry4_CI_CO[3])
                                                      0.114    16.290 r  my_clock_divider/r_reg_reg[328]_i_1/CO[3]
                         net (fo=1, routed)           0.000    16.290    my_clock_divider/r_reg_reg[328]_i_1_n_0
    SLICE_X0Y101         CARRY4 (Prop_carry4_CI_CO[3])
                                                      0.114    16.404 r  my_clock_divider/r_reg_reg[332]_i_1/CO[3]
                         net (fo=1, routed)           0.000    16.404    my_clock_divider/r_reg_reg[332]_i_1_n_0
    SLICE_X0Y102         CARRY4 (Prop_carry4_CI_CO[3])
                                                      0.114    16.518 r  my_clock_divider/r_reg_reg[336]_i_1/CO[3]
                         net (fo=1, routed)           0.000    16.518    my_clock_divider/r_reg_reg[336]_i_1_n_0
    SLICE_X0Y103         CARRY4 (Prop_carry4_CI_CO[3])
                                                      0.114    16.632 r  my_clock_divider/r_reg_reg[340]_i_1/CO[3]
                         net (fo=1, routed)           0.000    16.632    my_clock_divider/r_reg_reg[340]_i_1_n_0
    SLICE_X0Y104         CARRY4 (Prop_carry4_CI_CO[3])
                                                      0.114    16.746 r  my_clock_divider/r_reg_reg[344]_i_1/CO[3]
                         net (fo=1, routed)           0.000    16.746    my_clock_divider/r_reg_reg[344]_i_1_n_0
    SLICE_X0Y105         CARRY4 (Prop_carry4_CI_CO[3])
                                                      0.114    16.860 r  my_clock_divider/r_reg_reg[348]_i_1/CO[3]
                         net (fo=1, routed)           0.000    16.860    my_clock_divider/r_reg_reg[348]_i_1_n_0
    SLICE_X0Y106         CARRY4 (Prop_carry4_CI_CO[3])
                                                      0.114    16.974 r  my_clock_divider/r_reg_reg[352]_i_1/CO[3]
                         net (fo=1, routed)           0.000    16.974    my_clock_divider/r_reg_reg[352]_i_1_n_0
    SLICE_X0Y107         CARRY4 (Prop_carry4_CI_CO[3])
                                                      0.114    17.088 r  my_clock_divider/r_reg_reg[356]_i_1/CO[3]
                         net (fo=1, routed)           0.000    17.088    my_clock_divider/r_reg_reg[356]_i_1_n_0
    SLICE_X0Y108         CARRY4 (Prop_carry4_CI_CO[3])
                                                      0.114    17.202 r  my_clock_divider/r_reg_reg[360]_i_1/CO[3]
                         net (fo=1, routed)           0.000    17.202    my_clock_divider/r_reg_reg[360]_i_1_n_0
    SLICE_X0Y109         CARRY4 (Prop_carry4_CI_CO[3])
                                                      0.114    17.316 r  my_clock_divider/r_reg_reg[364]_i_1/CO[3]
                         net (fo=1, routed)           0.000    17.316    my_clock_divider/r_reg_reg[364]_i_1_n_0
    SLICE_X0Y110         CARRY4 (Prop_carry4_CI_CO[3])
                                                      0.114    17.430 r  my_clock_divider/r_reg_reg[368]_i_1/CO[3]
                         net (fo=1, routed)           0.000    17.430    my_clock_divider/r_reg_reg[368]_i_1_n_0
    SLICE_X0Y111         CARRY4 (Prop_carry4_CI_CO[3])
                                                      0.114    17.544 r  my_clock_divider/r_reg_reg[372]_i_1/CO[3]
                         net (fo=1, routed)           0.000    17.544    my_clock_divider/r_reg_reg[372]_i_1_n_0
    SLICE_X0Y112         CARRY4 (Prop_carry4_CI_CO[3])
                                                      0.114    17.658 r  my_clock_divider/r_reg_reg[376]_i_1/CO[3]
                         net (fo=1, routed)           0.000    17.658    my_clock_divider/r_reg_reg[376]_i_1_n_0
    SLICE_X0Y113         CARRY4 (Prop_carry4_CI_CO[3])
                                                      0.114    17.772 r  my_clock_divider/r_reg_reg[380]_i_1/CO[3]
                         net (fo=1, routed)           0.000    17.772    my_clock_divider/r_reg_reg[380]_i_1_n_0
    SLICE_X0Y114         CARRY4 (Prop_carry4_CI_CO[3])
                                                      0.114    17.886 r  my_clock_divider/r_reg_reg[384]_i_1/CO[3]
                         net (fo=1, routed)           0.000    17.886    my_clock_divider/r_reg_reg[384]_i_1_n_0
    SLICE_X0Y115         CARRY4 (Prop_carry4_CI_CO[3])
                                                      0.114    18.000 r  my_clock_divider/r_reg_reg[388]_i_1/CO[3]
                         net (fo=1, routed)           0.000    18.000    my_clock_divider/r_reg_reg[388]_i_1_n_0
    SLICE_X0Y116         CARRY4 (Prop_carry4_CI_CO[3])
                                                      0.114    18.114 r  my_clock_divider/r_reg_reg[392]_i_1/CO[3]
                         net (fo=1, routed)           0.000    18.114    my_clock_divider/r_reg_reg[392]_i_1_n_0
    SLICE_X0Y117         CARRY4 (Prop_carry4_CI_CO[3])
                                                      0.114    18.228 r  my_clock_divider/r_reg_reg[396]_i_1/CO[3]
                         net (fo=1, routed)           0.000    18.228    my_clock_divider/r_reg_reg[396]_i_1_n_0
    SLICE_X0Y118         CARRY4 (Prop_carry4_CI_CO[3])
                                                      0.114    18.342 r  my_clock_divider/r_reg_reg[400]_i_1/CO[3]
                         net (fo=1, routed)           0.000    18.342    my_clock_divider/r_reg_reg[400]_i_1_n_0
    SLICE_X0Y119         CARRY4 (Prop_carry4_CI_CO[3])
                                                      0.114    18.456 r  my_clock_divider/r_reg_reg[404]_i_1/CO[3]
                         net (fo=1, routed)           0.000    18.456    my_clock_divider/r_reg_reg[404]_i_1_n_0
    SLICE_X0Y120         CARRY4 (Prop_carry4_CI_CO[3])
                                                      0.114    18.570 r  my_clock_divider/r_reg_reg[408]_i_1/CO[3]
                         net (fo=1, routed)           0.000    18.570    my_clock_divider/r_reg_reg[408]_i_1_n_0
    SLICE_X0Y121         CARRY4 (Prop_carry4_CI_CO[3])
                                                      0.114    18.684 r  my_clock_divider/r_reg_reg[412]_i_1/CO[3]
                         net (fo=1, routed)           0.000    18.684    my_clock_divider/r_reg_reg[412]_i_1_n_0
    SLICE_X0Y122         CARRY4 (Prop_carry4_CI_CO[3])
                                                      0.114    18.798 r  my_clock_divider/r_reg_reg[416]_i_1/CO[3]
                         net (fo=1, routed)           0.000    18.798    my_clock_divider/r_reg_reg[416]_i_1_n_0
    SLICE_X0Y123         CARRY4 (Prop_carry4_CI_CO[3])
                                                      0.114    18.912 r  my_clock_divider/r_reg_reg[420]_i_1/CO[3]
                         net (fo=1, routed)           0.000    18.912    my_clock_divider/r_reg_reg[420]_i_1_n_0
    SLICE_X0Y124         CARRY4 (Prop_carry4_CI_CO[3])
                                                      0.114    19.026 r  my_clock_divider/r_reg_reg[424]_i_1/CO[3]
                         net (fo=1, routed)           0.009    19.035    my_clock_divider/r_reg_reg[424]_i_1_n_0
    SLICE_X0Y125         CARRY4 (Prop_carry4_CI_CO[3])
                                                      0.114    19.149 r  my_clock_divider/r_reg_reg[428]_i_1/CO[3]
                         net (fo=1, routed)           0.000    19.149    my_clock_divider/r_reg_reg[428]_i_1_n_0
    SLICE_X0Y126         CARRY4 (Prop_carry4_CI_CO[3])
                                                      0.114    19.263 r  my_clock_divider/r_reg_reg[432]_i_1/CO[3]
                         net (fo=1, routed)           0.000    19.263    my_clock_divider/r_reg_reg[432]_i_1_n_0
    SLICE_X0Y127         CARRY4 (Prop_carry4_CI_CO[3])
                                                      0.114    19.377 r  my_clock_divider/r_reg_reg[436]_i_1/CO[3]
                         net (fo=1, routed)           0.000    19.377    my_clock_divider/r_reg_reg[436]_i_1_n_0
    SLICE_X0Y128         CARRY4 (Prop_carry4_CI_CO[3])
                                                      0.114    19.491 r  my_clock_divider/r_reg_reg[440]_i_1/CO[3]
                         net (fo=1, routed)           0.000    19.491    my_clock_divider/r_reg_reg[440]_i_1_n_0
    SLICE_X0Y129         CARRY4 (Prop_carry4_CI_CO[3])
                                                      0.114    19.605 r  my_clock_divider/r_reg_reg[444]_i_1/CO[3]
                         net (fo=1, routed)           0.000    19.605    my_clock_divider/r_reg_reg[444]_i_1_n_0
    SLICE_X0Y130         CARRY4 (Prop_carry4_CI_CO[3])
                                                      0.114    19.719 r  my_clock_divider/r_reg_reg[448]_i_1/CO[3]
                         net (fo=1, routed)           0.000    19.719    my_clock_divider/r_reg_reg[448]_i_1_n_0
    SLICE_X0Y131         CARRY4 (Prop_carry4_CI_CO[3])
                                                      0.114    19.833 r  my_clock_divider/r_reg_reg[452]_i_1/CO[3]
                         net (fo=1, routed)           0.000    19.833    my_clock_divider/r_reg_reg[452]_i_1_n_0
    SLICE_X0Y132         CARRY4 (Prop_carry4_CI_CO[3])
                                                      0.114    19.947 r  my_clock_divider/r_reg_reg[456]_i_1/CO[3]
                         net (fo=1, routed)           0.000    19.947    my_clock_divider/r_reg_reg[456]_i_1_n_0
    SLICE_X0Y133         CARRY4 (Prop_carry4_CI_CO[3])
                                                      0.114    20.061 r  my_clock_divider/r_reg_reg[460]_i_1/CO[3]
                         net (fo=1, routed)           0.000    20.061    my_clock_divider/r_reg_reg[460]_i_1_n_0
    SLICE_X0Y134         CARRY4 (Prop_carry4_CI_CO[3])
                                                      0.114    20.175 r  my_clock_divider/r_reg_reg[464]_i_1/CO[3]
                         net (fo=1, routed)           0.000    20.175    my_clock_divider/r_reg_reg[464]_i_1_n_0
    SLICE_X0Y135         CARRY4 (Prop_carry4_CI_CO[3])
                                                      0.114    20.289 r  my_clock_divider/r_reg_reg[468]_i_1/CO[3]
                         net (fo=1, routed)           0.000    20.289    my_clock_divider/r_reg_reg[468]_i_1_n_0
    SLICE_X0Y136         CARRY4 (Prop_carry4_CI_CO[3])
                                                      0.114    20.403 r  my_clock_divider/r_reg_reg[472]_i_1/CO[3]
                         net (fo=1, routed)           0.000    20.403    my_clock_divider/r_reg_reg[472]_i_1_n_0
    SLICE_X0Y137         CARRY4 (Prop_carry4_CI_CO[3])
                                                      0.114    20.517 r  my_clock_divider/r_reg_reg[476]_i_1/CO[3]
                         net (fo=1, routed)           0.000    20.517    my_clock_divider/r_reg_reg[476]_i_1_n_0
    SLICE_X0Y138         CARRY4 (Prop_carry4_CI_CO[3])
                                                      0.114    20.631 r  my_clock_divider/r_reg_reg[480]_i_1/CO[3]
                         net (fo=1, routed)           0.000    20.631    my_clock_divider/r_reg_reg[480]_i_1_n_0
    SLICE_X0Y139         CARRY4 (Prop_carry4_CI_CO[3])
                                                      0.114    20.745 r  my_clock_divider/r_reg_reg[484]_i_1/CO[3]
                         net (fo=1, routed)           0.000    20.745    my_clock_divider/r_reg_reg[484]_i_1_n_0
    SLICE_X0Y140         CARRY4 (Prop_carry4_CI_CO[3])
                                                      0.114    20.859 r  my_clock_divider/r_reg_reg[488]_i_1/CO[3]
                         net (fo=1, routed)           0.000    20.859    my_clock_divider/r_reg_reg[488]_i_1_n_0
    SLICE_X0Y141         CARRY4 (Prop_carry4_CI_CO[3])
                                                      0.114    20.973 r  my_clock_divider/r_reg_reg[492]_i_1/CO[3]
                         net (fo=1, routed)           0.000    20.973    my_clock_divider/r_reg_reg[492]_i_1_n_0
    SLICE_X0Y142         CARRY4 (Prop_carry4_CI_O[2])
                                                      0.239    21.212 r  my_clock_divider/r_reg_reg[496]_i_1/O[2]
                         net (fo=1, routed)           0.000    21.212    my_clock_divider/r_reg_reg[496]_i_1_n_5
    SLICE_X0Y142         FDRE                                         r  my_clock_divider/r_reg_reg[498]/D
  -------------------------------------------------------------------    -------------------

                         (clock sys_clk_pin rise edge)
                                                     10.000    10.000 r  
    E3                                                0.000    10.000 r  clk (IN)
                         net (fo=0)                   0.000    10.000    clk
    E3                   IBUF (Prop_ibuf_I_O)         1.411    11.411 r  clk_IBUF_inst/O
                         net (fo=1, routed)           1.920    13.331    clk_IBUF
    BUFGCTRL_X0Y16       BUFG (Prop_bufg_I_O)         0.091    13.422 r  clk_IBUF_BUFG_inst/O
                         net (fo=501, routed)         1.588    15.010    my_clock_divider/clk
    SLICE_X0Y142         FDRE                                         r  my_clock_divider/r_reg_reg[498]/C
                         clock pessimism              0.180    15.190    
                         clock uncertainty           -0.035    15.155    
    SLICE_X0Y142         FDRE (Setup_fdre_C_D)        0.062    15.217    my_clock_divider/r_reg_reg[498]
  -------------------------------------------------------------------
                         required time                         15.217    
                         arrival time                         -21.212    
  -------------------------------------------------------------------
                         slack                                 -5.995    

Slack (VIOLATED) :        -5.979ns  (required time - arrival time)
  Source:                 my_clock_divider/r_reg_reg[1]/C
                            (rising edge-triggered cell FDRE clocked by sys_clk_pin  {rise@0.000ns fall@5.000ns period=10.000ns})
  Destination:            my_clock_divider/r_reg_reg[496]/D
                            (rising edge-triggered cell FDRE clocked by sys_clk_pin  {rise@0.000ns fall@5.000ns period=10.000ns})
  Path Group:             sys_clk_pin
  Path Type:              Setup (Max at Slow Process Corner)
  Requirement:            10.000ns  (sys_clk_pin rise@10.000ns - sys_clk_pin rise@0.000ns)
  Data Path Delay:        15.703ns  (logic 15.375ns (97.912%)  route 0.328ns (2.089%))
  Logic Levels:           125  (CARRY4=125)
  Clock Path Skew:        -0.303ns (DCD - SCD + CPR)
    Destination Clock Delay (DCD):    5.010ns = ( 15.010 - 10.000 ) 
    Source Clock Delay      (SCD):    5.493ns
    Clock Pessimism Removal (CPR):    0.180ns
  Clock Uncertainty:      0.035ns  ((TSJ^2 + TIJ^2)^1/2 + DJ) / 2 + PE
    Total System Jitter     (TSJ):    0.071ns
    Total Input Jitter      (TIJ):    0.000ns
    Discrete Jitter          (DJ):    0.000ns
    Phase Error              (PE):    0.000ns

    Location             Delay type                Incr(ns)  Path(ns)    Netlist Resource(s)
  -------------------------------------------------------------------    -------------------
                         (clock sys_clk_pin rise edge)
                                                      0.000     0.000 r  
    E3                                                0.000     0.000 r  clk (IN)
                         net (fo=0)                   0.000     0.000    clk
    E3                   IBUF (Prop_ibuf_I_O)         1.482     1.482 r  clk_IBUF_inst/O
                         net (fo=1, routed)           2.025     3.506    clk_IBUF
    BUFGCTRL_X0Y16       BUFG (Prop_bufg_I_O)         0.096     3.602 r  clk_IBUF_BUFG_inst/O
                         net (fo=501, routed)         1.890     5.493    my_clock_divider/clk
    SLICE_X1Y17          FDRE                                         r  my_clock_divider/r_reg_reg[1]/C
  -------------------------------------------------------------------    -------------------
    SLICE_X1Y17          FDRE (Prop_fdre_C_Q)         0.456     5.949 r  my_clock_divider/r_reg_reg[1]/Q
                         net (fo=1, routed)           0.300     6.248    my_clock_divider/r_reg_reg[1]
    SLICE_X0Y18          CARRY4 (Prop_carry4_S[1]_CO[3])
                                                      0.674     6.922 r  my_clock_divider/r_reg_reg[0]_i_1/CO[3]
                         net (fo=1, routed)           0.000     6.922    my_clock_divider/r_reg_reg[0]_i_1_n_0
    SLICE_X0Y19          CARRY4 (Prop_carry4_CI_CO[3])
                                                      0.114     7.036 r  my_clock_divider/r_reg_reg[4]_i_1/CO[3]
                         net (fo=1, routed)           0.000     7.036    my_clock_divider/r_reg_reg[4]_i_1_n_0
    SLICE_X0Y20          CARRY4 (Prop_carry4_CI_CO[3])
                                                      0.114     7.150 r  my_clock_divider/r_reg_reg[8]_i_1/CO[3]
                         net (fo=1, routed)           0.000     7.150    my_clock_divider/r_reg_reg[8]_i_1_n_0
    SLICE_X0Y21          CARRY4 (Prop_carry4_CI_CO[3])
                                                      0.114     7.264 r  my_clock_divider/r_reg_reg[12]_i_1/CO[3]
                         net (fo=1, routed)           0.000     7.264    my_clock_divider/r_reg_reg[12]_i_1_n_0
    SLICE_X0Y22          CARRY4 (Prop_carry4_CI_CO[3])
                                                      0.114     7.378 r  my_clock_divider/r_reg_reg[16]_i_1/CO[3]
                         net (fo=1, routed)           0.000     7.378    my_clock_divider/r_reg_reg[16]_i_1_n_0
    SLICE_X0Y23          CARRY4 (Prop_carry4_CI_CO[3])
                                                      0.114     7.492 r  my_clock_divider/r_reg_reg[20]_i_1/CO[3]
                         net (fo=1, routed)           0.000     7.492    my_clock_divider/r_reg_reg[20]_i_1_n_0
    SLICE_X0Y24          CARRY4 (Prop_carry4_CI_CO[3])
                                                      0.114     7.606 r  my_clock_divider/r_reg_reg[24]_i_1/CO[3]
                         net (fo=1, routed)           0.009     7.615    my_clock_divider/r_reg_reg[24]_i_1_n_0
    SLICE_X0Y25          CARRY4 (Prop_carry4_CI_CO[3])
                                                      0.114     7.729 r  my_clock_divider/r_reg_reg[28]_i_1/CO[3]
                         net (fo=1, routed)           0.000     7.729    my_clock_divider/r_reg_reg[28]_i_1_n_0
    SLICE_X0Y26          CARRY4 (Prop_carry4_CI_CO[3])
                                                      0.114     7.843 r  my_clock_divider/r_reg_reg[32]_i_1/CO[3]
                         net (fo=1, routed)           0.000     7.843    my_clock_divider/r_reg_reg[32]_i_1_n_0
    SLICE_X0Y27          CARRY4 (Prop_carry4_CI_CO[3])
                                                      0.114     7.957 r  my_clock_divider/r_reg_reg[36]_i_1/CO[3]
                         net (fo=1, routed)           0.000     7.957    my_clock_divider/r_reg_reg[36]_i_1_n_0
    SLICE_X0Y28          CARRY4 (Prop_carry4_CI_CO[3])
                                                      0.114     8.071 r  my_clock_divider/r_reg_reg[40]_i_1/CO[3]
                         net (fo=1, routed)           0.000     8.071    my_clock_divider/r_reg_reg[40]_i_1_n_0
    SLICE_X0Y29          CARRY4 (Prop_carry4_CI_CO[3])
                                                      0.114     8.185 r  my_clock_divider/r_reg_reg[44]_i_1/CO[3]
                         net (fo=1, routed)           0.000     8.185    my_clock_divider/r_reg_reg[44]_i_1_n_0
    SLICE_X0Y30          CARRY4 (Prop_carry4_CI_CO[3])
                                                      0.114     8.299 r  my_clock_divider/r_reg_reg[48]_i_1/CO[3]
                         net (fo=1, routed)           0.000     8.299    my_clock_divider/r_reg_reg[48]_i_1_n_0
    SLICE_X0Y31          CARRY4 (Prop_carry4_CI_CO[3])
                                                      0.114     8.413 r  my_clock_divider/r_reg_reg[52]_i_1/CO[3]
                         net (fo=1, routed)           0.000     8.413    my_clock_divider/r_reg_reg[52]_i_1_n_0
    SLICE_X0Y32          CARRY4 (Prop_carry4_CI_CO[3])
                                                      0.114     8.527 r  my_clock_divider/r_reg_reg[56]_i_1/CO[3]
                         net (fo=1, routed)           0.000     8.527    my_clock_divider/r_reg_reg[56]_i_1_n_0
    SLICE_X0Y33          CARRY4 (Prop_carry4_CI_CO[3])
                                                      0.114     8.641 r  my_clock_divider/r_reg_reg[60]_i_1/CO[3]
                         net (fo=1, routed)           0.000     8.641    my_clock_divider/r_reg_reg[60]_i_1_n_0
    SLICE_X0Y34          CARRY4 (Prop_carry4_CI_CO[3])
                                                      0.114     8.755 r  my_clock_divider/r_reg_reg[64]_i_1/CO[3]
                         net (fo=1, routed)           0.000     8.755    my_clock_divider/r_reg_reg[64]_i_1_n_0
    SLICE_X0Y35          CARRY4 (Prop_carry4_CI_CO[3])
                                                      0.114     8.869 r  my_clock_divider/r_reg_reg[68]_i_1/CO[3]
                         net (fo=1, routed)           0.000     8.869    my_clock_divider/r_reg_reg[68]_i_1_n_0
    SLICE_X0Y36          CARRY4 (Prop_carry4_CI_CO[3])
                                                      0.114     8.983 r  my_clock_divider/r_reg_reg[72]_i_1/CO[3]
                         net (fo=1, routed)           0.000     8.983    my_clock_divider/r_reg_reg[72]_i_1_n_0
    SLICE_X0Y37          CARRY4 (Prop_carry4_CI_CO[3])
                                                      0.114     9.097 r  my_clock_divider/r_reg_reg[76]_i_1/CO[3]
                         net (fo=1, routed)           0.000     9.097    my_clock_divider/r_reg_reg[76]_i_1_n_0
    SLICE_X0Y38          CARRY4 (Prop_carry4_CI_CO[3])
                                                      0.114     9.211 r  my_clock_divider/r_reg_reg[80]_i_1/CO[3]
                         net (fo=1, routed)           0.000     9.211    my_clock_divider/r_reg_reg[80]_i_1_n_0
    SLICE_X0Y39          CARRY4 (Prop_carry4_CI_CO[3])
                                                      0.114     9.325 r  my_clock_divider/r_reg_reg[84]_i_1/CO[3]
                         net (fo=1, routed)           0.000     9.325    my_clock_divider/r_reg_reg[84]_i_1_n_0
    SLICE_X0Y40          CARRY4 (Prop_carry4_CI_CO[3])
                                                      0.114     9.439 r  my_clock_divider/r_reg_reg[88]_i_1/CO[3]
                         net (fo=1, routed)           0.000     9.439    my_clock_divider/r_reg_reg[88]_i_1_n_0
    SLICE_X0Y41          CARRY4 (Prop_carry4_CI_CO[3])
                                                      0.114     9.553 r  my_clock_divider/r_reg_reg[92]_i_1/CO[3]
                         net (fo=1, routed)           0.000     9.553    my_clock_divider/r_reg_reg[92]_i_1_n_0
    SLICE_X0Y42          CARRY4 (Prop_carry4_CI_CO[3])
                                                      0.114     9.667 r  my_clock_divider/r_reg_reg[96]_i_1/CO[3]
                         net (fo=1, routed)           0.000     9.667    my_clock_divider/r_reg_reg[96]_i_1_n_0
    SLICE_X0Y43          CARRY4 (Prop_carry4_CI_CO[3])
                                                      0.114     9.781 r  my_clock_divider/r_reg_reg[100]_i_1/CO[3]
                         net (fo=1, routed)           0.000     9.781    my_clock_divider/r_reg_reg[100]_i_1_n_0
    SLICE_X0Y44          CARRY4 (Prop_carry4_CI_CO[3])
                                                      0.114     9.895 r  my_clock_divider/r_reg_reg[104]_i_1/CO[3]
                         net (fo=1, routed)           0.000     9.895    my_clock_divider/r_reg_reg[104]_i_1_n_0
    SLICE_X0Y45          CARRY4 (Prop_carry4_CI_CO[3])
                                                      0.114    10.009 r  my_clock_divider/r_reg_reg[108]_i_1/CO[3]
                         net (fo=1, routed)           0.000    10.009    my_clock_divider/r_reg_reg[108]_i_1_n_0
    SLICE_X0Y46          CARRY4 (Prop_carry4_CI_CO[3])
                                                      0.114    10.123 r  my_clock_divider/r_reg_reg[112]_i_1/CO[3]
                         net (fo=1, routed)           0.000    10.123    my_clock_divider/r_reg_reg[112]_i_1_n_0
    SLICE_X0Y47          CARRY4 (Prop_carry4_CI_CO[3])
                                                      0.114    10.237 r  my_clock_divider/r_reg_reg[116]_i_1/CO[3]
                         net (fo=1, routed)           0.000    10.237    my_clock_divider/r_reg_reg[116]_i_1_n_0
    SLICE_X0Y48          CARRY4 (Prop_carry4_CI_CO[3])
                                                      0.114    10.351 r  my_clock_divider/r_reg_reg[120]_i_1/CO[3]
                         net (fo=1, routed)           0.000    10.351    my_clock_divider/r_reg_reg[120]_i_1_n_0
    SLICE_X0Y49          CARRY4 (Prop_carry4_CI_CO[3])
                                                      0.114    10.465 r  my_clock_divider/r_reg_reg[124]_i_1/CO[3]
                         net (fo=1, routed)           0.001    10.466    my_clock_divider/r_reg_reg[124]_i_1_n_0
    SLICE_X0Y50          CARRY4 (Prop_carry4_CI_CO[3])
                                                      0.114    10.580 r  my_clock_divider/r_reg_reg[128]_i_1/CO[3]
                         net (fo=1, routed)           0.000    10.580    my_clock_divider/r_reg_reg[128]_i_1_n_0
    SLICE_X0Y51          CARRY4 (Prop_carry4_CI_CO[3])
                                                      0.114    10.694 r  my_clock_divider/r_reg_reg[132]_i_1/CO[3]
                         net (fo=1, routed)           0.000    10.694    my_clock_divider/r_reg_reg[132]_i_1_n_0
    SLICE_X0Y52          CARRY4 (Prop_carry4_CI_CO[3])
                                                      0.114    10.808 r  my_clock_divider/r_reg_reg[136]_i_1/CO[3]
                         net (fo=1, routed)           0.000    10.808    my_clock_divider/r_reg_reg[136]_i_1_n_0
    SLICE_X0Y53          CARRY4 (Prop_carry4_CI_CO[3])
                                                      0.114    10.922 r  my_clock_divider/r_reg_reg[140]_i_1/CO[3]
                         net (fo=1, routed)           0.000    10.922    my_clock_divider/r_reg_reg[140]_i_1_n_0
    SLICE_X0Y54          CARRY4 (Prop_carry4_CI_CO[3])
                                                      0.114    11.036 r  my_clock_divider/r_reg_reg[144]_i_1/CO[3]
                         net (fo=1, routed)           0.000    11.036    my_clock_divider/r_reg_reg[144]_i_1_n_0
    SLICE_X0Y55          CARRY4 (Prop_carry4_CI_CO[3])
                                                      0.114    11.150 r  my_clock_divider/r_reg_reg[148]_i_1/CO[3]
                         net (fo=1, routed)           0.000    11.150    my_clock_divider/r_reg_reg[148]_i_1_n_0
    SLICE_X0Y56          CARRY4 (Prop_carry4_CI_CO[3])
                                                      0.114    11.264 r  my_clock_divider/r_reg_reg[152]_i_1/CO[3]
                         net (fo=1, routed)           0.000    11.264    my_clock_divider/r_reg_reg[152]_i_1_n_0
    SLICE_X0Y57          CARRY4 (Prop_carry4_CI_CO[3])
                                                      0.114    11.378 r  my_clock_divider/r_reg_reg[156]_i_1/CO[3]
                         net (fo=1, routed)           0.000    11.378    my_clock_divider/r_reg_reg[156]_i_1_n_0
    SLICE_X0Y58          CARRY4 (Prop_carry4_CI_CO[3])
                                                      0.114    11.492 r  my_clock_divider/r_reg_reg[160]_i_1/CO[3]
                         net (fo=1, routed)           0.000    11.492    my_clock_divider/r_reg_reg[160]_i_1_n_0
    SLICE_X0Y59          CARRY4 (Prop_carry4_CI_CO[3])
                                                      0.114    11.606 r  my_clock_divider/r_reg_reg[164]_i_1/CO[3]
                         net (fo=1, routed)           0.000    11.606    my_clock_divider/r_reg_reg[164]_i_1_n_0
    SLICE_X0Y60          CARRY4 (Prop_carry4_CI_CO[3])
                                                      0.114    11.720 r  my_clock_divider/r_reg_reg[168]_i_1/CO[3]
                         net (fo=1, routed)           0.000    11.720    my_clock_divider/r_reg_reg[168]_i_1_n_0
    SLICE_X0Y61          CARRY4 (Prop_carry4_CI_CO[3])
                                                      0.114    11.834 r  my_clock_divider/r_reg_reg[172]_i_1/CO[3]
                         net (fo=1, routed)           0.000    11.834    my_clock_divider/r_reg_reg[172]_i_1_n_0
    SLICE_X0Y62          CARRY4 (Prop_carry4_CI_CO[3])
                                                      0.114    11.948 r  my_clock_divider/r_reg_reg[176]_i_1/CO[3]
                         net (fo=1, routed)           0.000    11.948    my_clock_divider/r_reg_reg[176]_i_1_n_0
    SLICE_X0Y63          CARRY4 (Prop_carry4_CI_CO[3])
                                                      0.114    12.062 r  my_clock_divider/r_reg_reg[180]_i_1/CO[3]
                         net (fo=1, routed)           0.000    12.062    my_clock_divider/r_reg_reg[180]_i_1_n_0
    SLICE_X0Y64          CARRY4 (Prop_carry4_CI_CO[3])
                                                      0.114    12.176 r  my_clock_divider/r_reg_reg[184]_i_1/CO[3]
                         net (fo=1, routed)           0.000    12.176    my_clock_divider/r_reg_reg[184]_i_1_n_0
    SLICE_X0Y65          CARRY4 (Prop_carry4_CI_CO[3])
                                                      0.114    12.290 r  my_clock_divider/r_reg_reg[188]_i_1/CO[3]
                         net (fo=1, routed)           0.000    12.290    my_clock_divider/r_reg_reg[188]_i_1_n_0
    SLICE_X0Y66          CARRY4 (Prop_carry4_CI_CO[3])
                                                      0.114    12.404 r  my_clock_divider/r_reg_reg[192]_i_1/CO[3]
                         net (fo=1, routed)           0.000    12.404    my_clock_divider/r_reg_reg[192]_i_1_n_0
    SLICE_X0Y67          CARRY4 (Prop_carry4_CI_CO[3])
                                                      0.114    12.518 r  my_clock_divider/r_reg_reg[196]_i_1/CO[3]
                         net (fo=1, routed)           0.000    12.518    my_clock_divider/r_reg_reg[196]_i_1_n_0
    SLICE_X0Y68          CARRY4 (Prop_carry4_CI_CO[3])
                                                      0.114    12.632 r  my_clock_divider/r_reg_reg[200]_i_1/CO[3]
                         net (fo=1, routed)           0.000    12.632    my_clock_divider/r_reg_reg[200]_i_1_n_0
    SLICE_X0Y69          CARRY4 (Prop_carry4_CI_CO[3])
                                                      0.114    12.746 r  my_clock_divider/r_reg_reg[204]_i_1/CO[3]
                         net (fo=1, routed)           0.000    12.746    my_clock_divider/r_reg_reg[204]_i_1_n_0
    SLICE_X0Y70          CARRY4 (Prop_carry4_CI_CO[3])
                                                      0.114    12.860 r  my_clock_divider/r_reg_reg[208]_i_1/CO[3]
                         net (fo=1, routed)           0.000    12.860    my_clock_divider/r_reg_reg[208]_i_1_n_0
    SLICE_X0Y71          CARRY4 (Prop_carry4_CI_CO[3])
                                                      0.114    12.974 r  my_clock_divider/r_reg_reg[212]_i_1/CO[3]
                         net (fo=1, routed)           0.000    12.974    my_clock_divider/r_reg_reg[212]_i_1_n_0
    SLICE_X0Y72          CARRY4 (Prop_carry4_CI_CO[3])
                                                      0.114    13.088 r  my_clock_divider/r_reg_reg[216]_i_1/CO[3]
                         net (fo=1, routed)           0.000    13.088    my_clock_divider/r_reg_reg[216]_i_1_n_0
    SLICE_X0Y73          CARRY4 (Prop_carry4_CI_CO[3])
                                                      0.114    13.202 r  my_clock_divider/r_reg_reg[220]_i_1/CO[3]
                         net (fo=1, routed)           0.000    13.202    my_clock_divider/r_reg_reg[220]_i_1_n_0
    SLICE_X0Y74          CARRY4 (Prop_carry4_CI_CO[3])
                                                      0.114    13.316 r  my_clock_divider/r_reg_reg[224]_i_1/CO[3]
                         net (fo=1, routed)           0.009    13.325    my_clock_divider/r_reg_reg[224]_i_1_n_0
    SLICE_X0Y75          CARRY4 (Prop_carry4_CI_CO[3])
                                                      0.114    13.439 r  my_clock_divider/r_reg_reg[228]_i_1/CO[3]
                         net (fo=1, routed)           0.000    13.439    my_clock_divider/r_reg_reg[228]_i_1_n_0
    SLICE_X0Y76          CARRY4 (Prop_carry4_CI_CO[3])
                                                      0.114    13.553 r  my_clock_divider/r_reg_reg[232]_i_1/CO[3]
                         net (fo=1, routed)           0.000    13.553    my_clock_divider/r_reg_reg[232]_i_1_n_0
    SLICE_X0Y77          CARRY4 (Prop_carry4_CI_CO[3])
                                                      0.114    13.667 r  my_clock_divider/r_reg_reg[236]_i_1/CO[3]
                         net (fo=1, routed)           0.000    13.667    my_clock_divider/r_reg_reg[236]_i_1_n_0
    SLICE_X0Y78          CARRY4 (Prop_carry4_CI_CO[3])
                                                      0.114    13.781 r  my_clock_divider/r_reg_reg[240]_i_1/CO[3]
                         net (fo=1, routed)           0.000    13.781    my_clock_divider/r_reg_reg[240]_i_1_n_0
    SLICE_X0Y79          CARRY4 (Prop_carry4_CI_CO[3])
                                                      0.114    13.895 r  my_clock_divider/r_reg_reg[244]_i_1/CO[3]
                         net (fo=1, routed)           0.000    13.895    my_clock_divider/r_reg_reg[244]_i_1_n_0
    SLICE_X0Y80          CARRY4 (Prop_carry4_CI_CO[3])
                                                      0.114    14.009 r  my_clock_divider/r_reg_reg[248]_i_1/CO[3]
                         net (fo=1, routed)           0.000    14.009    my_clock_divider/r_reg_reg[248]_i_1_n_0
    SLICE_X0Y81          CARRY4 (Prop_carry4_CI_CO[3])
                                                      0.114    14.123 r  my_clock_divider/r_reg_reg[252]_i_1/CO[3]
                         net (fo=1, routed)           0.000    14.123    my_clock_divider/r_reg_reg[252]_i_1_n_0
    SLICE_X0Y82          CARRY4 (Prop_carry4_CI_CO[3])
                                                      0.114    14.237 r  my_clock_divider/r_reg_reg[256]_i_1/CO[3]
                         net (fo=1, routed)           0.000    14.237    my_clock_divider/r_reg_reg[256]_i_1_n_0
    SLICE_X0Y83          CARRY4 (Prop_carry4_CI_CO[3])
                                                      0.114    14.351 r  my_clock_divider/r_reg_reg[260]_i_1/CO[3]
                         net (fo=1, routed)           0.000    14.351    my_clock_divider/r_reg_reg[260]_i_1_n_0
    SLICE_X0Y84          CARRY4 (Prop_carry4_CI_CO[3])
                                                      0.114    14.465 r  my_clock_divider/r_reg_reg[264]_i_1/CO[3]
                         net (fo=1, routed)           0.000    14.465    my_clock_divider/r_reg_reg[264]_i_1_n_0
    SLICE_X0Y85          CARRY4 (Prop_carry4_CI_CO[3])
                                                      0.114    14.579 r  my_clock_divider/r_reg_reg[268]_i_1/CO[3]
                         net (fo=1, routed)           0.000    14.579    my_clock_divider/r_reg_reg[268]_i_1_n_0
    SLICE_X0Y86          CARRY4 (Prop_carry4_CI_CO[3])
                                                      0.114    14.693 r  my_clock_divider/r_reg_reg[272]_i_1/CO[3]
                         net (fo=1, routed)           0.000    14.693    my_clock_divider/r_reg_reg[272]_i_1_n_0
    SLICE_X0Y87          CARRY4 (Prop_carry4_CI_CO[3])
                                                      0.114    14.807 r  my_clock_divider/r_reg_reg[276]_i_1/CO[3]
                         net (fo=1, routed)           0.000    14.807    my_clock_divider/r_reg_reg[276]_i_1_n_0
    SLICE_X0Y88          CARRY4 (Prop_carry4_CI_CO[3])
                                                      0.114    14.921 r  my_clock_divider/r_reg_reg[280]_i_1/CO[3]
                         net (fo=1, routed)           0.000    14.921    my_clock_divider/r_reg_reg[280]_i_1_n_0
    SLICE_X0Y89          CARRY4 (Prop_carry4_CI_CO[3])
                                                      0.114    15.035 r  my_clock_divider/r_reg_reg[284]_i_1/CO[3]
                         net (fo=1, routed)           0.000    15.035    my_clock_divider/r_reg_reg[284]_i_1_n_0
    SLICE_X0Y90          CARRY4 (Prop_carry4_CI_CO[3])
                                                      0.114    15.149 r  my_clock_divider/r_reg_reg[288]_i_1/CO[3]
                         net (fo=1, routed)           0.000    15.149    my_clock_divider/r_reg_reg[288]_i_1_n_0
    SLICE_X0Y91          CARRY4 (Prop_carry4_CI_CO[3])
                                                      0.114    15.263 r  my_clock_divider/r_reg_reg[292]_i_1/CO[3]
                         net (fo=1, routed)           0.000    15.263    my_clock_divider/r_reg_reg[292]_i_1_n_0
    SLICE_X0Y92          CARRY4 (Prop_carry4_CI_CO[3])
                                                      0.114    15.377 r  my_clock_divider/r_reg_reg[296]_i_1/CO[3]
                         net (fo=1, routed)           0.000    15.377    my_clock_divider/r_reg_reg[296]_i_1_n_0
    SLICE_X0Y93          CARRY4 (Prop_carry4_CI_CO[3])
                                                      0.114    15.491 r  my_clock_divider/r_reg_reg[300]_i_1/CO[3]
                         net (fo=1, routed)           0.000    15.491    my_clock_divider/r_reg_reg[300]_i_1_n_0
    SLICE_X0Y94          CARRY4 (Prop_carry4_CI_CO[3])
                                                      0.114    15.605 r  my_clock_divider/r_reg_reg[304]_i_1/CO[3]
                         net (fo=1, routed)           0.000    15.605    my_clock_divider/r_reg_reg[304]_i_1_n_0
    SLICE_X0Y95          CARRY4 (Prop_carry4_CI_CO[3])
                                                      0.114    15.719 r  my_clock_divider/r_reg_reg[308]_i_1/CO[3]
                         net (fo=1, routed)           0.000    15.719    my_clock_divider/r_reg_reg[308]_i_1_n_0
    SLICE_X0Y96          CARRY4 (Prop_carry4_CI_CO[3])
                                                      0.114    15.833 r  my_clock_divider/r_reg_reg[312]_i_1/CO[3]
                         net (fo=1, routed)           0.000    15.833    my_clock_divider/r_reg_reg[312]_i_1_n_0
    SLICE_X0Y97          CARRY4 (Prop_carry4_CI_CO[3])
                                                      0.114    15.947 r  my_clock_divider/r_reg_reg[316]_i_1/CO[3]
                         net (fo=1, routed)           0.000    15.947    my_clock_divider/r_reg_reg[316]_i_1_n_0
    SLICE_X0Y98          CARRY4 (Prop_carry4_CI_CO[3])
                                                      0.114    16.061 r  my_clock_divider/r_reg_reg[320]_i_1/CO[3]
                         net (fo=1, routed)           0.000    16.061    my_clock_divider/r_reg_reg[320]_i_1_n_0
    SLICE_X0Y99          CARRY4 (Prop_carry4_CI_CO[3])
                                                      0.114    16.175 r  my_clock_divider/r_reg_reg[324]_i_1/CO[3]
                         net (fo=1, routed)           0.001    16.176    my_clock_divider/r_reg_reg[324]_i_1_n_0
    SLICE_X0Y100         CARRY4 (Prop_carry4_CI_CO[3])
                                                      0.114    16.290 r  my_clock_divider/r_reg_reg[328]_i_1/CO[3]
                         net (fo=1, routed)           0.000    16.290    my_clock_divider/r_reg_reg[328]_i_1_n_0
    SLICE_X0Y101         CARRY4 (Prop_carry4_CI_CO[3])
                                                      0.114    16.404 r  my_clock_divider/r_reg_reg[332]_i_1/CO[3]
                         net (fo=1, routed)           0.000    16.404    my_clock_divider/r_reg_reg[332]_i_1_n_0
    SLICE_X0Y102         CARRY4 (Prop_carry4_CI_CO[3])
                                                      0.114    16.518 r  my_clock_divider/r_reg_reg[336]_i_1/CO[3]
                         net (fo=1, routed)           0.000    16.518    my_clock_divider/r_reg_reg[336]_i_1_n_0
    SLICE_X0Y103         CARRY4 (Prop_carry4_CI_CO[3])
                                                      0.114    16.632 r  my_clock_divider/r_reg_reg[340]_i_1/CO[3]
                         net (fo=1, routed)           0.000    16.632    my_clock_divider/r_reg_reg[340]_i_1_n_0
    SLICE_X0Y104         CARRY4 (Prop_carry4_CI_CO[3])
                                                      0.114    16.746 r  my_clock_divider/r_reg_reg[344]_i_1/CO[3]
                         net (fo=1, routed)           0.000    16.746    my_clock_divider/r_reg_reg[344]_i_1_n_0
    SLICE_X0Y105         CARRY4 (Prop_carry4_CI_CO[3])
                                                      0.114    16.860 r  my_clock_divider/r_reg_reg[348]_i_1/CO[3]
                         net (fo=1, routed)           0.000    16.860    my_clock_divider/r_reg_reg[348]_i_1_n_0
    SLICE_X0Y106         CARRY4 (Prop_carry4_CI_CO[3])
                                                      0.114    16.974 r  my_clock_divider/r_reg_reg[352]_i_1/CO[3]
                         net (fo=1, routed)           0.000    16.974    my_clock_divider/r_reg_reg[352]_i_1_n_0
    SLICE_X0Y107         CARRY4 (Prop_carry4_CI_CO[3])
                                                      0.114    17.088 r  my_clock_divider/r_reg_reg[356]_i_1/CO[3]
                         net (fo=1, routed)           0.000    17.088    my_clock_divider/r_reg_reg[356]_i_1_n_0
    SLICE_X0Y108         CARRY4 (Prop_carry4_CI_CO[3])
                                                      0.114    17.202 r  my_clock_divider/r_reg_reg[360]_i_1/CO[3]
                         net (fo=1, routed)           0.000    17.202    my_clock_divider/r_reg_reg[360]_i_1_n_0
    SLICE_X0Y109         CARRY4 (Prop_carry4_CI_CO[3])
                                                      0.114    17.316 r  my_clock_divider/r_reg_reg[364]_i_1/CO[3]
                         net (fo=1, routed)           0.000    17.316    my_clock_divider/r_reg_reg[364]_i_1_n_0
    SLICE_X0Y110         CARRY4 (Prop_carry4_CI_CO[3])
                                                      0.114    17.430 r  my_clock_divider/r_reg_reg[368]_i_1/CO[3]
                         net (fo=1, routed)           0.000    17.430    my_clock_divider/r_reg_reg[368]_i_1_n_0
    SLICE_X0Y111         CARRY4 (Prop_carry4_CI_CO[3])
                                                      0.114    17.544 r  my_clock_divider/r_reg_reg[372]_i_1/CO[3]
                         net (fo=1, routed)           0.000    17.544    my_clock_divider/r_reg_reg[372]_i_1_n_0
    SLICE_X0Y112         CARRY4 (Prop_carry4_CI_CO[3])
                                                      0.114    17.658 r  my_clock_divider/r_reg_reg[376]_i_1/CO[3]
                         net (fo=1, routed)           0.000    17.658    my_clock_divider/r_reg_reg[376]_i_1_n_0
    SLICE_X0Y113         CARRY4 (Prop_carry4_CI_CO[3])
                                                      0.114    17.772 r  my_clock_divider/r_reg_reg[380]_i_1/CO[3]
                         net (fo=1, routed)           0.000    17.772    my_clock_divider/r_reg_reg[380]_i_1_n_0
    SLICE_X0Y114         CARRY4 (Prop_carry4_CI_CO[3])
                                                      0.114    17.886 r  my_clock_divider/r_reg_reg[384]_i_1/CO[3]
                         net (fo=1, routed)           0.000    17.886    my_clock_divider/r_reg_reg[384]_i_1_n_0
    SLICE_X0Y115         CARRY4 (Prop_carry4_CI_CO[3])
                                                      0.114    18.000 r  my_clock_divider/r_reg_reg[388]_i_1/CO[3]
                         net (fo=1, routed)           0.000    18.000    my_clock_divider/r_reg_reg[388]_i_1_n_0
    SLICE_X0Y116         CARRY4 (Prop_carry4_CI_CO[3])
                                                      0.114    18.114 r  my_clock_divider/r_reg_reg[392]_i_1/CO[3]
                         net (fo=1, routed)           0.000    18.114    my_clock_divider/r_reg_reg[392]_i_1_n_0
    SLICE_X0Y117         CARRY4 (Prop_carry4_CI_CO[3])
                                                      0.114    18.228 r  my_clock_divider/r_reg_reg[396]_i_1/CO[3]
                         net (fo=1, routed)           0.000    18.228    my_clock_divider/r_reg_reg[396]_i_1_n_0
    SLICE_X0Y118         CARRY4 (Prop_carry4_CI_CO[3])
                                                      0.114    18.342 r  my_clock_divider/r_reg_reg[400]_i_1/CO[3]
                         net (fo=1, routed)           0.000    18.342    my_clock_divider/r_reg_reg[400]_i_1_n_0
    SLICE_X0Y119         CARRY4 (Prop_carry4_CI_CO[3])
                                                      0.114    18.456 r  my_clock_divider/r_reg_reg[404]_i_1/CO[3]
                         net (fo=1, routed)           0.000    18.456    my_clock_divider/r_reg_reg[404]_i_1_n_0
    SLICE_X0Y120         CARRY4 (Prop_carry4_CI_CO[3])
                                                      0.114    18.570 r  my_clock_divider/r_reg_reg[408]_i_1/CO[3]
                         net (fo=1, routed)           0.000    18.570    my_clock_divider/r_reg_reg[408]_i_1_n_0
    SLICE_X0Y121         CARRY4 (Prop_carry4_CI_CO[3])
                                                      0.114    18.684 r  my_clock_divider/r_reg_reg[412]_i_1/CO[3]
                         net (fo=1, routed)           0.000    18.684    my_clock_divider/r_reg_reg[412]_i_1_n_0
    SLICE_X0Y122         CARRY4 (Prop_carry4_CI_CO[3])
                                                      0.114    18.798 r  my_clock_divider/r_reg_reg[416]_i_1/CO[3]
                         net (fo=1, routed)           0.000    18.798    my_clock_divider/r_reg_reg[416]_i_1_n_0
    SLICE_X0Y123         CARRY4 (Prop_carry4_CI_CO[3])
                                                      0.114    18.912 r  my_clock_divider/r_reg_reg[420]_i_1/CO[3]
                         net (fo=1, routed)           0.000    18.912    my_clock_divider/r_reg_reg[420]_i_1_n_0
    SLICE_X0Y124         CARRY4 (Prop_carry4_CI_CO[3])
                                                      0.114    19.026 r  my_clock_divider/r_reg_reg[424]_i_1/CO[3]
                         net (fo=1, routed)           0.009    19.035    my_clock_divider/r_reg_reg[424]_i_1_n_0
    SLICE_X0Y125         CARRY4 (Prop_carry4_CI_CO[3])
                                                      0.114    19.149 r  my_clock_divider/r_reg_reg[428]_i_1/CO[3]
                         net (fo=1, routed)           0.000    19.149    my_clock_divider/r_reg_reg[428]_i_1_n_0
    SLICE_X0Y126         CARRY4 (Prop_carry4_CI_CO[3])
                                                      0.114    19.263 r  my_clock_divider/r_reg_reg[432]_i_1/CO[3]
                         net (fo=1, routed)           0.000    19.263    my_clock_divider/r_reg_reg[432]_i_1_n_0
    SLICE_X0Y127         CARRY4 (Prop_carry4_CI_CO[3])
                                                      0.114    19.377 r  my_clock_divider/r_reg_reg[436]_i_1/CO[3]
                         net (fo=1, routed)           0.000    19.377    my_clock_divider/r_reg_reg[436]_i_1_n_0
    SLICE_X0Y128         CARRY4 (Prop_carry4_CI_CO[3])
                                                      0.114    19.491 r  my_clock_divider/r_reg_reg[440]_i_1/CO[3]
                         net (fo=1, routed)           0.000    19.491    my_clock_divider/r_reg_reg[440]_i_1_n_0
    SLICE_X0Y129         CARRY4 (Prop_carry4_CI_CO[3])
                                                      0.114    19.605 r  my_clock_divider/r_reg_reg[444]_i_1/CO[3]
                         net (fo=1, routed)           0.000    19.605    my_clock_divider/r_reg_reg[444]_i_1_n_0
    SLICE_X0Y130         CARRY4 (Prop_carry4_CI_CO[3])
                                                      0.114    19.719 r  my_clock_divider/r_reg_reg[448]_i_1/CO[3]
                         net (fo=1, routed)           0.000    19.719    my_clock_divider/r_reg_reg[448]_i_1_n_0
    SLICE_X0Y131         CARRY4 (Prop_carry4_CI_CO[3])
                                                      0.114    19.833 r  my_clock_divider/r_reg_reg[452]_i_1/CO[3]
                         net (fo=1, routed)           0.000    19.833    my_clock_divider/r_reg_reg[452]_i_1_n_0
    SLICE_X0Y132         CARRY4 (Prop_carry4_CI_CO[3])
                                                      0.114    19.947 r  my_clock_divider/r_reg_reg[456]_i_1/CO[3]
                         net (fo=1, routed)           0.000    19.947    my_clock_divider/r_reg_reg[456]_i_1_n_0
    SLICE_X0Y133         CARRY4 (Prop_carry4_CI_CO[3])
                                                      0.114    20.061 r  my_clock_divider/r_reg_reg[460]_i_1/CO[3]
                         net (fo=1, routed)           0.000    20.061    my_clock_divider/r_reg_reg[460]_i_1_n_0
    SLICE_X0Y134         CARRY4 (Prop_carry4_CI_CO[3])
                                                      0.114    20.175 r  my_clock_divider/r_reg_reg[464]_i_1/CO[3]
                         net (fo=1, routed)           0.000    20.175    my_clock_divider/r_reg_reg[464]_i_1_n_0
    SLICE_X0Y135         CARRY4 (Prop_carry4_CI_CO[3])
                                                      0.114    20.289 r  my_clock_divider/r_reg_reg[468]_i_1/CO[3]
                         net (fo=1, routed)           0.000    20.289    my_clock_divider/r_reg_reg[468]_i_1_n_0
    SLICE_X0Y136         CARRY4 (Prop_carry4_CI_CO[3])
                                                      0.114    20.403 r  my_clock_divider/r_reg_reg[472]_i_1/CO[3]
                         net (fo=1, routed)           0.000    20.403    my_clock_divider/r_reg_reg[472]_i_1_n_0
    SLICE_X0Y137         CARRY4 (Prop_carry4_CI_CO[3])
                                                      0.114    20.517 r  my_clock_divider/r_reg_reg[476]_i_1/CO[3]
                         net (fo=1, routed)           0.000    20.517    my_clock_divider/r_reg_reg[476]_i_1_n_0
    SLICE_X0Y138         CARRY4 (Prop_carry4_CI_CO[3])
                                                      0.114    20.631 r  my_clock_divider/r_reg_reg[480]_i_1/CO[3]
                         net (fo=1, routed)           0.000    20.631    my_clock_divider/r_reg_reg[480]_i_1_n_0
    SLICE_X0Y139         CARRY4 (Prop_carry4_CI_CO[3])
                                                      0.114    20.745 r  my_clock_divider/r_reg_reg[484]_i_1/CO[3]
                         net (fo=1, routed)           0.000    20.745    my_clock_divider/r_reg_reg[484]_i_1_n_0
    SLICE_X0Y140         CARRY4 (Prop_carry4_CI_CO[3])
                                                      0.114    20.859 r  my_clock_divider/r_reg_reg[488]_i_1/CO[3]
                         net (fo=1, routed)           0.000    20.859    my_clock_divider/r_reg_reg[488]_i_1_n_0
    SLICE_X0Y141         CARRY4 (Prop_carry4_CI_CO[3])
                                                      0.114    20.973 r  my_clock_divider/r_reg_reg[492]_i_1/CO[3]
                         net (fo=1, routed)           0.000    20.973    my_clock_divider/r_reg_reg[492]_i_1_n_0
    SLICE_X0Y142         CARRY4 (Prop_carry4_CI_O[0])
                                                      0.223    21.196 r  my_clock_divider/r_reg_reg[496]_i_1/O[0]
                         net (fo=1, routed)           0.000    21.196    my_clock_divider/r_reg_reg[496]_i_1_n_7
    SLICE_X0Y142         FDRE                                         r  my_clock_divider/r_reg_reg[496]/D
  -------------------------------------------------------------------    -------------------

                         (clock sys_clk_pin rise edge)
                                                     10.000    10.000 r  
    E3                                                0.000    10.000 r  clk (IN)
                         net (fo=0)                   0.000    10.000    clk
    E3                   IBUF (Prop_ibuf_I_O)         1.411    11.411 r  clk_IBUF_inst/O
                         net (fo=1, routed)           1.920    13.331    clk_IBUF
    BUFGCTRL_X0Y16       BUFG (Prop_bufg_I_O)         0.091    13.422 r  clk_IBUF_BUFG_inst/O
                         net (fo=501, routed)         1.588    15.010    my_clock_divider/clk
    SLICE_X0Y142         FDRE                                         r  my_clock_divider/r_reg_reg[496]/C
                         clock pessimism              0.180    15.190    
                         clock uncertainty           -0.035    15.155    
    SLICE_X0Y142         FDRE (Setup_fdre_C_D)        0.062    15.217    my_clock_divider/r_reg_reg[496]
  -------------------------------------------------------------------
                         required time                         15.217    
                         arrival time                         -21.196    
  -------------------------------------------------------------------
                         slack                                 -5.979    

Slack (VIOLATED) :        -5.976ns  (required time - arrival time)
  Source:                 my_clock_divider/r_reg_reg[1]/C
                            (rising edge-triggered cell FDRE clocked by sys_clk_pin  {rise@0.000ns fall@5.000ns period=10.000ns})
  Destination:            my_clock_divider/r_reg_reg[493]/D
                            (rising edge-triggered cell FDRE clocked by sys_clk_pin  {rise@0.000ns fall@5.000ns period=10.000ns})
  Path Group:             sys_clk_pin
  Path Type:              Setup (Max at Slow Process Corner)
  Requirement:            10.000ns  (sys_clk_pin rise@10.000ns - sys_clk_pin rise@0.000ns)
  Data Path Delay:        15.700ns  (logic 15.372ns (97.911%)  route 0.328ns (2.089%))
  Logic Levels:           124  (CARRY4=124)
  Clock Path Skew:        -0.303ns (DCD - SCD + CPR)
    Destination Clock Delay (DCD):    5.010ns = ( 15.010 - 10.000 ) 
    Source Clock Delay      (SCD):    5.493ns
    Clock Pessimism Removal (CPR):    0.180ns
  Clock Uncertainty:      0.035ns  ((TSJ^2 + TIJ^2)^1/2 + DJ) / 2 + PE
    Total System Jitter     (TSJ):    0.071ns
    Total Input Jitter      (TIJ):    0.000ns
    Discrete Jitter          (DJ):    0.000ns
    Phase Error              (PE):    0.000ns

    Location             Delay type                Incr(ns)  Path(ns)    Netlist Resource(s)
  -------------------------------------------------------------------    -------------------
                         (clock sys_clk_pin rise edge)
                                                      0.000     0.000 r  
    E3                                                0.000     0.000 r  clk (IN)
                         net (fo=0)                   0.000     0.000    clk
    E3                   IBUF (Prop_ibuf_I_O)         1.482     1.482 r  clk_IBUF_inst/O
                         net (fo=1, routed)           2.025     3.506    clk_IBUF
    BUFGCTRL_X0Y16       BUFG (Prop_bufg_I_O)         0.096     3.602 r  clk_IBUF_BUFG_inst/O
                         net (fo=501, routed)         1.890     5.493    my_clock_divider/clk
    SLICE_X1Y17          FDRE                                         r  my_clock_divider/r_reg_reg[1]/C
  -------------------------------------------------------------------    -------------------
    SLICE_X1Y17          FDRE (Prop_fdre_C_Q)         0.456     5.949 r  my_clock_divider/r_reg_reg[1]/Q
                         net (fo=1, routed)           0.300     6.248    my_clock_divider/r_reg_reg[1]
    SLICE_X0Y18          CARRY4 (Prop_carry4_S[1]_CO[3])
                                                      0.674     6.922 r  my_clock_divider/r_reg_reg[0]_i_1/CO[3]
                         net (fo=1, routed)           0.000     6.922    my_clock_divider/r_reg_reg[0]_i_1_n_0
    SLICE_X0Y19          CARRY4 (Prop_carry4_CI_CO[3])
                                                      0.114     7.036 r  my_clock_divider/r_reg_reg[4]_i_1/CO[3]
                         net (fo=1, routed)           0.000     7.036    my_clock_divider/r_reg_reg[4]_i_1_n_0
    SLICE_X0Y20          CARRY4 (Prop_carry4_CI_CO[3])
                                                      0.114     7.150 r  my_clock_divider/r_reg_reg[8]_i_1/CO[3]
                         net (fo=1, routed)           0.000     7.150    my_clock_divider/r_reg_reg[8]_i_1_n_0
    SLICE_X0Y21          CARRY4 (Prop_carry4_CI_CO[3])
                                                      0.114     7.264 r  my_clock_divider/r_reg_reg[12]_i_1/CO[3]
                         net (fo=1, routed)           0.000     7.264    my_clock_divider/r_reg_reg[12]_i_1_n_0
    SLICE_X0Y22          CARRY4 (Prop_carry4_CI_CO[3])
                                                      0.114     7.378 r  my_clock_divider/r_reg_reg[16]_i_1/CO[3]
                         net (fo=1, routed)           0.000     7.378    my_clock_divider/r_reg_reg[16]_i_1_n_0
    SLICE_X0Y23          CARRY4 (Prop_carry4_CI_CO[3])
                                                      0.114     7.492 r  my_clock_divider/r_reg_reg[20]_i_1/CO[3]
                         net (fo=1, routed)           0.000     7.492    my_clock_divider/r_reg_reg[20]_i_1_n_0
    SLICE_X0Y24          CARRY4 (Prop_carry4_CI_CO[3])
                                                      0.114     7.606 r  my_clock_divider/r_reg_reg[24]_i_1/CO[3]
                         net (fo=1, routed)           0.009     7.615    my_clock_divider/r_reg_reg[24]_i_1_n_0
    SLICE_X0Y25          CARRY4 (Prop_carry4_CI_CO[3])
                                                      0.114     7.729 r  my_clock_divider/r_reg_reg[28]_i_1/CO[3]
                         net (fo=1, routed)           0.000     7.729    my_clock_divider/r_reg_reg[28]_i_1_n_0
    SLICE_X0Y26          CARRY4 (Prop_carry4_CI_CO[3])
                                                      0.114     7.843 r  my_clock_divider/r_reg_reg[32]_i_1/CO[3]
                         net (fo=1, routed)           0.000     7.843    my_clock_divider/r_reg_reg[32]_i_1_n_0
    SLICE_X0Y27          CARRY4 (Prop_carry4_CI_CO[3])
                                                      0.114     7.957 r  my_clock_divider/r_reg_reg[36]_i_1/CO[3]
                         net (fo=1, routed)           0.000     7.957    my_clock_divider/r_reg_reg[36]_i_1_n_0
    SLICE_X0Y28          CARRY4 (Prop_carry4_CI_CO[3])
                                                      0.114     8.071 r  my_clock_divider/r_reg_reg[40]_i_1/CO[3]
                         net (fo=1, routed)           0.000     8.071    my_clock_divider/r_reg_reg[40]_i_1_n_0
    SLICE_X0Y29          CARRY4 (Prop_carry4_CI_CO[3])
                                                      0.114     8.185 r  my_clock_divider/r_reg_reg[44]_i_1/CO[3]
                         net (fo=1, routed)           0.000     8.185    my_clock_divider/r_reg_reg[44]_i_1_n_0
    SLICE_X0Y30          CARRY4 (Prop_carry4_CI_CO[3])
                                                      0.114     8.299 r  my_clock_divider/r_reg_reg[48]_i_1/CO[3]
                         net (fo=1, routed)           0.000     8.299    my_clock_divider/r_reg_reg[48]_i_1_n_0
    SLICE_X0Y31          CARRY4 (Prop_carry4_CI_CO[3])
                                                      0.114     8.413 r  my_clock_divider/r_reg_reg[52]_i_1/CO[3]
                         net (fo=1, routed)           0.000     8.413    my_clock_divider/r_reg_reg[52]_i_1_n_0
    SLICE_X0Y32          CARRY4 (Prop_carry4_CI_CO[3])
                                                      0.114     8.527 r  my_clock_divider/r_reg_reg[56]_i_1/CO[3]
                         net (fo=1, routed)           0.000     8.527    my_clock_divider/r_reg_reg[56]_i_1_n_0
    SLICE_X0Y33          CARRY4 (Prop_carry4_CI_CO[3])
                                                      0.114     8.641 r  my_clock_divider/r_reg_reg[60]_i_1/CO[3]
                         net (fo=1, routed)           0.000     8.641    my_clock_divider/r_reg_reg[60]_i_1_n_0
    SLICE_X0Y34          CARRY4 (Prop_carry4_CI_CO[3])
                                                      0.114     8.755 r  my_clock_divider/r_reg_reg[64]_i_1/CO[3]
                         net (fo=1, routed)           0.000     8.755    my_clock_divider/r_reg_reg[64]_i_1_n_0
    SLICE_X0Y35          CARRY4 (Prop_carry4_CI_CO[3])
                                                      0.114     8.869 r  my_clock_divider/r_reg_reg[68]_i_1/CO[3]
                         net (fo=1, routed)           0.000     8.869    my_clock_divider/r_reg_reg[68]_i_1_n_0
    SLICE_X0Y36          CARRY4 (Prop_carry4_CI_CO[3])
                                                      0.114     8.983 r  my_clock_divider/r_reg_reg[72]_i_1/CO[3]
                         net (fo=1, routed)           0.000     8.983    my_clock_divider/r_reg_reg[72]_i_1_n_0
    SLICE_X0Y37          CARRY4 (Prop_carry4_CI_CO[3])
                                                      0.114     9.097 r  my_clock_divider/r_reg_reg[76]_i_1/CO[3]
                         net (fo=1, routed)           0.000     9.097    my_clock_divider/r_reg_reg[76]_i_1_n_0
    SLICE_X0Y38          CARRY4 (Prop_carry4_CI_CO[3])
                                                      0.114     9.211 r  my_clock_divider/r_reg_reg[80]_i_1/CO[3]
                         net (fo=1, routed)           0.000     9.211    my_clock_divider/r_reg_reg[80]_i_1_n_0
    SLICE_X0Y39          CARRY4 (Prop_carry4_CI_CO[3])
                                                      0.114     9.325 r  my_clock_divider/r_reg_reg[84]_i_1/CO[3]
                         net (fo=1, routed)           0.000     9.325    my_clock_divider/r_reg_reg[84]_i_1_n_0
    SLICE_X0Y40          CARRY4 (Prop_carry4_CI_CO[3])
                                                      0.114     9.439 r  my_clock_divider/r_reg_reg[88]_i_1/CO[3]
                         net (fo=1, routed)           0.000     9.439    my_clock_divider/r_reg_reg[88]_i_1_n_0
    SLICE_X0Y41          CARRY4 (Prop_carry4_CI_CO[3])
                                                      0.114     9.553 r  my_clock_divider/r_reg_reg[92]_i_1/CO[3]
                         net (fo=1, routed)           0.000     9.553    my_clock_divider/r_reg_reg[92]_i_1_n_0
    SLICE_X0Y42          CARRY4 (Prop_carry4_CI_CO[3])
                                                      0.114     9.667 r  my_clock_divider/r_reg_reg[96]_i_1/CO[3]
                         net (fo=1, routed)           0.000     9.667    my_clock_divider/r_reg_reg[96]_i_1_n_0
    SLICE_X0Y43          CARRY4 (Prop_carry4_CI_CO[3])
                                                      0.114     9.781 r  my_clock_divider/r_reg_reg[100]_i_1/CO[3]
                         net (fo=1, routed)           0.000     9.781    my_clock_divider/r_reg_reg[100]_i_1_n_0
    SLICE_X0Y44          CARRY4 (Prop_carry4_CI_CO[3])
                                                      0.114     9.895 r  my_clock_divider/r_reg_reg[104]_i_1/CO[3]
                         net (fo=1, routed)           0.000     9.895    my_clock_divider/r_reg_reg[104]_i_1_n_0
    SLICE_X0Y45          CARRY4 (Prop_carry4_CI_CO[3])
                                                      0.114    10.009 r  my_clock_divider/r_reg_reg[108]_i_1/CO[3]
                         net (fo=1, routed)           0.000    10.009    my_clock_divider/r_reg_reg[108]_i_1_n_0
    SLICE_X0Y46          CARRY4 (Prop_carry4_CI_CO[3])
                                                      0.114    10.123 r  my_clock_divider/r_reg_reg[112]_i_1/CO[3]
                         net (fo=1, routed)           0.000    10.123    my_clock_divider/r_reg_reg[112]_i_1_n_0
    SLICE_X0Y47          CARRY4 (Prop_carry4_CI_CO[3])
                                                      0.114    10.237 r  my_clock_divider/r_reg_reg[116]_i_1/CO[3]
                         net (fo=1, routed)           0.000    10.237    my_clock_divider/r_reg_reg[116]_i_1_n_0
    SLICE_X0Y48          CARRY4 (Prop_carry4_CI_CO[3])
                                                      0.114    10.351 r  my_clock_divider/r_reg_reg[120]_i_1/CO[3]
                         net (fo=1, routed)           0.000    10.351    my_clock_divider/r_reg_reg[120]_i_1_n_0
    SLICE_X0Y49          CARRY4 (Prop_carry4_CI_CO[3])
                                                      0.114    10.465 r  my_clock_divider/r_reg_reg[124]_i_1/CO[3]
                         net (fo=1, routed)           0.001    10.466    my_clock_divider/r_reg_reg[124]_i_1_n_0
    SLICE_X0Y50          CARRY4 (Prop_carry4_CI_CO[3])
                                                      0.114    10.580 r  my_clock_divider/r_reg_reg[128]_i_1/CO[3]
                         net (fo=1, routed)           0.000    10.580    my_clock_divider/r_reg_reg[128]_i_1_n_0
    SLICE_X0Y51          CARRY4 (Prop_carry4_CI_CO[3])
                                                      0.114    10.694 r  my_clock_divider/r_reg_reg[132]_i_1/CO[3]
                         net (fo=1, routed)           0.000    10.694    my_clock_divider/r_reg_reg[132]_i_1_n_0
    SLICE_X0Y52          CARRY4 (Prop_carry4_CI_CO[3])
                                                      0.114    10.808 r  my_clock_divider/r_reg_reg[136]_i_1/CO[3]
                         net (fo=1, routed)           0.000    10.808    my_clock_divider/r_reg_reg[136]_i_1_n_0
    SLICE_X0Y53          CARRY4 (Prop_carry4_CI_CO[3])
                                                      0.114    10.922 r  my_clock_divider/r_reg_reg[140]_i_1/CO[3]
                         net (fo=1, routed)           0.000    10.922    my_clock_divider/r_reg_reg[140]_i_1_n_0
    SLICE_X0Y54          CARRY4 (Prop_carry4_CI_CO[3])
                                                      0.114    11.036 r  my_clock_divider/r_reg_reg[144]_i_1/CO[3]
                         net (fo=1, routed)           0.000    11.036    my_clock_divider/r_reg_reg[144]_i_1_n_0
    SLICE_X0Y55          CARRY4 (Prop_carry4_CI_CO[3])
                                                      0.114    11.150 r  my_clock_divider/r_reg_reg[148]_i_1/CO[3]
                         net (fo=1, routed)           0.000    11.150    my_clock_divider/r_reg_reg[148]_i_1_n_0
    SLICE_X0Y56          CARRY4 (Prop_carry4_CI_CO[3])
                                                      0.114    11.264 r  my_clock_divider/r_reg_reg[152]_i_1/CO[3]
                         net (fo=1, routed)           0.000    11.264    my_clock_divider/r_reg_reg[152]_i_1_n_0
    SLICE_X0Y57          CARRY4 (Prop_carry4_CI_CO[3])
                                                      0.114    11.378 r  my_clock_divider/r_reg_reg[156]_i_1/CO[3]
                         net (fo=1, routed)           0.000    11.378    my_clock_divider/r_reg_reg[156]_i_1_n_0
    SLICE_X0Y58          CARRY4 (Prop_carry4_CI_CO[3])
                                                      0.114    11.492 r  my_clock_divider/r_reg_reg[160]_i_1/CO[3]
                         net (fo=1, routed)           0.000    11.492    my_clock_divider/r_reg_reg[160]_i_1_n_0
    SLICE_X0Y59          CARRY4 (Prop_carry4_CI_CO[3])
                                                      0.114    11.606 r  my_clock_divider/r_reg_reg[164]_i_1/CO[3]
                         net (fo=1, routed)           0.000    11.606    my_clock_divider/r_reg_reg[164]_i_1_n_0
    SLICE_X0Y60          CARRY4 (Prop_carry4_CI_CO[3])
                                                      0.114    11.720 r  my_clock_divider/r_reg_reg[168]_i_1/CO[3]
                         net (fo=1, routed)           0.000    11.720    my_clock_divider/r_reg_reg[168]_i_1_n_0
    SLICE_X0Y61          CARRY4 (Prop_carry4_CI_CO[3])
                                                      0.114    11.834 r  my_clock_divider/r_reg_reg[172]_i_1/CO[3]
                         net (fo=1, routed)           0.000    11.834    my_clock_divider/r_reg_reg[172]_i_1_n_0
    SLICE_X0Y62          CARRY4 (Prop_carry4_CI_CO[3])
                                                      0.114    11.948 r  my_clock_divider/r_reg_reg[176]_i_1/CO[3]
                         net (fo=1, routed)           0.000    11.948    my_clock_divider/r_reg_reg[176]_i_1_n_0
    SLICE_X0Y63          CARRY4 (Prop_carry4_CI_CO[3])
                                                      0.114    12.062 r  my_clock_divider/r_reg_reg[180]_i_1/CO[3]
                         net (fo=1, routed)           0.000    12.062    my_clock_divider/r_reg_reg[180]_i_1_n_0
    SLICE_X0Y64          CARRY4 (Prop_carry4_CI_CO[3])
                                                      0.114    12.176 r  my_clock_divider/r_reg_reg[184]_i_1/CO[3]
                         net (fo=1, routed)           0.000    12.176    my_clock_divider/r_reg_reg[184]_i_1_n_0
    SLICE_X0Y65          CARRY4 (Prop_carry4_CI_CO[3])
                                                      0.114    12.290 r  my_clock_divider/r_reg_reg[188]_i_1/CO[3]
                         net (fo=1, routed)           0.000    12.290    my_clock_divider/r_reg_reg[188]_i_1_n_0
    SLICE_X0Y66          CARRY4 (Prop_carry4_CI_CO[3])
                                                      0.114    12.404 r  my_clock_divider/r_reg_reg[192]_i_1/CO[3]
                         net (fo=1, routed)           0.000    12.404    my_clock_divider/r_reg_reg[192]_i_1_n_0
    SLICE_X0Y67          CARRY4 (Prop_carry4_CI_CO[3])
                                                      0.114    12.518 r  my_clock_divider/r_reg_reg[196]_i_1/CO[3]
                         net (fo=1, routed)           0.000    12.518    my_clock_divider/r_reg_reg[196]_i_1_n_0
    SLICE_X0Y68          CARRY4 (Prop_carry4_CI_CO[3])
                                                      0.114    12.632 r  my_clock_divider/r_reg_reg[200]_i_1/CO[3]
                         net (fo=1, routed)           0.000    12.632    my_clock_divider/r_reg_reg[200]_i_1_n_0
    SLICE_X0Y69          CARRY4 (Prop_carry4_CI_CO[3])
                                                      0.114    12.746 r  my_clock_divider/r_reg_reg[204]_i_1/CO[3]
                         net (fo=1, routed)           0.000    12.746    my_clock_divider/r_reg_reg[204]_i_1_n_0
    SLICE_X0Y70          CARRY4 (Prop_carry4_CI_CO[3])
                                                      0.114    12.860 r  my_clock_divider/r_reg_reg[208]_i_1/CO[3]
                         net (fo=1, routed)           0.000    12.860    my_clock_divider/r_reg_reg[208]_i_1_n_0
    SLICE_X0Y71          CARRY4 (Prop_carry4_CI_CO[3])
                                                      0.114    12.974 r  my_clock_divider/r_reg_reg[212]_i_1/CO[3]
                         net (fo=1, routed)           0.000    12.974    my_clock_divider/r_reg_reg[212]_i_1_n_0
    SLICE_X0Y72          CARRY4 (Prop_carry4_CI_CO[3])
                                                      0.114    13.088 r  my_clock_divider/r_reg_reg[216]_i_1/CO[3]
                         net (fo=1, routed)           0.000    13.088    my_clock_divider/r_reg_reg[216]_i_1_n_0
    SLICE_X0Y73          CARRY4 (Prop_carry4_CI_CO[3])
                                                      0.114    13.202 r  my_clock_divider/r_reg_reg[220]_i_1/CO[3]
                         net (fo=1, routed)           0.000    13.202    my_clock_divider/r_reg_reg[220]_i_1_n_0
    SLICE_X0Y74          CARRY4 (Prop_carry4_CI_CO[3])
                                                      0.114    13.316 r  my_clock_divider/r_reg_reg[224]_i_1/CO[3]
                         net (fo=1, routed)           0.009    13.325    my_clock_divider/r_reg_reg[224]_i_1_n_0
    SLICE_X0Y75          CARRY4 (Prop_carry4_CI_CO[3])
                                                      0.114    13.439 r  my_clock_divider/r_reg_reg[228]_i_1/CO[3]
                         net (fo=1, routed)           0.000    13.439    my_clock_divider/r_reg_reg[228]_i_1_n_0
    SLICE_X0Y76          CARRY4 (Prop_carry4_CI_CO[3])
                                                      0.114    13.553 r  my_clock_divider/r_reg_reg[232]_i_1/CO[3]
                         net (fo=1, routed)           0.000    13.553    my_clock_divider/r_reg_reg[232]_i_1_n_0
    SLICE_X0Y77          CARRY4 (Prop_carry4_CI_CO[3])
                                                      0.114    13.667 r  my_clock_divider/r_reg_reg[236]_i_1/CO[3]
                         net (fo=1, routed)           0.000    13.667    my_clock_divider/r_reg_reg[236]_i_1_n_0
    SLICE_X0Y78          CARRY4 (Prop_carry4_CI_CO[3])
                                                      0.114    13.781 r  my_clock_divider/r_reg_reg[240]_i_1/CO[3]
                         net (fo=1, routed)           0.000    13.781    my_clock_divider/r_reg_reg[240]_i_1_n_0
    SLICE_X0Y79          CARRY4 (Prop_carry4_CI_CO[3])
                                                      0.114    13.895 r  my_clock_divider/r_reg_reg[244]_i_1/CO[3]
                         net (fo=1, routed)           0.000    13.895    my_clock_divider/r_reg_reg[244]_i_1_n_0
    SLICE_X0Y80          CARRY4 (Prop_carry4_CI_CO[3])
                                                      0.114    14.009 r  my_clock_divider/r_reg_reg[248]_i_1/CO[3]
                         net (fo=1, routed)           0.000    14.009    my_clock_divider/r_reg_reg[248]_i_1_n_0
    SLICE_X0Y81          CARRY4 (Prop_carry4_CI_CO[3])
                                                      0.114    14.123 r  my_clock_divider/r_reg_reg[252]_i_1/CO[3]
                         net (fo=1, routed)           0.000    14.123    my_clock_divider/r_reg_reg[252]_i_1_n_0
    SLICE_X0Y82          CARRY4 (Prop_carry4_CI_CO[3])
                                                      0.114    14.237 r  my_clock_divider/r_reg_reg[256]_i_1/CO[3]
                         net (fo=1, routed)           0.000    14.237    my_clock_divider/r_reg_reg[256]_i_1_n_0
    SLICE_X0Y83          CARRY4 (Prop_carry4_CI_CO[3])
                                                      0.114    14.351 r  my_clock_divider/r_reg_reg[260]_i_1/CO[3]
                         net (fo=1, routed)           0.000    14.351    my_clock_divider/r_reg_reg[260]_i_1_n_0
    SLICE_X0Y84          CARRY4 (Prop_carry4_CI_CO[3])
                                                      0.114    14.465 r  my_clock_divider/r_reg_reg[264]_i_1/CO[3]
                         net (fo=1, routed)           0.000    14.465    my_clock_divider/r_reg_reg[264]_i_1_n_0
    SLICE_X0Y85          CARRY4 (Prop_carry4_CI_CO[3])
                                                      0.114    14.579 r  my_clock_divider/r_reg_reg[268]_i_1/CO[3]
                         net (fo=1, routed)           0.000    14.579    my_clock_divider/r_reg_reg[268]_i_1_n_0
    SLICE_X0Y86          CARRY4 (Prop_carry4_CI_CO[3])
                                                      0.114    14.693 r  my_clock_divider/r_reg_reg[272]_i_1/CO[3]
                         net (fo=1, routed)           0.000    14.693    my_clock_divider/r_reg_reg[272]_i_1_n_0
    SLICE_X0Y87          CARRY4 (Prop_carry4_CI_CO[3])
                                                      0.114    14.807 r  my_clock_divider/r_reg_reg[276]_i_1/CO[3]
                         net (fo=1, routed)           0.000    14.807    my_clock_divider/r_reg_reg[276]_i_1_n_0
    SLICE_X0Y88          CARRY4 (Prop_carry4_CI_CO[3])
                                                      0.114    14.921 r  my_clock_divider/r_reg_reg[280]_i_1/CO[3]
                         net (fo=1, routed)           0.000    14.921    my_clock_divider/r_reg_reg[280]_i_1_n_0
    SLICE_X0Y89          CARRY4 (Prop_carry4_CI_CO[3])
                                                      0.114    15.035 r  my_clock_divider/r_reg_reg[284]_i_1/CO[3]
                         net (fo=1, routed)           0.000    15.035    my_clock_divider/r_reg_reg[284]_i_1_n_0
    SLICE_X0Y90          CARRY4 (Prop_carry4_CI_CO[3])
                                                      0.114    15.149 r  my_clock_divider/r_reg_reg[288]_i_1/CO[3]
                         net (fo=1, routed)           0.000    15.149    my_clock_divider/r_reg_reg[288]_i_1_n_0
    SLICE_X0Y91          CARRY4 (Prop_carry4_CI_CO[3])
                                                      0.114    15.263 r  my_clock_divider/r_reg_reg[292]_i_1/CO[3]
                         net (fo=1, routed)           0.000    15.263    my_clock_divider/r_reg_reg[292]_i_1_n_0
    SLICE_X0Y92          CARRY4 (Prop_carry4_CI_CO[3])
                                                      0.114    15.377 r  my_clock_divider/r_reg_reg[296]_i_1/CO[3]
                         net (fo=1, routed)           0.000    15.377    my_clock_divider/r_reg_reg[296]_i_1_n_0
    SLICE_X0Y93          CARRY4 (Prop_carry4_CI_CO[3])
                                                      0.114    15.491 r  my_clock_divider/r_reg_reg[300]_i_1/CO[3]
                         net (fo=1, routed)           0.000    15.491    my_clock_divider/r_reg_reg[300]_i_1_n_0
    SLICE_X0Y94          CARRY4 (Prop_carry4_CI_CO[3])
                                                      0.114    15.605 r  my_clock_divider/r_reg_reg[304]_i_1/CO[3]
                         net (fo=1, routed)           0.000    15.605    my_clock_divider/r_reg_reg[304]_i_1_n_0
    SLICE_X0Y95          CARRY4 (Prop_carry4_CI_CO[3])
                                                      0.114    15.719 r  my_clock_divider/r_reg_reg[308]_i_1/CO[3]
                         net (fo=1, routed)           0.000    15.719    my_clock_divider/r_reg_reg[308]_i_1_n_0
    SLICE_X0Y96          CARRY4 (Prop_carry4_CI_CO[3])
                                                      0.114    15.833 r  my_clock_divider/r_reg_reg[312]_i_1/CO[3]
                         net (fo=1, routed)           0.000    15.833    my_clock_divider/r_reg_reg[312]_i_1_n_0
    SLICE_X0Y97          CARRY4 (Prop_carry4_CI_CO[3])
                                                      0.114    15.947 r  my_clock_divider/r_reg_reg[316]_i_1/CO[3]
                         net (fo=1, routed)           0.000    15.947    my_clock_divider/r_reg_reg[316]_i_1_n_0
    SLICE_X0Y98          CARRY4 (Prop_carry4_CI_CO[3])
                                                      0.114    16.061 r  my_clock_divider/r_reg_reg[320]_i_1/CO[3]
                         net (fo=1, routed)           0.000    16.061    my_clock_divider/r_reg_reg[320]_i_1_n_0
    SLICE_X0Y99          CARRY4 (Prop_carry4_CI_CO[3])
                                                      0.114    16.175 r  my_clock_divider/r_reg_reg[324]_i_1/CO[3]
                         net (fo=1, routed)           0.001    16.176    my_clock_divider/r_reg_reg[324]_i_1_n_0
    SLICE_X0Y100         CARRY4 (Prop_carry4_CI_CO[3])
                                                      0.114    16.290 r  my_clock_divider/r_reg_reg[328]_i_1/CO[3]
                         net (fo=1, routed)           0.000    16.290    my_clock_divider/r_reg_reg[328]_i_1_n_0
    SLICE_X0Y101         CARRY4 (Prop_carry4_CI_CO[3])
                                                      0.114    16.404 r  my_clock_divider/r_reg_reg[332]_i_1/CO[3]
                         net (fo=1, routed)           0.000    16.404    my_clock_divider/r_reg_reg[332]_i_1_n_0
    SLICE_X0Y102         CARRY4 (Prop_carry4_CI_CO[3])
                                                      0.114    16.518 r  my_clock_divider/r_reg_reg[336]_i_1/CO[3]
                         net (fo=1, routed)           0.000    16.518    my_clock_divider/r_reg_reg[336]_i_1_n_0
    SLICE_X0Y103         CARRY4 (Prop_carry4_CI_CO[3])
                                                      0.114    16.632 r  my_clock_divider/r_reg_reg[340]_i_1/CO[3]
                         net (fo=1, routed)           0.000    16.632    my_clock_divider/r_reg_reg[340]_i_1_n_0
    SLICE_X0Y104         CARRY4 (Prop_carry4_CI_CO[3])
                                                      0.114    16.746 r  my_clock_divider/r_reg_reg[344]_i_1/CO[3]
                         net (fo=1, routed)           0.000    16.746    my_clock_divider/r_reg_reg[344]_i_1_n_0
    SLICE_X0Y105         CARRY4 (Prop_carry4_CI_CO[3])
                                                      0.114    16.860 r  my_clock_divider/r_reg_reg[348]_i_1/CO[3]
                         net (fo=1, routed)           0.000    16.860    my_clock_divider/r_reg_reg[348]_i_1_n_0
    SLICE_X0Y106         CARRY4 (Prop_carry4_CI_CO[3])
                                                      0.114    16.974 r  my_clock_divider/r_reg_reg[352]_i_1/CO[3]
                         net (fo=1, routed)           0.000    16.974    my_clock_divider/r_reg_reg[352]_i_1_n_0
    SLICE_X0Y107         CARRY4 (Prop_carry4_CI_CO[3])
                                                      0.114    17.088 r  my_clock_divider/r_reg_reg[356]_i_1/CO[3]
                         net (fo=1, routed)           0.000    17.088    my_clock_divider/r_reg_reg[356]_i_1_n_0
    SLICE_X0Y108         CARRY4 (Prop_carry4_CI_CO[3])
                                                      0.114    17.202 r  my_clock_divider/r_reg_reg[360]_i_1/CO[3]
                         net (fo=1, routed)           0.000    17.202    my_clock_divider/r_reg_reg[360]_i_1_n_0
    SLICE_X0Y109         CARRY4 (Prop_carry4_CI_CO[3])
                                                      0.114    17.316 r  my_clock_divider/r_reg_reg[364]_i_1/CO[3]
                         net (fo=1, routed)           0.000    17.316    my_clock_divider/r_reg_reg[364]_i_1_n_0
    SLICE_X0Y110         CARRY4 (Prop_carry4_CI_CO[3])
                                                      0.114    17.430 r  my_clock_divider/r_reg_reg[368]_i_1/CO[3]
                         net (fo=1, routed)           0.000    17.430    my_clock_divider/r_reg_reg[368]_i_1_n_0
    SLICE_X0Y111         CARRY4 (Prop_carry4_CI_CO[3])
                                                      0.114    17.544 r  my_clock_divider/r_reg_reg[372]_i_1/CO[3]
                         net (fo=1, routed)           0.000    17.544    my_clock_divider/r_reg_reg[372]_i_1_n_0
    SLICE_X0Y112         CARRY4 (Prop_carry4_CI_CO[3])
                                                      0.114    17.658 r  my_clock_divider/r_reg_reg[376]_i_1/CO[3]
                         net (fo=1, routed)           0.000    17.658    my_clock_divider/r_reg_reg[376]_i_1_n_0
    SLICE_X0Y113         CARRY4 (Prop_carry4_CI_CO[3])
                                                      0.114    17.772 r  my_clock_divider/r_reg_reg[380]_i_1/CO[3]
                         net (fo=1, routed)           0.000    17.772    my_clock_divider/r_reg_reg[380]_i_1_n_0
    SLICE_X0Y114         CARRY4 (Prop_carry4_CI_CO[3])
                                                      0.114    17.886 r  my_clock_divider/r_reg_reg[384]_i_1/CO[3]
                         net (fo=1, routed)           0.000    17.886    my_clock_divider/r_reg_reg[384]_i_1_n_0
    SLICE_X0Y115         CARRY4 (Prop_carry4_CI_CO[3])
                                                      0.114    18.000 r  my_clock_divider/r_reg_reg[388]_i_1/CO[3]
                         net (fo=1, routed)           0.000    18.000    my_clock_divider/r_reg_reg[388]_i_1_n_0
    SLICE_X0Y116         CARRY4 (Prop_carry4_CI_CO[3])
                                                      0.114    18.114 r  my_clock_divider/r_reg_reg[392]_i_1/CO[3]
                         net (fo=1, routed)           0.000    18.114    my_clock_divider/r_reg_reg[392]_i_1_n_0
    SLICE_X0Y117         CARRY4 (Prop_carry4_CI_CO[3])
                                                      0.114    18.228 r  my_clock_divider/r_reg_reg[396]_i_1/CO[3]
                         net (fo=1, routed)           0.000    18.228    my_clock_divider/r_reg_reg[396]_i_1_n_0
    SLICE_X0Y118         CARRY4 (Prop_carry4_CI_CO[3])
                                                      0.114    18.342 r  my_clock_divider/r_reg_reg[400]_i_1/CO[3]
                         net (fo=1, routed)           0.000    18.342    my_clock_divider/r_reg_reg[400]_i_1_n_0
    SLICE_X0Y119         CARRY4 (Prop_carry4_CI_CO[3])
                                                      0.114    18.456 r  my_clock_divider/r_reg_reg[404]_i_1/CO[3]
                         net (fo=1, routed)           0.000    18.456    my_clock_divider/r_reg_reg[404]_i_1_n_0
    SLICE_X0Y120         CARRY4 (Prop_carry4_CI_CO[3])
                                                      0.114    18.570 r  my_clock_divider/r_reg_reg[408]_i_1/CO[3]
                         net (fo=1, routed)           0.000    18.570    my_clock_divider/r_reg_reg[408]_i_1_n_0
    SLICE_X0Y121         CARRY4 (Prop_carry4_CI_CO[3])
                                                      0.114    18.684 r  my_clock_divider/r_reg_reg[412]_i_1/CO[3]
                         net (fo=1, routed)           0.000    18.684    my_clock_divider/r_reg_reg[412]_i_1_n_0
    SLICE_X0Y122         CARRY4 (Prop_carry4_CI_CO[3])
                                                      0.114    18.798 r  my_clock_divider/r_reg_reg[416]_i_1/CO[3]
                         net (fo=1, routed)           0.000    18.798    my_clock_divider/r_reg_reg[416]_i_1_n_0
    SLICE_X0Y123         CARRY4 (Prop_carry4_CI_CO[3])
                                                      0.114    18.912 r  my_clock_divider/r_reg_reg[420]_i_1/CO[3]
                         net (fo=1, routed)           0.000    18.912    my_clock_divider/r_reg_reg[420]_i_1_n_0
    SLICE_X0Y124         CARRY4 (Prop_carry4_CI_CO[3])
                                                      0.114    19.026 r  my_clock_divider/r_reg_reg[424]_i_1/CO[3]
                         net (fo=1, routed)           0.009    19.035    my_clock_divider/r_reg_reg[424]_i_1_n_0
    SLICE_X0Y125         CARRY4 (Prop_carry4_CI_CO[3])
                                                      0.114    19.149 r  my_clock_divider/r_reg_reg[428]_i_1/CO[3]
                         net (fo=1, routed)           0.000    19.149    my_clock_divider/r_reg_reg[428]_i_1_n_0
    SLICE_X0Y126         CARRY4 (Prop_carry4_CI_CO[3])
                                                      0.114    19.263 r  my_clock_divider/r_reg_reg[432]_i_1/CO[3]
                         net (fo=1, routed)           0.000    19.263    my_clock_divider/r_reg_reg[432]_i_1_n_0
    SLICE_X0Y127         CARRY4 (Prop_carry4_CI_CO[3])
                                                      0.114    19.377 r  my_clock_divider/r_reg_reg[436]_i_1/CO[3]
                         net (fo=1, routed)           0.000    19.377    my_clock_divider/r_reg_reg[436]_i_1_n_0
    SLICE_X0Y128         CARRY4 (Prop_carry4_CI_CO[3])
                                                      0.114    19.491 r  my_clock_divider/r_reg_reg[440]_i_1/CO[3]
                         net (fo=1, routed)           0.000    19.491    my_clock_divider/r_reg_reg[440]_i_1_n_0
    SLICE_X0Y129         CARRY4 (Prop_carry4_CI_CO[3])
                                                      0.114    19.605 r  my_clock_divider/r_reg_reg[444]_i_1/CO[3]
                         net (fo=1, routed)           0.000    19.605    my_clock_divider/r_reg_reg[444]_i_1_n_0
    SLICE_X0Y130         CARRY4 (Prop_carry4_CI_CO[3])
                                                      0.114    19.719 r  my_clock_divider/r_reg_reg[448]_i_1/CO[3]
                         net (fo=1, routed)           0.000    19.719    my_clock_divider/r_reg_reg[448]_i_1_n_0
    SLICE_X0Y131         CARRY4 (Prop_carry4_CI_CO[3])
                                                      0.114    19.833 r  my_clock_divider/r_reg_reg[452]_i_1/CO[3]
                         net (fo=1, routed)           0.000    19.833    my_clock_divider/r_reg_reg[452]_i_1_n_0
    SLICE_X0Y132         CARRY4 (Prop_carry4_CI_CO[3])
                                                      0.114    19.947 r  my_clock_divider/r_reg_reg[456]_i_1/CO[3]
                         net (fo=1, routed)           0.000    19.947    my_clock_divider/r_reg_reg[456]_i_1_n_0
    SLICE_X0Y133         CARRY4 (Prop_carry4_CI_CO[3])
                                                      0.114    20.061 r  my_clock_divider/r_reg_reg[460]_i_1/CO[3]
                         net (fo=1, routed)           0.000    20.061    my_clock_divider/r_reg_reg[460]_i_1_n_0
    SLICE_X0Y134         CARRY4 (Prop_carry4_CI_CO[3])
                                                      0.114    20.175 r  my_clock_divider/r_reg_reg[464]_i_1/CO[3]
                         net (fo=1, routed)           0.000    20.175    my_clock_divider/r_reg_reg[464]_i_1_n_0
    SLICE_X0Y135         CARRY4 (Prop_carry4_CI_CO[3])
                                                      0.114    20.289 r  my_clock_divider/r_reg_reg[468]_i_1/CO[3]
                         net (fo=1, routed)           0.000    20.289    my_clock_divider/r_reg_reg[468]_i_1_n_0
    SLICE_X0Y136         CARRY4 (Prop_carry4_CI_CO[3])
                                                      0.114    20.403 r  my_clock_divider/r_reg_reg[472]_i_1/CO[3]
                         net (fo=1, routed)           0.000    20.403    my_clock_divider/r_reg_reg[472]_i_1_n_0
    SLICE_X0Y137         CARRY4 (Prop_carry4_CI_CO[3])
                                                      0.114    20.517 r  my_clock_divider/r_reg_reg[476]_i_1/CO[3]
                         net (fo=1, routed)           0.000    20.517    my_clock_divider/r_reg_reg[476]_i_1_n_0
    SLICE_X0Y138         CARRY4 (Prop_carry4_CI_CO[3])
                                                      0.114    20.631 r  my_clock_divider/r_reg_reg[480]_i_1/CO[3]
                         net (fo=1, routed)           0.000    20.631    my_clock_divider/r_reg_reg[480]_i_1_n_0
    SLICE_X0Y139         CARRY4 (Prop_carry4_CI_CO[3])
                                                      0.114    20.745 r  my_clock_divider/r_reg_reg[484]_i_1/CO[3]
                         net (fo=1, routed)           0.000    20.745    my_clock_divider/r_reg_reg[484]_i_1_n_0
    SLICE_X0Y140         CARRY4 (Prop_carry4_CI_CO[3])
                                                      0.114    20.859 r  my_clock_divider/r_reg_reg[488]_i_1/CO[3]
                         net (fo=1, routed)           0.000    20.859    my_clock_divider/r_reg_reg[488]_i_1_n_0
    SLICE_X0Y141         CARRY4 (Prop_carry4_CI_O[1])
                                                      0.334    21.193 r  my_clock_divider/r_reg_reg[492]_i_1/O[1]
                         net (fo=1, routed)           0.000    21.193    my_clock_divider/r_reg_reg[492]_i_1_n_6
    SLICE_X0Y141         FDRE                                         r  my_clock_divider/r_reg_reg[493]/D
  -------------------------------------------------------------------    -------------------

                         (clock sys_clk_pin rise edge)
                                                     10.000    10.000 r  
    E3                                                0.000    10.000 r  clk (IN)
                         net (fo=0)                   0.000    10.000    clk
    E3                   IBUF (Prop_ibuf_I_O)         1.411    11.411 r  clk_IBUF_inst/O
                         net (fo=1, routed)           1.920    13.331    clk_IBUF
    BUFGCTRL_X0Y16       BUFG (Prop_bufg_I_O)         0.091    13.422 r  clk_IBUF_BUFG_inst/O
                         net (fo=501, routed)         1.588    15.010    my_clock_divider/clk
    SLICE_X0Y141         FDRE                                         r  my_clock_divider/r_reg_reg[493]/C
                         clock pessimism              0.180    15.190    
                         clock uncertainty           -0.035    15.155    
    SLICE_X0Y141         FDRE (Setup_fdre_C_D)        0.062    15.217    my_clock_divider/r_reg_reg[493]
  -------------------------------------------------------------------
                         required time                         15.217    
                         arrival time                         -21.193    
  -------------------------------------------------------------------
                         slack                                 -5.976    

Slack (VIOLATED) :        -5.955ns  (required time - arrival time)
  Source:                 my_clock_divider/r_reg_reg[1]/C
                            (rising edge-triggered cell FDRE clocked by sys_clk_pin  {rise@0.000ns fall@5.000ns period=10.000ns})
  Destination:            my_clock_divider/r_reg_reg[495]/D
                            (rising edge-triggered cell FDRE clocked by sys_clk_pin  {rise@0.000ns fall@5.000ns period=10.000ns})
  Path Group:             sys_clk_pin
  Path Type:              Setup (Max at Slow Process Corner)
  Requirement:            10.000ns  (sys_clk_pin rise@10.000ns - sys_clk_pin rise@0.000ns)
  Data Path Delay:        15.679ns  (logic 15.351ns (97.908%)  route 0.328ns (2.092%))
  Logic Levels:           124  (CARRY4=124)
  Clock Path Skew:        -0.303ns (DCD - SCD + CPR)
    Destination Clock Delay (DCD):    5.010ns = ( 15.010 - 10.000 ) 
    Source Clock Delay      (SCD):    5.493ns
    Clock Pessimism Removal (CPR):    0.180ns
  Clock Uncertainty:      0.035ns  ((TSJ^2 + TIJ^2)^1/2 + DJ) / 2 + PE
    Total System Jitter     (TSJ):    0.071ns
    Total Input Jitter      (TIJ):    0.000ns
    Discrete Jitter          (DJ):    0.000ns
    Phase Error              (PE):    0.000ns

    Location             Delay type                Incr(ns)  Path(ns)    Netlist Resource(s)
  -------------------------------------------------------------------    -------------------
                         (clock sys_clk_pin rise edge)
                                                      0.000     0.000 r  
    E3                                                0.000     0.000 r  clk (IN)
                         net (fo=0)                   0.000     0.000    clk
    E3                   IBUF (Prop_ibuf_I_O)         1.482     1.482 r  clk_IBUF_inst/O
                         net (fo=1, routed)           2.025     3.506    clk_IBUF
    BUFGCTRL_X0Y16       BUFG (Prop_bufg_I_O)         0.096     3.602 r  clk_IBUF_BUFG_inst/O
                         net (fo=501, routed)         1.890     5.493    my_clock_divider/clk
    SLICE_X1Y17          FDRE                                         r  my_clock_divider/r_reg_reg[1]/C
  -------------------------------------------------------------------    -------------------
    SLICE_X1Y17          FDRE (Prop_fdre_C_Q)         0.456     5.949 r  my_clock_divider/r_reg_reg[1]/Q
                         net (fo=1, routed)           0.300     6.248    my_clock_divider/r_reg_reg[1]
    SLICE_X0Y18          CARRY4 (Prop_carry4_S[1]_CO[3])
                                                      0.674     6.922 r  my_clock_divider/r_reg_reg[0]_i_1/CO[3]
                         net (fo=1, routed)           0.000     6.922    my_clock_divider/r_reg_reg[0]_i_1_n_0
    SLICE_X0Y19          CARRY4 (Prop_carry4_CI_CO[3])
                                                      0.114     7.036 r  my_clock_divider/r_reg_reg[4]_i_1/CO[3]
                         net (fo=1, routed)           0.000     7.036    my_clock_divider/r_reg_reg[4]_i_1_n_0
    SLICE_X0Y20          CARRY4 (Prop_carry4_CI_CO[3])
                                                      0.114     7.150 r  my_clock_divider/r_reg_reg[8]_i_1/CO[3]
                         net (fo=1, routed)           0.000     7.150    my_clock_divider/r_reg_reg[8]_i_1_n_0
    SLICE_X0Y21          CARRY4 (Prop_carry4_CI_CO[3])
                                                      0.114     7.264 r  my_clock_divider/r_reg_reg[12]_i_1/CO[3]
                         net (fo=1, routed)           0.000     7.264    my_clock_divider/r_reg_reg[12]_i_1_n_0
    SLICE_X0Y22          CARRY4 (Prop_carry4_CI_CO[3])
                                                      0.114     7.378 r  my_clock_divider/r_reg_reg[16]_i_1/CO[3]
                         net (fo=1, routed)           0.000     7.378    my_clock_divider/r_reg_reg[16]_i_1_n_0
    SLICE_X0Y23          CARRY4 (Prop_carry4_CI_CO[3])
                                                      0.114     7.492 r  my_clock_divider/r_reg_reg[20]_i_1/CO[3]
                         net (fo=1, routed)           0.000     7.492    my_clock_divider/r_reg_reg[20]_i_1_n_0
    SLICE_X0Y24          CARRY4 (Prop_carry4_CI_CO[3])
                                                      0.114     7.606 r  my_clock_divider/r_reg_reg[24]_i_1/CO[3]
                         net (fo=1, routed)           0.009     7.615    my_clock_divider/r_reg_reg[24]_i_1_n_0
    SLICE_X0Y25          CARRY4 (Prop_carry4_CI_CO[3])
                                                      0.114     7.729 r  my_clock_divider/r_reg_reg[28]_i_1/CO[3]
                         net (fo=1, routed)           0.000     7.729    my_clock_divider/r_reg_reg[28]_i_1_n_0
    SLICE_X0Y26          CARRY4 (Prop_carry4_CI_CO[3])
                                                      0.114     7.843 r  my_clock_divider/r_reg_reg[32]_i_1/CO[3]
                         net (fo=1, routed)           0.000     7.843    my_clock_divider/r_reg_reg[32]_i_1_n_0
    SLICE_X0Y27          CARRY4 (Prop_carry4_CI_CO[3])
                                                      0.114     7.957 r  my_clock_divider/r_reg_reg[36]_i_1/CO[3]
                         net (fo=1, routed)           0.000     7.957    my_clock_divider/r_reg_reg[36]_i_1_n_0
    SLICE_X0Y28          CARRY4 (Prop_carry4_CI_CO[3])
                                                      0.114     8.071 r  my_clock_divider/r_reg_reg[40]_i_1/CO[3]
                         net (fo=1, routed)           0.000     8.071    my_clock_divider/r_reg_reg[40]_i_1_n_0
    SLICE_X0Y29          CARRY4 (Prop_carry4_CI_CO[3])
                                                      0.114     8.185 r  my_clock_divider/r_reg_reg[44]_i_1/CO[3]
                         net (fo=1, routed)           0.000     8.185    my_clock_divider/r_reg_reg[44]_i_1_n_0
    SLICE_X0Y30          CARRY4 (Prop_carry4_CI_CO[3])
                                                      0.114     8.299 r  my_clock_divider/r_reg_reg[48]_i_1/CO[3]
                         net (fo=1, routed)           0.000     8.299    my_clock_divider/r_reg_reg[48]_i_1_n_0
    SLICE_X0Y31          CARRY4 (Prop_carry4_CI_CO[3])
                                                      0.114     8.413 r  my_clock_divider/r_reg_reg[52]_i_1/CO[3]
                         net (fo=1, routed)           0.000     8.413    my_clock_divider/r_reg_reg[52]_i_1_n_0
    SLICE_X0Y32          CARRY4 (Prop_carry4_CI_CO[3])
                                                      0.114     8.527 r  my_clock_divider/r_reg_reg[56]_i_1/CO[3]
                         net (fo=1, routed)           0.000     8.527    my_clock_divider/r_reg_reg[56]_i_1_n_0
    SLICE_X0Y33          CARRY4 (Prop_carry4_CI_CO[3])
                                                      0.114     8.641 r  my_clock_divider/r_reg_reg[60]_i_1/CO[3]
                         net (fo=1, routed)           0.000     8.641    my_clock_divider/r_reg_reg[60]_i_1_n_0
    SLICE_X0Y34          CARRY4 (Prop_carry4_CI_CO[3])
                                                      0.114     8.755 r  my_clock_divider/r_reg_reg[64]_i_1/CO[3]
                         net (fo=1, routed)           0.000     8.755    my_clock_divider/r_reg_reg[64]_i_1_n_0
    SLICE_X0Y35          CARRY4 (Prop_carry4_CI_CO[3])
                                                      0.114     8.869 r  my_clock_divider/r_reg_reg[68]_i_1/CO[3]
                         net (fo=1, routed)           0.000     8.869    my_clock_divider/r_reg_reg[68]_i_1_n_0
    SLICE_X0Y36          CARRY4 (Prop_carry4_CI_CO[3])
                                                      0.114     8.983 r  my_clock_divider/r_reg_reg[72]_i_1/CO[3]
                         net (fo=1, routed)           0.000     8.983    my_clock_divider/r_reg_reg[72]_i_1_n_0
    SLICE_X0Y37          CARRY4 (Prop_carry4_CI_CO[3])
                                                      0.114     9.097 r  my_clock_divider/r_reg_reg[76]_i_1/CO[3]
                         net (fo=1, routed)           0.000     9.097    my_clock_divider/r_reg_reg[76]_i_1_n_0
    SLICE_X0Y38          CARRY4 (Prop_carry4_CI_CO[3])
                                                      0.114     9.211 r  my_clock_divider/r_reg_reg[80]_i_1/CO[3]
                         net (fo=1, routed)           0.000     9.211    my_clock_divider/r_reg_reg[80]_i_1_n_0
    SLICE_X0Y39          CARRY4 (Prop_carry4_CI_CO[3])
                                                      0.114     9.325 r  my_clock_divider/r_reg_reg[84]_i_1/CO[3]
                         net (fo=1, routed)           0.000     9.325    my_clock_divider/r_reg_reg[84]_i_1_n_0
    SLICE_X0Y40          CARRY4 (Prop_carry4_CI_CO[3])
                                                      0.114     9.439 r  my_clock_divider/r_reg_reg[88]_i_1/CO[3]
                         net (fo=1, routed)           0.000     9.439    my_clock_divider/r_reg_reg[88]_i_1_n_0
    SLICE_X0Y41          CARRY4 (Prop_carry4_CI_CO[3])
                                                      0.114     9.553 r  my_clock_divider/r_reg_reg[92]_i_1/CO[3]
                         net (fo=1, routed)           0.000     9.553    my_clock_divider/r_reg_reg[92]_i_1_n_0
    SLICE_X0Y42          CARRY4 (Prop_carry4_CI_CO[3])
                                                      0.114     9.667 r  my_clock_divider/r_reg_reg[96]_i_1/CO[3]
                         net (fo=1, routed)           0.000     9.667    my_clock_divider/r_reg_reg[96]_i_1_n_0
    SLICE_X0Y43          CARRY4 (Prop_carry4_CI_CO[3])
                                                      0.114     9.781 r  my_clock_divider/r_reg_reg[100]_i_1/CO[3]
                         net (fo=1, routed)           0.000     9.781    my_clock_divider/r_reg_reg[100]_i_1_n_0
    SLICE_X0Y44          CARRY4 (Prop_carry4_CI_CO[3])
                                                      0.114     9.895 r  my_clock_divider/r_reg_reg[104]_i_1/CO[3]
                         net (fo=1, routed)           0.000     9.895    my_clock_divider/r_reg_reg[104]_i_1_n_0
    SLICE_X0Y45          CARRY4 (Prop_carry4_CI_CO[3])
                                                      0.114    10.009 r  my_clock_divider/r_reg_reg[108]_i_1/CO[3]
                         net (fo=1, routed)           0.000    10.009    my_clock_divider/r_reg_reg[108]_i_1_n_0
    SLICE_X0Y46          CARRY4 (Prop_carry4_CI_CO[3])
                                                      0.114    10.123 r  my_clock_divider/r_reg_reg[112]_i_1/CO[3]
                         net (fo=1, routed)           0.000    10.123    my_clock_divider/r_reg_reg[112]_i_1_n_0
    SLICE_X0Y47          CARRY4 (Prop_carry4_CI_CO[3])
                                                      0.114    10.237 r  my_clock_divider/r_reg_reg[116]_i_1/CO[3]
                         net (fo=1, routed)           0.000    10.237    my_clock_divider/r_reg_reg[116]_i_1_n_0
    SLICE_X0Y48          CARRY4 (Prop_carry4_CI_CO[3])
                                                      0.114    10.351 r  my_clock_divider/r_reg_reg[120]_i_1/CO[3]
                         net (fo=1, routed)           0.000    10.351    my_clock_divider/r_reg_reg[120]_i_1_n_0
    SLICE_X0Y49          CARRY4 (Prop_carry4_CI_CO[3])
                                                      0.114    10.465 r  my_clock_divider/r_reg_reg[124]_i_1/CO[3]
                         net (fo=1, routed)           0.001    10.466    my_clock_divider/r_reg_reg[124]_i_1_n_0
    SLICE_X0Y50          CARRY4 (Prop_carry4_CI_CO[3])
                                                      0.114    10.580 r  my_clock_divider/r_reg_reg[128]_i_1/CO[3]
                         net (fo=1, routed)           0.000    10.580    my_clock_divider/r_reg_reg[128]_i_1_n_0
    SLICE_X0Y51          CARRY4 (Prop_carry4_CI_CO[3])
                                                      0.114    10.694 r  my_clock_divider/r_reg_reg[132]_i_1/CO[3]
                         net (fo=1, routed)           0.000    10.694    my_clock_divider/r_reg_reg[132]_i_1_n_0
    SLICE_X0Y52          CARRY4 (Prop_carry4_CI_CO[3])
                                                      0.114    10.808 r  my_clock_divider/r_reg_reg[136]_i_1/CO[3]
                         net (fo=1, routed)           0.000    10.808    my_clock_divider/r_reg_reg[136]_i_1_n_0
    SLICE_X0Y53          CARRY4 (Prop_carry4_CI_CO[3])
                                                      0.114    10.922 r  my_clock_divider/r_reg_reg[140]_i_1/CO[3]
                         net (fo=1, routed)           0.000    10.922    my_clock_divider/r_reg_reg[140]_i_1_n_0
    SLICE_X0Y54          CARRY4 (Prop_carry4_CI_CO[3])
                                                      0.114    11.036 r  my_clock_divider/r_reg_reg[144]_i_1/CO[3]
                         net (fo=1, routed)           0.000    11.036    my_clock_divider/r_reg_reg[144]_i_1_n_0
    SLICE_X0Y55          CARRY4 (Prop_carry4_CI_CO[3])
                                                      0.114    11.150 r  my_clock_divider/r_reg_reg[148]_i_1/CO[3]
                         net (fo=1, routed)           0.000    11.150    my_clock_divider/r_reg_reg[148]_i_1_n_0
    SLICE_X0Y56          CARRY4 (Prop_carry4_CI_CO[3])
                                                      0.114    11.264 r  my_clock_divider/r_reg_reg[152]_i_1/CO[3]
                         net (fo=1, routed)           0.000    11.264    my_clock_divider/r_reg_reg[152]_i_1_n_0
    SLICE_X0Y57          CARRY4 (Prop_carry4_CI_CO[3])
                                                      0.114    11.378 r  my_clock_divider/r_reg_reg[156]_i_1/CO[3]
                         net (fo=1, routed)           0.000    11.378    my_clock_divider/r_reg_reg[156]_i_1_n_0
    SLICE_X0Y58          CARRY4 (Prop_carry4_CI_CO[3])
                                                      0.114    11.492 r  my_clock_divider/r_reg_reg[160]_i_1/CO[3]
                         net (fo=1, routed)           0.000    11.492    my_clock_divider/r_reg_reg[160]_i_1_n_0
    SLICE_X0Y59          CARRY4 (Prop_carry4_CI_CO[3])
                                                      0.114    11.606 r  my_clock_divider/r_reg_reg[164]_i_1/CO[3]
                         net (fo=1, routed)           0.000    11.606    my_clock_divider/r_reg_reg[164]_i_1_n_0
    SLICE_X0Y60          CARRY4 (Prop_carry4_CI_CO[3])
                                                      0.114    11.720 r  my_clock_divider/r_reg_reg[168]_i_1/CO[3]
                         net (fo=1, routed)           0.000    11.720    my_clock_divider/r_reg_reg[168]_i_1_n_0
    SLICE_X0Y61          CARRY4 (Prop_carry4_CI_CO[3])
                                                      0.114    11.834 r  my_clock_divider/r_reg_reg[172]_i_1/CO[3]
                         net (fo=1, routed)           0.000    11.834    my_clock_divider/r_reg_reg[172]_i_1_n_0
    SLICE_X0Y62          CARRY4 (Prop_carry4_CI_CO[3])
                                                      0.114    11.948 r  my_clock_divider/r_reg_reg[176]_i_1/CO[3]
                         net (fo=1, routed)           0.000    11.948    my_clock_divider/r_reg_reg[176]_i_1_n_0
    SLICE_X0Y63          CARRY4 (Prop_carry4_CI_CO[3])
                                                      0.114    12.062 r  my_clock_divider/r_reg_reg[180]_i_1/CO[3]
                         net (fo=1, routed)           0.000    12.062    my_clock_divider/r_reg_reg[180]_i_1_n_0
    SLICE_X0Y64          CARRY4 (Prop_carry4_CI_CO[3])
                                                      0.114    12.176 r  my_clock_divider/r_reg_reg[184]_i_1/CO[3]
                         net (fo=1, routed)           0.000    12.176    my_clock_divider/r_reg_reg[184]_i_1_n_0
    SLICE_X0Y65          CARRY4 (Prop_carry4_CI_CO[3])
                                                      0.114    12.290 r  my_clock_divider/r_reg_reg[188]_i_1/CO[3]
                         net (fo=1, routed)           0.000    12.290    my_clock_divider/r_reg_reg[188]_i_1_n_0
    SLICE_X0Y66          CARRY4 (Prop_carry4_CI_CO[3])
                                                      0.114    12.404 r  my_clock_divider/r_reg_reg[192]_i_1/CO[3]
                         net (fo=1, routed)           0.000    12.404    my_clock_divider/r_reg_reg[192]_i_1_n_0
    SLICE_X0Y67          CARRY4 (Prop_carry4_CI_CO[3])
                                                      0.114    12.518 r  my_clock_divider/r_reg_reg[196]_i_1/CO[3]
                         net (fo=1, routed)           0.000    12.518    my_clock_divider/r_reg_reg[196]_i_1_n_0
    SLICE_X0Y68          CARRY4 (Prop_carry4_CI_CO[3])
                                                      0.114    12.632 r  my_clock_divider/r_reg_reg[200]_i_1/CO[3]
                         net (fo=1, routed)           0.000    12.632    my_clock_divider/r_reg_reg[200]_i_1_n_0
    SLICE_X0Y69          CARRY4 (Prop_carry4_CI_CO[3])
                                                      0.114    12.746 r  my_clock_divider/r_reg_reg[204]_i_1/CO[3]
                         net (fo=1, routed)           0.000    12.746    my_clock_divider/r_reg_reg[204]_i_1_n_0
    SLICE_X0Y70          CARRY4 (Prop_carry4_CI_CO[3])
                                                      0.114    12.860 r  my_clock_divider/r_reg_reg[208]_i_1/CO[3]
                         net (fo=1, routed)           0.000    12.860    my_clock_divider/r_reg_reg[208]_i_1_n_0
    SLICE_X0Y71          CARRY4 (Prop_carry4_CI_CO[3])
                                                      0.114    12.974 r  my_clock_divider/r_reg_reg[212]_i_1/CO[3]
                         net (fo=1, routed)           0.000    12.974    my_clock_divider/r_reg_reg[212]_i_1_n_0
    SLICE_X0Y72          CARRY4 (Prop_carry4_CI_CO[3])
                                                      0.114    13.088 r  my_clock_divider/r_reg_reg[216]_i_1/CO[3]
                         net (fo=1, routed)           0.000    13.088    my_clock_divider/r_reg_reg[216]_i_1_n_0
    SLICE_X0Y73          CARRY4 (Prop_carry4_CI_CO[3])
                                                      0.114    13.202 r  my_clock_divider/r_reg_reg[220]_i_1/CO[3]
                         net (fo=1, routed)           0.000    13.202    my_clock_divider/r_reg_reg[220]_i_1_n_0
    SLICE_X0Y74          CARRY4 (Prop_carry4_CI_CO[3])
                                                      0.114    13.316 r  my_clock_divider/r_reg_reg[224]_i_1/CO[3]
                         net (fo=1, routed)           0.009    13.325    my_clock_divider/r_reg_reg[224]_i_1_n_0
    SLICE_X0Y75          CARRY4 (Prop_carry4_CI_CO[3])
                                                      0.114    13.439 r  my_clock_divider/r_reg_reg[228]_i_1/CO[3]
                         net (fo=1, routed)           0.000    13.439    my_clock_divider/r_reg_reg[228]_i_1_n_0
    SLICE_X0Y76          CARRY4 (Prop_carry4_CI_CO[3])
                                                      0.114    13.553 r  my_clock_divider/r_reg_reg[232]_i_1/CO[3]
                         net (fo=1, routed)           0.000    13.553    my_clock_divider/r_reg_reg[232]_i_1_n_0
    SLICE_X0Y77          CARRY4 (Prop_carry4_CI_CO[3])
                                                      0.114    13.667 r  my_clock_divider/r_reg_reg[236]_i_1/CO[3]
                         net (fo=1, routed)           0.000    13.667    my_clock_divider/r_reg_reg[236]_i_1_n_0
    SLICE_X0Y78          CARRY4 (Prop_carry4_CI_CO[3])
                                                      0.114    13.781 r  my_clock_divider/r_reg_reg[240]_i_1/CO[3]
                         net (fo=1, routed)           0.000    13.781    my_clock_divider/r_reg_reg[240]_i_1_n_0
    SLICE_X0Y79          CARRY4 (Prop_carry4_CI_CO[3])
                                                      0.114    13.895 r  my_clock_divider/r_reg_reg[244]_i_1/CO[3]
                         net (fo=1, routed)           0.000    13.895    my_clock_divider/r_reg_reg[244]_i_1_n_0
    SLICE_X0Y80          CARRY4 (Prop_carry4_CI_CO[3])
                                                      0.114    14.009 r  my_clock_divider/r_reg_reg[248]_i_1/CO[3]
                         net (fo=1, routed)           0.000    14.009    my_clock_divider/r_reg_reg[248]_i_1_n_0
    SLICE_X0Y81          CARRY4 (Prop_carry4_CI_CO[3])
                                                      0.114    14.123 r  my_clock_divider/r_reg_reg[252]_i_1/CO[3]
                         net (fo=1, routed)           0.000    14.123    my_clock_divider/r_reg_reg[252]_i_1_n_0
    SLICE_X0Y82          CARRY4 (Prop_carry4_CI_CO[3])
                                                      0.114    14.237 r  my_clock_divider/r_reg_reg[256]_i_1/CO[3]
                         net (fo=1, routed)           0.000    14.237    my_clock_divider/r_reg_reg[256]_i_1_n_0
    SLICE_X0Y83          CARRY4 (Prop_carry4_CI_CO[3])
                                                      0.114    14.351 r  my_clock_divider/r_reg_reg[260]_i_1/CO[3]
                         net (fo=1, routed)           0.000    14.351    my_clock_divider/r_reg_reg[260]_i_1_n_0
    SLICE_X0Y84          CARRY4 (Prop_carry4_CI_CO[3])
                                                      0.114    14.465 r  my_clock_divider/r_reg_reg[264]_i_1/CO[3]
                         net (fo=1, routed)           0.000    14.465    my_clock_divider/r_reg_reg[264]_i_1_n_0
    SLICE_X0Y85          CARRY4 (Prop_carry4_CI_CO[3])
                                                      0.114    14.579 r  my_clock_divider/r_reg_reg[268]_i_1/CO[3]
                         net (fo=1, routed)           0.000    14.579    my_clock_divider/r_reg_reg[268]_i_1_n_0
    SLICE_X0Y86          CARRY4 (Prop_carry4_CI_CO[3])
                                                      0.114    14.693 r  my_clock_divider/r_reg_reg[272]_i_1/CO[3]
                         net (fo=1, routed)           0.000    14.693    my_clock_divider/r_reg_reg[272]_i_1_n_0
    SLICE_X0Y87          CARRY4 (Prop_carry4_CI_CO[3])
                                                      0.114    14.807 r  my_clock_divider/r_reg_reg[276]_i_1/CO[3]
                         net (fo=1, routed)           0.000    14.807    my_clock_divider/r_reg_reg[276]_i_1_n_0
    SLICE_X0Y88          CARRY4 (Prop_carry4_CI_CO[3])
                                                      0.114    14.921 r  my_clock_divider/r_reg_reg[280]_i_1/CO[3]
                         net (fo=1, routed)           0.000    14.921    my_clock_divider/r_reg_reg[280]_i_1_n_0
    SLICE_X0Y89          CARRY4 (Prop_carry4_CI_CO[3])
                                                      0.114    15.035 r  my_clock_divider/r_reg_reg[284]_i_1/CO[3]
                         net (fo=1, routed)           0.000    15.035    my_clock_divider/r_reg_reg[284]_i_1_n_0
    SLICE_X0Y90          CARRY4 (Prop_carry4_CI_CO[3])
                                                      0.114    15.149 r  my_clock_divider/r_reg_reg[288]_i_1/CO[3]
                         net (fo=1, routed)           0.000    15.149    my_clock_divider/r_reg_reg[288]_i_1_n_0
    SLICE_X0Y91          CARRY4 (Prop_carry4_CI_CO[3])
                                                      0.114    15.263 r  my_clock_divider/r_reg_reg[292]_i_1/CO[3]
                         net (fo=1, routed)           0.000    15.263    my_clock_divider/r_reg_reg[292]_i_1_n_0
    SLICE_X0Y92          CARRY4 (Prop_carry4_CI_CO[3])
                                                      0.114    15.377 r  my_clock_divider/r_reg_reg[296]_i_1/CO[3]
                         net (fo=1, routed)           0.000    15.377    my_clock_divider/r_reg_reg[296]_i_1_n_0
    SLICE_X0Y93          CARRY4 (Prop_carry4_CI_CO[3])
                                                      0.114    15.491 r  my_clock_divider/r_reg_reg[300]_i_1/CO[3]
                         net (fo=1, routed)           0.000    15.491    my_clock_divider/r_reg_reg[300]_i_1_n_0
    SLICE_X0Y94          CARRY4 (Prop_carry4_CI_CO[3])
                                                      0.114    15.605 r  my_clock_divider/r_reg_reg[304]_i_1/CO[3]
                         net (fo=1, routed)           0.000    15.605    my_clock_divider/r_reg_reg[304]_i_1_n_0
    SLICE_X0Y95          CARRY4 (Prop_carry4_CI_CO[3])
                                                      0.114    15.719 r  my_clock_divider/r_reg_reg[308]_i_1/CO[3]
                         net (fo=1, routed)           0.000    15.719    my_clock_divider/r_reg_reg[308]_i_1_n_0
    SLICE_X0Y96          CARRY4 (Prop_carry4_CI_CO[3])
                                                      0.114    15.833 r  my_clock_divider/r_reg_reg[312]_i_1/CO[3]
                         net (fo=1, routed)           0.000    15.833    my_clock_divider/r_reg_reg[312]_i_1_n_0
    SLICE_X0Y97          CARRY4 (Prop_carry4_CI_CO[3])
                                                      0.114    15.947 r  my_clock_divider/r_reg_reg[316]_i_1/CO[3]
                         net (fo=1, routed)           0.000    15.947    my_clock_divider/r_reg_reg[316]_i_1_n_0
    SLICE_X0Y98          CARRY4 (Prop_carry4_CI_CO[3])
                                                      0.114    16.061 r  my_clock_divider/r_reg_reg[320]_i_1/CO[3]
                         net (fo=1, routed)           0.000    16.061    my_clock_divider/r_reg_reg[320]_i_1_n_0
    SLICE_X0Y99          CARRY4 (Prop_carry4_CI_CO[3])
                                                      0.114    16.175 r  my_clock_divider/r_reg_reg[324]_i_1/CO[3]
                         net (fo=1, routed)           0.001    16.176    my_clock_divider/r_reg_reg[324]_i_1_n_0
    SLICE_X0Y100         CARRY4 (Prop_carry4_CI_CO[3])
                                                      0.114    16.290 r  my_clock_divider/r_reg_reg[328]_i_1/CO[3]
                         net (fo=1, routed)           0.000    16.290    my_clock_divider/r_reg_reg[328]_i_1_n_0
    SLICE_X0Y101         CARRY4 (Prop_carry4_CI_CO[3])
                                                      0.114    16.404 r  my_clock_divider/r_reg_reg[332]_i_1/CO[3]
                         net (fo=1, routed)           0.000    16.404    my_clock_divider/r_reg_reg[332]_i_1_n_0
    SLICE_X0Y102         CARRY4 (Prop_carry4_CI_CO[3])
                                                      0.114    16.518 r  my_clock_divider/r_reg_reg[336]_i_1/CO[3]
                         net (fo=1, routed)           0.000    16.518    my_clock_divider/r_reg_reg[336]_i_1_n_0
    SLICE_X0Y103         CARRY4 (Prop_carry4_CI_CO[3])
                                                      0.114    16.632 r  my_clock_divider/r_reg_reg[340]_i_1/CO[3]
                         net (fo=1, routed)           0.000    16.632    my_clock_divider/r_reg_reg[340]_i_1_n_0
    SLICE_X0Y104         CARRY4 (Prop_carry4_CI_CO[3])
                                                      0.114    16.746 r  my_clock_divider/r_reg_reg[344]_i_1/CO[3]
                         net (fo=1, routed)           0.000    16.746    my_clock_divider/r_reg_reg[344]_i_1_n_0
    SLICE_X0Y105         CARRY4 (Prop_carry4_CI_CO[3])
                                                      0.114    16.860 r  my_clock_divider/r_reg_reg[348]_i_1/CO[3]
                         net (fo=1, routed)           0.000    16.860    my_clock_divider/r_reg_reg[348]_i_1_n_0
    SLICE_X0Y106         CARRY4 (Prop_carry4_CI_CO[3])
                                                      0.114    16.974 r  my_clock_divider/r_reg_reg[352]_i_1/CO[3]
                         net (fo=1, routed)           0.000    16.974    my_clock_divider/r_reg_reg[352]_i_1_n_0
    SLICE_X0Y107         CARRY4 (Prop_carry4_CI_CO[3])
                                                      0.114    17.088 r  my_clock_divider/r_reg_reg[356]_i_1/CO[3]
                         net (fo=1, routed)           0.000    17.088    my_clock_divider/r_reg_reg[356]_i_1_n_0
    SLICE_X0Y108         CARRY4 (Prop_carry4_CI_CO[3])
                                                      0.114    17.202 r  my_clock_divider/r_reg_reg[360]_i_1/CO[3]
                         net (fo=1, routed)           0.000    17.202    my_clock_divider/r_reg_reg[360]_i_1_n_0
    SLICE_X0Y109         CARRY4 (Prop_carry4_CI_CO[3])
                                                      0.114    17.316 r  my_clock_divider/r_reg_reg[364]_i_1/CO[3]
                         net (fo=1, routed)           0.000    17.316    my_clock_divider/r_reg_reg[364]_i_1_n_0
    SLICE_X0Y110         CARRY4 (Prop_carry4_CI_CO[3])
                                                      0.114    17.430 r  my_clock_divider/r_reg_reg[368]_i_1/CO[3]
                         net (fo=1, routed)           0.000    17.430    my_clock_divider/r_reg_reg[368]_i_1_n_0
    SLICE_X0Y111         CARRY4 (Prop_carry4_CI_CO[3])
                                                      0.114    17.544 r  my_clock_divider/r_reg_reg[372]_i_1/CO[3]
                         net (fo=1, routed)           0.000    17.544    my_clock_divider/r_reg_reg[372]_i_1_n_0
    SLICE_X0Y112         CARRY4 (Prop_carry4_CI_CO[3])
                                                      0.114    17.658 r  my_clock_divider/r_reg_reg[376]_i_1/CO[3]
                         net (fo=1, routed)           0.000    17.658    my_clock_divider/r_reg_reg[376]_i_1_n_0
    SLICE_X0Y113         CARRY4 (Prop_carry4_CI_CO[3])
                                                      0.114    17.772 r  my_clock_divider/r_reg_reg[380]_i_1/CO[3]
                         net (fo=1, routed)           0.000    17.772    my_clock_divider/r_reg_reg[380]_i_1_n_0
    SLICE_X0Y114         CARRY4 (Prop_carry4_CI_CO[3])
                                                      0.114    17.886 r  my_clock_divider/r_reg_reg[384]_i_1/CO[3]
                         net (fo=1, routed)           0.000    17.886    my_clock_divider/r_reg_reg[384]_i_1_n_0
    SLICE_X0Y115         CARRY4 (Prop_carry4_CI_CO[3])
                                                      0.114    18.000 r  my_clock_divider/r_reg_reg[388]_i_1/CO[3]
                         net (fo=1, routed)           0.000    18.000    my_clock_divider/r_reg_reg[388]_i_1_n_0
    SLICE_X0Y116         CARRY4 (Prop_carry4_CI_CO[3])
                                                      0.114    18.114 r  my_clock_divider/r_reg_reg[392]_i_1/CO[3]
                         net (fo=1, routed)           0.000    18.114    my_clock_divider/r_reg_reg[392]_i_1_n_0
    SLICE_X0Y117         CARRY4 (Prop_carry4_CI_CO[3])
                                                      0.114    18.228 r  my_clock_divider/r_reg_reg[396]_i_1/CO[3]
                         net (fo=1, routed)           0.000    18.228    my_clock_divider/r_reg_reg[396]_i_1_n_0
    SLICE_X0Y118         CARRY4 (Prop_carry4_CI_CO[3])
                                                      0.114    18.342 r  my_clock_divider/r_reg_reg[400]_i_1/CO[3]
                         net (fo=1, routed)           0.000    18.342    my_clock_divider/r_reg_reg[400]_i_1_n_0
    SLICE_X0Y119         CARRY4 (Prop_carry4_CI_CO[3])
                                                      0.114    18.456 r  my_clock_divider/r_reg_reg[404]_i_1/CO[3]
                         net (fo=1, routed)           0.000    18.456    my_clock_divider/r_reg_reg[404]_i_1_n_0
    SLICE_X0Y120         CARRY4 (Prop_carry4_CI_CO[3])
                                                      0.114    18.570 r  my_clock_divider/r_reg_reg[408]_i_1/CO[3]
                         net (fo=1, routed)           0.000    18.570    my_clock_divider/r_reg_reg[408]_i_1_n_0
    SLICE_X0Y121         CARRY4 (Prop_carry4_CI_CO[3])
                                                      0.114    18.684 r  my_clock_divider/r_reg_reg[412]_i_1/CO[3]
                         net (fo=1, routed)           0.000    18.684    my_clock_divider/r_reg_reg[412]_i_1_n_0
    SLICE_X0Y122         CARRY4 (Prop_carry4_CI_CO[3])
                                                      0.114    18.798 r  my_clock_divider/r_reg_reg[416]_i_1/CO[3]
                         net (fo=1, routed)           0.000    18.798    my_clock_divider/r_reg_reg[416]_i_1_n_0
    SLICE_X0Y123         CARRY4 (Prop_carry4_CI_CO[3])
                                                      0.114    18.912 r  my_clock_divider/r_reg_reg[420]_i_1/CO[3]
                         net (fo=1, routed)           0.000    18.912    my_clock_divider/r_reg_reg[420]_i_1_n_0
    SLICE_X0Y124         CARRY4 (Prop_carry4_CI_CO[3])
                                                      0.114    19.026 r  my_clock_divider/r_reg_reg[424]_i_1/CO[3]
                         net (fo=1, routed)           0.009    19.035    my_clock_divider/r_reg_reg[424]_i_1_n_0
    SLICE_X0Y125         CARRY4 (Prop_carry4_CI_CO[3])
                                                      0.114    19.149 r  my_clock_divider/r_reg_reg[428]_i_1/CO[3]
                         net (fo=1, routed)           0.000    19.149    my_clock_divider/r_reg_reg[428]_i_1_n_0
    SLICE_X0Y126         CARRY4 (Prop_carry4_CI_CO[3])
                                                      0.114    19.263 r  my_clock_divider/r_reg_reg[432]_i_1/CO[3]
                         net (fo=1, routed)           0.000    19.263    my_clock_divider/r_reg_reg[432]_i_1_n_0
    SLICE_X0Y127         CARRY4 (Prop_carry4_CI_CO[3])
                                                      0.114    19.377 r  my_clock_divider/r_reg_reg[436]_i_1/CO[3]
                         net (fo=1, routed)           0.000    19.377    my_clock_divider/r_reg_reg[436]_i_1_n_0
    SLICE_X0Y128         CARRY4 (Prop_carry4_CI_CO[3])
                                                      0.114    19.491 r  my_clock_divider/r_reg_reg[440]_i_1/CO[3]
                         net (fo=1, routed)           0.000    19.491    my_clock_divider/r_reg_reg[440]_i_1_n_0
    SLICE_X0Y129         CARRY4 (Prop_carry4_CI_CO[3])
                                                      0.114    19.605 r  my_clock_divider/r_reg_reg[444]_i_1/CO[3]
                         net (fo=1, routed)           0.000    19.605    my_clock_divider/r_reg_reg[444]_i_1_n_0
    SLICE_X0Y130         CARRY4 (Prop_carry4_CI_CO[3])
                                                      0.114    19.719 r  my_clock_divider/r_reg_reg[448]_i_1/CO[3]
                         net (fo=1, routed)           0.000    19.719    my_clock_divider/r_reg_reg[448]_i_1_n_0
    SLICE_X0Y131         CARRY4 (Prop_carry4_CI_CO[3])
                                                      0.114    19.833 r  my_clock_divider/r_reg_reg[452]_i_1/CO[3]
                         net (fo=1, routed)           0.000    19.833    my_clock_divider/r_reg_reg[452]_i_1_n_0
    SLICE_X0Y132         CARRY4 (Prop_carry4_CI_CO[3])
                                                      0.114    19.947 r  my_clock_divider/r_reg_reg[456]_i_1/CO[3]
                         net (fo=1, routed)           0.000    19.947    my_clock_divider/r_reg_reg[456]_i_1_n_0
    SLICE_X0Y133         CARRY4 (Prop_carry4_CI_CO[3])
                                                      0.114    20.061 r  my_clock_divider/r_reg_reg[460]_i_1/CO[3]
                         net (fo=1, routed)           0.000    20.061    my_clock_divider/r_reg_reg[460]_i_1_n_0
    SLICE_X0Y134         CARRY4 (Prop_carry4_CI_CO[3])
                                                      0.114    20.175 r  my_clock_divider/r_reg_reg[464]_i_1/CO[3]
                         net (fo=1, routed)           0.000    20.175    my_clock_divider/r_reg_reg[464]_i_1_n_0
    SLICE_X0Y135         CARRY4 (Prop_carry4_CI_CO[3])
                                                      0.114    20.289 r  my_clock_divider/r_reg_reg[468]_i_1/CO[3]
                         net (fo=1, routed)           0.000    20.289    my_clock_divider/r_reg_reg[468]_i_1_n_0
    SLICE_X0Y136         CARRY4 (Prop_carry4_CI_CO[3])
                                                      0.114    20.403 r  my_clock_divider/r_reg_reg[472]_i_1/CO[3]
                         net (fo=1, routed)           0.000    20.403    my_clock_divider/r_reg_reg[472]_i_1_n_0
    SLICE_X0Y137         CARRY4 (Prop_carry4_CI_CO[3])
                                                      0.114    20.517 r  my_clock_divider/r_reg_reg[476]_i_1/CO[3]
                         net (fo=1, routed)           0.000    20.517    my_clock_divider/r_reg_reg[476]_i_1_n_0
    SLICE_X0Y138         CARRY4 (Prop_carry4_CI_CO[3])
                                                      0.114    20.631 r  my_clock_divider/r_reg_reg[480]_i_1/CO[3]
                         net (fo=1, routed)           0.000    20.631    my_clock_divider/r_reg_reg[480]_i_1_n_0
    SLICE_X0Y139         CARRY4 (Prop_carry4_CI_CO[3])
                                                      0.114    20.745 r  my_clock_divider/r_reg_reg[484]_i_1/CO[3]
                         net (fo=1, routed)           0.000    20.745    my_clock_divider/r_reg_reg[484]_i_1_n_0
    SLICE_X0Y140         CARRY4 (Prop_carry4_CI_CO[3])
                                                      0.114    20.859 r  my_clock_divider/r_reg_reg[488]_i_1/CO[3]
                         net (fo=1, routed)           0.000    20.859    my_clock_divider/r_reg_reg[488]_i_1_n_0
    SLICE_X0Y141         CARRY4 (Prop_carry4_CI_O[3])
                                                      0.313    21.172 r  my_clock_divider/r_reg_reg[492]_i_1/O[3]
                         net (fo=1, routed)           0.000    21.172    my_clock_divider/r_reg_reg[492]_i_1_n_4
    SLICE_X0Y141         FDRE                                         r  my_clock_divider/r_reg_reg[495]/D
  -------------------------------------------------------------------    -------------------

                         (clock sys_clk_pin rise edge)
                                                     10.000    10.000 r  
    E3                                                0.000    10.000 r  clk (IN)
                         net (fo=0)                   0.000    10.000    clk
    E3                   IBUF (Prop_ibuf_I_O)         1.411    11.411 r  clk_IBUF_inst/O
                         net (fo=1, routed)           1.920    13.331    clk_IBUF
    BUFGCTRL_X0Y16       BUFG (Prop_bufg_I_O)         0.091    13.422 r  clk_IBUF_BUFG_inst/O
                         net (fo=501, routed)         1.588    15.010    my_clock_divider/clk
    SLICE_X0Y141         FDRE                                         r  my_clock_divider/r_reg_reg[495]/C
                         clock pessimism              0.180    15.190    
                         clock uncertainty           -0.035    15.155    
    SLICE_X0Y141         FDRE (Setup_fdre_C_D)        0.062    15.217    my_clock_divider/r_reg_reg[495]
  -------------------------------------------------------------------
                         required time                         15.217    
                         arrival time                         -21.172    
  -------------------------------------------------------------------
                         slack                                 -5.955    

Slack (VIOLATED) :        -5.881ns  (required time - arrival time)
  Source:                 my_clock_divider/r_reg_reg[1]/C
                            (rising edge-triggered cell FDRE clocked by sys_clk_pin  {rise@0.000ns fall@5.000ns period=10.000ns})
  Destination:            my_clock_divider/r_reg_reg[494]/D
                            (rising edge-triggered cell FDRE clocked by sys_clk_pin  {rise@0.000ns fall@5.000ns period=10.000ns})
  Path Group:             sys_clk_pin
  Path Type:              Setup (Max at Slow Process Corner)
  Requirement:            10.000ns  (sys_clk_pin rise@10.000ns - sys_clk_pin rise@0.000ns)
  Data Path Delay:        15.605ns  (logic 15.277ns (97.898%)  route 0.328ns (2.102%))
  Logic Levels:           124  (CARRY4=124)
  Clock Path Skew:        -0.303ns (DCD - SCD + CPR)
    Destination Clock Delay (DCD):    5.010ns = ( 15.010 - 10.000 ) 
    Source Clock Delay      (SCD):    5.493ns
    Clock Pessimism Removal (CPR):    0.180ns
  Clock Uncertainty:      0.035ns  ((TSJ^2 + TIJ^2)^1/2 + DJ) / 2 + PE
    Total System Jitter     (TSJ):    0.071ns
    Total Input Jitter      (TIJ):    0.000ns
    Discrete Jitter          (DJ):    0.000ns
    Phase Error              (PE):    0.000ns

    Location             Delay type                Incr(ns)  Path(ns)    Netlist Resource(s)
  -------------------------------------------------------------------    -------------------
                         (clock sys_clk_pin rise edge)
                                                      0.000     0.000 r  
    E3                                                0.000     0.000 r  clk (IN)
                         net (fo=0)                   0.000     0.000    clk
    E3                   IBUF (Prop_ibuf_I_O)         1.482     1.482 r  clk_IBUF_inst/O
                         net (fo=1, routed)           2.025     3.506    clk_IBUF
    BUFGCTRL_X0Y16       BUFG (Prop_bufg_I_O)         0.096     3.602 r  clk_IBUF_BUFG_inst/O
                         net (fo=501, routed)         1.890     5.493    my_clock_divider/clk
    SLICE_X1Y17          FDRE                                         r  my_clock_divider/r_reg_reg[1]/C
  -------------------------------------------------------------------    -------------------
    SLICE_X1Y17          FDRE (Prop_fdre_C_Q)         0.456     5.949 r  my_clock_divider/r_reg_reg[1]/Q
                         net (fo=1, routed)           0.300     6.248    my_clock_divider/r_reg_reg[1]
    SLICE_X0Y18          CARRY4 (Prop_carry4_S[1]_CO[3])
                                                      0.674     6.922 r  my_clock_divider/r_reg_reg[0]_i_1/CO[3]
                         net (fo=1, routed)           0.000     6.922    my_clock_divider/r_reg_reg[0]_i_1_n_0
    SLICE_X0Y19          CARRY4 (Prop_carry4_CI_CO[3])
                                                      0.114     7.036 r  my_clock_divider/r_reg_reg[4]_i_1/CO[3]
                         net (fo=1, routed)           0.000     7.036    my_clock_divider/r_reg_reg[4]_i_1_n_0
    SLICE_X0Y20          CARRY4 (Prop_carry4_CI_CO[3])
                                                      0.114     7.150 r  my_clock_divider/r_reg_reg[8]_i_1/CO[3]
                         net (fo=1, routed)           0.000     7.150    my_clock_divider/r_reg_reg[8]_i_1_n_0
    SLICE_X0Y21          CARRY4 (Prop_carry4_CI_CO[3])
                                                      0.114     7.264 r  my_clock_divider/r_reg_reg[12]_i_1/CO[3]
                         net (fo=1, routed)           0.000     7.264    my_clock_divider/r_reg_reg[12]_i_1_n_0
    SLICE_X0Y22          CARRY4 (Prop_carry4_CI_CO[3])
                                                      0.114     7.378 r  my_clock_divider/r_reg_reg[16]_i_1/CO[3]
                         net (fo=1, routed)           0.000     7.378    my_clock_divider/r_reg_reg[16]_i_1_n_0
    SLICE_X0Y23          CARRY4 (Prop_carry4_CI_CO[3])
                                                      0.114     7.492 r  my_clock_divider/r_reg_reg[20]_i_1/CO[3]
                         net (fo=1, routed)           0.000     7.492    my_clock_divider/r_reg_reg[20]_i_1_n_0
    SLICE_X0Y24          CARRY4 (Prop_carry4_CI_CO[3])
                                                      0.114     7.606 r  my_clock_divider/r_reg_reg[24]_i_1/CO[3]
                         net (fo=1, routed)           0.009     7.615    my_clock_divider/r_reg_reg[24]_i_1_n_0
    SLICE_X0Y25          CARRY4 (Prop_carry4_CI_CO[3])
                                                      0.114     7.729 r  my_clock_divider/r_reg_reg[28]_i_1/CO[3]
                         net (fo=1, routed)           0.000     7.729    my_clock_divider/r_reg_reg[28]_i_1_n_0
    SLICE_X0Y26          CARRY4 (Prop_carry4_CI_CO[3])
                                                      0.114     7.843 r  my_clock_divider/r_reg_reg[32]_i_1/CO[3]
                         net (fo=1, routed)           0.000     7.843    my_clock_divider/r_reg_reg[32]_i_1_n_0
    SLICE_X0Y27          CARRY4 (Prop_carry4_CI_CO[3])
                                                      0.114     7.957 r  my_clock_divider/r_reg_reg[36]_i_1/CO[3]
                         net (fo=1, routed)           0.000     7.957    my_clock_divider/r_reg_reg[36]_i_1_n_0
    SLICE_X0Y28          CARRY4 (Prop_carry4_CI_CO[3])
                                                      0.114     8.071 r  my_clock_divider/r_reg_reg[40]_i_1/CO[3]
                         net (fo=1, routed)           0.000     8.071    my_clock_divider/r_reg_reg[40]_i_1_n_0
    SLICE_X0Y29          CARRY4 (Prop_carry4_CI_CO[3])
                                                      0.114     8.185 r  my_clock_divider/r_reg_reg[44]_i_1/CO[3]
                         net (fo=1, routed)           0.000     8.185    my_clock_divider/r_reg_reg[44]_i_1_n_0
    SLICE_X0Y30          CARRY4 (Prop_carry4_CI_CO[3])
                                                      0.114     8.299 r  my_clock_divider/r_reg_reg[48]_i_1/CO[3]
                         net (fo=1, routed)           0.000     8.299    my_clock_divider/r_reg_reg[48]_i_1_n_0
    SLICE_X0Y31          CARRY4 (Prop_carry4_CI_CO[3])
                                                      0.114     8.413 r  my_clock_divider/r_reg_reg[52]_i_1/CO[3]
                         net (fo=1, routed)           0.000     8.413    my_clock_divider/r_reg_reg[52]_i_1_n_0
    SLICE_X0Y32          CARRY4 (Prop_carry4_CI_CO[3])
                                                      0.114     8.527 r  my_clock_divider/r_reg_reg[56]_i_1/CO[3]
                         net (fo=1, routed)           0.000     8.527    my_clock_divider/r_reg_reg[56]_i_1_n_0
    SLICE_X0Y33          CARRY4 (Prop_carry4_CI_CO[3])
                                                      0.114     8.641 r  my_clock_divider/r_reg_reg[60]_i_1/CO[3]
                         net (fo=1, routed)           0.000     8.641    my_clock_divider/r_reg_reg[60]_i_1_n_0
    SLICE_X0Y34          CARRY4 (Prop_carry4_CI_CO[3])
                                                      0.114     8.755 r  my_clock_divider/r_reg_reg[64]_i_1/CO[3]
                         net (fo=1, routed)           0.000     8.755    my_clock_divider/r_reg_reg[64]_i_1_n_0
    SLICE_X0Y35          CARRY4 (Prop_carry4_CI_CO[3])
                                                      0.114     8.869 r  my_clock_divider/r_reg_reg[68]_i_1/CO[3]
                         net (fo=1, routed)           0.000     8.869    my_clock_divider/r_reg_reg[68]_i_1_n_0
    SLICE_X0Y36          CARRY4 (Prop_carry4_CI_CO[3])
                                                      0.114     8.983 r  my_clock_divider/r_reg_reg[72]_i_1/CO[3]
                         net (fo=1, routed)           0.000     8.983    my_clock_divider/r_reg_reg[72]_i_1_n_0
    SLICE_X0Y37          CARRY4 (Prop_carry4_CI_CO[3])
                                                      0.114     9.097 r  my_clock_divider/r_reg_reg[76]_i_1/CO[3]
                         net (fo=1, routed)           0.000     9.097    my_clock_divider/r_reg_reg[76]_i_1_n_0
    SLICE_X0Y38          CARRY4 (Prop_carry4_CI_CO[3])
                                                      0.114     9.211 r  my_clock_divider/r_reg_reg[80]_i_1/CO[3]
                         net (fo=1, routed)           0.000     9.211    my_clock_divider/r_reg_reg[80]_i_1_n_0
    SLICE_X0Y39          CARRY4 (Prop_carry4_CI_CO[3])
                                                      0.114     9.325 r  my_clock_divider/r_reg_reg[84]_i_1/CO[3]
                         net (fo=1, routed)           0.000     9.325    my_clock_divider/r_reg_reg[84]_i_1_n_0
    SLICE_X0Y40          CARRY4 (Prop_carry4_CI_CO[3])
                                                      0.114     9.439 r  my_clock_divider/r_reg_reg[88]_i_1/CO[3]
                         net (fo=1, routed)           0.000     9.439    my_clock_divider/r_reg_reg[88]_i_1_n_0
    SLICE_X0Y41          CARRY4 (Prop_carry4_CI_CO[3])
                                                      0.114     9.553 r  my_clock_divider/r_reg_reg[92]_i_1/CO[3]
                         net (fo=1, routed)           0.000     9.553    my_clock_divider/r_reg_reg[92]_i_1_n_0
    SLICE_X0Y42          CARRY4 (Prop_carry4_CI_CO[3])
                                                      0.114     9.667 r  my_clock_divider/r_reg_reg[96]_i_1/CO[3]
                         net (fo=1, routed)           0.000     9.667    my_clock_divider/r_reg_reg[96]_i_1_n_0
    SLICE_X0Y43          CARRY4 (Prop_carry4_CI_CO[3])
                                                      0.114     9.781 r  my_clock_divider/r_reg_reg[100]_i_1/CO[3]
                         net (fo=1, routed)           0.000     9.781    my_clock_divider/r_reg_reg[100]_i_1_n_0
    SLICE_X0Y44          CARRY4 (Prop_carry4_CI_CO[3])
                                                      0.114     9.895 r  my_clock_divider/r_reg_reg[104]_i_1/CO[3]
                         net (fo=1, routed)           0.000     9.895    my_clock_divider/r_reg_reg[104]_i_1_n_0
    SLICE_X0Y45          CARRY4 (Prop_carry4_CI_CO[3])
                                                      0.114    10.009 r  my_clock_divider/r_reg_reg[108]_i_1/CO[3]
                         net (fo=1, routed)           0.000    10.009    my_clock_divider/r_reg_reg[108]_i_1_n_0
    SLICE_X0Y46          CARRY4 (Prop_carry4_CI_CO[3])
                                                      0.114    10.123 r  my_clock_divider/r_reg_reg[112]_i_1/CO[3]
                         net (fo=1, routed)           0.000    10.123    my_clock_divider/r_reg_reg[112]_i_1_n_0
    SLICE_X0Y47          CARRY4 (Prop_carry4_CI_CO[3])
                                                      0.114    10.237 r  my_clock_divider/r_reg_reg[116]_i_1/CO[3]
                         net (fo=1, routed)           0.000    10.237    my_clock_divider/r_reg_reg[116]_i_1_n_0
    SLICE_X0Y48          CARRY4 (Prop_carry4_CI_CO[3])
                                                      0.114    10.351 r  my_clock_divider/r_reg_reg[120]_i_1/CO[3]
                         net (fo=1, routed)           0.000    10.351    my_clock_divider/r_reg_reg[120]_i_1_n_0
    SLICE_X0Y49          CARRY4 (Prop_carry4_CI_CO[3])
                                                      0.114    10.465 r  my_clock_divider/r_reg_reg[124]_i_1/CO[3]
                         net (fo=1, routed)           0.001    10.466    my_clock_divider/r_reg_reg[124]_i_1_n_0
    SLICE_X0Y50          CARRY4 (Prop_carry4_CI_CO[3])
                                                      0.114    10.580 r  my_clock_divider/r_reg_reg[128]_i_1/CO[3]
                         net (fo=1, routed)           0.000    10.580    my_clock_divider/r_reg_reg[128]_i_1_n_0
    SLICE_X0Y51          CARRY4 (Prop_carry4_CI_CO[3])
                                                      0.114    10.694 r  my_clock_divider/r_reg_reg[132]_i_1/CO[3]
                         net (fo=1, routed)           0.000    10.694    my_clock_divider/r_reg_reg[132]_i_1_n_0
    SLICE_X0Y52          CARRY4 (Prop_carry4_CI_CO[3])
                                                      0.114    10.808 r  my_clock_divider/r_reg_reg[136]_i_1/CO[3]
                         net (fo=1, routed)           0.000    10.808    my_clock_divider/r_reg_reg[136]_i_1_n_0
    SLICE_X0Y53          CARRY4 (Prop_carry4_CI_CO[3])
                                                      0.114    10.922 r  my_clock_divider/r_reg_reg[140]_i_1/CO[3]
                         net (fo=1, routed)           0.000    10.922    my_clock_divider/r_reg_reg[140]_i_1_n_0
    SLICE_X0Y54          CARRY4 (Prop_carry4_CI_CO[3])
                                                      0.114    11.036 r  my_clock_divider/r_reg_reg[144]_i_1/CO[3]
                         net (fo=1, routed)           0.000    11.036    my_clock_divider/r_reg_reg[144]_i_1_n_0
    SLICE_X0Y55          CARRY4 (Prop_carry4_CI_CO[3])
                                                      0.114    11.150 r  my_clock_divider/r_reg_reg[148]_i_1/CO[3]
                         net (fo=1, routed)           0.000    11.150    my_clock_divider/r_reg_reg[148]_i_1_n_0
    SLICE_X0Y56          CARRY4 (Prop_carry4_CI_CO[3])
                                                      0.114    11.264 r  my_clock_divider/r_reg_reg[152]_i_1/CO[3]
                         net (fo=1, routed)           0.000    11.264    my_clock_divider/r_reg_reg[152]_i_1_n_0
    SLICE_X0Y57          CARRY4 (Prop_carry4_CI_CO[3])
                                                      0.114    11.378 r  my_clock_divider/r_reg_reg[156]_i_1/CO[3]
                         net (fo=1, routed)           0.000    11.378    my_clock_divider/r_reg_reg[156]_i_1_n_0
    SLICE_X0Y58          CARRY4 (Prop_carry4_CI_CO[3])
                                                      0.114    11.492 r  my_clock_divider/r_reg_reg[160]_i_1/CO[3]
                         net (fo=1, routed)           0.000    11.492    my_clock_divider/r_reg_reg[160]_i_1_n_0
    SLICE_X0Y59          CARRY4 (Prop_carry4_CI_CO[3])
                                                      0.114    11.606 r  my_clock_divider/r_reg_reg[164]_i_1/CO[3]
                         net (fo=1, routed)           0.000    11.606    my_clock_divider/r_reg_reg[164]_i_1_n_0
    SLICE_X0Y60          CARRY4 (Prop_carry4_CI_CO[3])
                                                      0.114    11.720 r  my_clock_divider/r_reg_reg[168]_i_1/CO[3]
                         net (fo=1, routed)           0.000    11.720    my_clock_divider/r_reg_reg[168]_i_1_n_0
    SLICE_X0Y61          CARRY4 (Prop_carry4_CI_CO[3])
                                                      0.114    11.834 r  my_clock_divider/r_reg_reg[172]_i_1/CO[3]
                         net (fo=1, routed)           0.000    11.834    my_clock_divider/r_reg_reg[172]_i_1_n_0
    SLICE_X0Y62          CARRY4 (Prop_carry4_CI_CO[3])
                                                      0.114    11.948 r  my_clock_divider/r_reg_reg[176]_i_1/CO[3]
                         net (fo=1, routed)           0.000    11.948    my_clock_divider/r_reg_reg[176]_i_1_n_0
    SLICE_X0Y63          CARRY4 (Prop_carry4_CI_CO[3])
                                                      0.114    12.062 r  my_clock_divider/r_reg_reg[180]_i_1/CO[3]
                         net (fo=1, routed)           0.000    12.062    my_clock_divider/r_reg_reg[180]_i_1_n_0
    SLICE_X0Y64          CARRY4 (Prop_carry4_CI_CO[3])
                                                      0.114    12.176 r  my_clock_divider/r_reg_reg[184]_i_1/CO[3]
                         net (fo=1, routed)           0.000    12.176    my_clock_divider/r_reg_reg[184]_i_1_n_0
    SLICE_X0Y65          CARRY4 (Prop_carry4_CI_CO[3])
                                                      0.114    12.290 r  my_clock_divider/r_reg_reg[188]_i_1/CO[3]
                         net (fo=1, routed)           0.000    12.290    my_clock_divider/r_reg_reg[188]_i_1_n_0
    SLICE_X0Y66          CARRY4 (Prop_carry4_CI_CO[3])
                                                      0.114    12.404 r  my_clock_divider/r_reg_reg[192]_i_1/CO[3]
                         net (fo=1, routed)           0.000    12.404    my_clock_divider/r_reg_reg[192]_i_1_n_0
    SLICE_X0Y67          CARRY4 (Prop_carry4_CI_CO[3])
                                                      0.114    12.518 r  my_clock_divider/r_reg_reg[196]_i_1/CO[3]
                         net (fo=1, routed)           0.000    12.518    my_clock_divider/r_reg_reg[196]_i_1_n_0
    SLICE_X0Y68          CARRY4 (Prop_carry4_CI_CO[3])
                                                      0.114    12.632 r  my_clock_divider/r_reg_reg[200]_i_1/CO[3]
                         net (fo=1, routed)           0.000    12.632    my_clock_divider/r_reg_reg[200]_i_1_n_0
    SLICE_X0Y69          CARRY4 (Prop_carry4_CI_CO[3])
                                                      0.114    12.746 r  my_clock_divider/r_reg_reg[204]_i_1/CO[3]
                         net (fo=1, routed)           0.000    12.746    my_clock_divider/r_reg_reg[204]_i_1_n_0
    SLICE_X0Y70          CARRY4 (Prop_carry4_CI_CO[3])
                                                      0.114    12.860 r  my_clock_divider/r_reg_reg[208]_i_1/CO[3]
                         net (fo=1, routed)           0.000    12.860    my_clock_divider/r_reg_reg[208]_i_1_n_0
    SLICE_X0Y71          CARRY4 (Prop_carry4_CI_CO[3])
                                                      0.114    12.974 r  my_clock_divider/r_reg_reg[212]_i_1/CO[3]
                         net (fo=1, routed)           0.000    12.974    my_clock_divider/r_reg_reg[212]_i_1_n_0
    SLICE_X0Y72          CARRY4 (Prop_carry4_CI_CO[3])
                                                      0.114    13.088 r  my_clock_divider/r_reg_reg[216]_i_1/CO[3]
                         net (fo=1, routed)           0.000    13.088    my_clock_divider/r_reg_reg[216]_i_1_n_0
    SLICE_X0Y73          CARRY4 (Prop_carry4_CI_CO[3])
                                                      0.114    13.202 r  my_clock_divider/r_reg_reg[220]_i_1/CO[3]
                         net (fo=1, routed)           0.000    13.202    my_clock_divider/r_reg_reg[220]_i_1_n_0
    SLICE_X0Y74          CARRY4 (Prop_carry4_CI_CO[3])
                                                      0.114    13.316 r  my_clock_divider/r_reg_reg[224]_i_1/CO[3]
                         net (fo=1, routed)           0.009    13.325    my_clock_divider/r_reg_reg[224]_i_1_n_0
    SLICE_X0Y75          CARRY4 (Prop_carry4_CI_CO[3])
                                                      0.114    13.439 r  my_clock_divider/r_reg_reg[228]_i_1/CO[3]
                         net (fo=1, routed)           0.000    13.439    my_clock_divider/r_reg_reg[228]_i_1_n_0
    SLICE_X0Y76          CARRY4 (Prop_carry4_CI_CO[3])
                                                      0.114    13.553 r  my_clock_divider/r_reg_reg[232]_i_1/CO[3]
                         net (fo=1, routed)           0.000    13.553    my_clock_divider/r_reg_reg[232]_i_1_n_0
    SLICE_X0Y77          CARRY4 (Prop_carry4_CI_CO[3])
                                                      0.114    13.667 r  my_clock_divider/r_reg_reg[236]_i_1/CO[3]
                         net (fo=1, routed)           0.000    13.667    my_clock_divider/r_reg_reg[236]_i_1_n_0
    SLICE_X0Y78          CARRY4 (Prop_carry4_CI_CO[3])
                                                      0.114    13.781 r  my_clock_divider/r_reg_reg[240]_i_1/CO[3]
                         net (fo=1, routed)           0.000    13.781    my_clock_divider/r_reg_reg[240]_i_1_n_0
    SLICE_X0Y79          CARRY4 (Prop_carry4_CI_CO[3])
                                                      0.114    13.895 r  my_clock_divider/r_reg_reg[244]_i_1/CO[3]
                         net (fo=1, routed)           0.000    13.895    my_clock_divider/r_reg_reg[244]_i_1_n_0
    SLICE_X0Y80          CARRY4 (Prop_carry4_CI_CO[3])
                                                      0.114    14.009 r  my_clock_divider/r_reg_reg[248]_i_1/CO[3]
                         net (fo=1, routed)           0.000    14.009    my_clock_divider/r_reg_reg[248]_i_1_n_0
    SLICE_X0Y81          CARRY4 (Prop_carry4_CI_CO[3])
                                                      0.114    14.123 r  my_clock_divider/r_reg_reg[252]_i_1/CO[3]
                         net (fo=1, routed)           0.000    14.123    my_clock_divider/r_reg_reg[252]_i_1_n_0
    SLICE_X0Y82          CARRY4 (Prop_carry4_CI_CO[3])
                                                      0.114    14.237 r  my_clock_divider/r_reg_reg[256]_i_1/CO[3]
                         net (fo=1, routed)           0.000    14.237    my_clock_divider/r_reg_reg[256]_i_1_n_0
    SLICE_X0Y83          CARRY4 (Prop_carry4_CI_CO[3])
                                                      0.114    14.351 r  my_clock_divider/r_reg_reg[260]_i_1/CO[3]
                         net (fo=1, routed)           0.000    14.351    my_clock_divider/r_reg_reg[260]_i_1_n_0
    SLICE_X0Y84          CARRY4 (Prop_carry4_CI_CO[3])
                                                      0.114    14.465 r  my_clock_divider/r_reg_reg[264]_i_1/CO[3]
                         net (fo=1, routed)           0.000    14.465    my_clock_divider/r_reg_reg[264]_i_1_n_0
    SLICE_X0Y85          CARRY4 (Prop_carry4_CI_CO[3])
                                                      0.114    14.579 r  my_clock_divider/r_reg_reg[268]_i_1/CO[3]
                         net (fo=1, routed)           0.000    14.579    my_clock_divider/r_reg_reg[268]_i_1_n_0
    SLICE_X0Y86          CARRY4 (Prop_carry4_CI_CO[3])
                                                      0.114    14.693 r  my_clock_divider/r_reg_reg[272]_i_1/CO[3]
                         net (fo=1, routed)           0.000    14.693    my_clock_divider/r_reg_reg[272]_i_1_n_0
    SLICE_X0Y87          CARRY4 (Prop_carry4_CI_CO[3])
                                                      0.114    14.807 r  my_clock_divider/r_reg_reg[276]_i_1/CO[3]
                         net (fo=1, routed)           0.000    14.807    my_clock_divider/r_reg_reg[276]_i_1_n_0
    SLICE_X0Y88          CARRY4 (Prop_carry4_CI_CO[3])
                                                      0.114    14.921 r  my_clock_divider/r_reg_reg[280]_i_1/CO[3]
                         net (fo=1, routed)           0.000    14.921    my_clock_divider/r_reg_reg[280]_i_1_n_0
    SLICE_X0Y89          CARRY4 (Prop_carry4_CI_CO[3])
                                                      0.114    15.035 r  my_clock_divider/r_reg_reg[284]_i_1/CO[3]
                         net (fo=1, routed)           0.000    15.035    my_clock_divider/r_reg_reg[284]_i_1_n_0
    SLICE_X0Y90          CARRY4 (Prop_carry4_CI_CO[3])
                                                      0.114    15.149 r  my_clock_divider/r_reg_reg[288]_i_1/CO[3]
                         net (fo=1, routed)           0.000    15.149    my_clock_divider/r_reg_reg[288]_i_1_n_0
    SLICE_X0Y91          CARRY4 (Prop_carry4_CI_CO[3])
                                                      0.114    15.263 r  my_clock_divider/r_reg_reg[292]_i_1/CO[3]
                         net (fo=1, routed)           0.000    15.263    my_clock_divider/r_reg_reg[292]_i_1_n_0
    SLICE_X0Y92          CARRY4 (Prop_carry4_CI_CO[3])
                                                      0.114    15.377 r  my_clock_divider/r_reg_reg[296]_i_1/CO[3]
                         net (fo=1, routed)           0.000    15.377    my_clock_divider/r_reg_reg[296]_i_1_n_0
    SLICE_X0Y93          CARRY4 (Prop_carry4_CI_CO[3])
                                                      0.114    15.491 r  my_clock_divider/r_reg_reg[300]_i_1/CO[3]
                         net (fo=1, routed)           0.000    15.491    my_clock_divider/r_reg_reg[300]_i_1_n_0
    SLICE_X0Y94          CARRY4 (Prop_carry4_CI_CO[3])
                                                      0.114    15.605 r  my_clock_divider/r_reg_reg[304]_i_1/CO[3]
                         net (fo=1, routed)           0.000    15.605    my_clock_divider/r_reg_reg[304]_i_1_n_0
    SLICE_X0Y95          CARRY4 (Prop_carry4_CI_CO[3])
                                                      0.114    15.719 r  my_clock_divider/r_reg_reg[308]_i_1/CO[3]
                         net (fo=1, routed)           0.000    15.719    my_clock_divider/r_reg_reg[308]_i_1_n_0
    SLICE_X0Y96          CARRY4 (Prop_carry4_CI_CO[3])
                                                      0.114    15.833 r  my_clock_divider/r_reg_reg[312]_i_1/CO[3]
                         net (fo=1, routed)           0.000    15.833    my_clock_divider/r_reg_reg[312]_i_1_n_0
    SLICE_X0Y97          CARRY4 (Prop_carry4_CI_CO[3])
                                                      0.114    15.947 r  my_clock_divider/r_reg_reg[316]_i_1/CO[3]
                         net (fo=1, routed)           0.000    15.947    my_clock_divider/r_reg_reg[316]_i_1_n_0
    SLICE_X0Y98          CARRY4 (Prop_carry4_CI_CO[3])
                                                      0.114    16.061 r  my_clock_divider/r_reg_reg[320]_i_1/CO[3]
                         net (fo=1, routed)           0.000    16.061    my_clock_divider/r_reg_reg[320]_i_1_n_0
    SLICE_X0Y99          CARRY4 (Prop_carry4_CI_CO[3])
                                                      0.114    16.175 r  my_clock_divider/r_reg_reg[324]_i_1/CO[3]
                         net (fo=1, routed)           0.001    16.176    my_clock_divider/r_reg_reg[324]_i_1_n_0
    SLICE_X0Y100         CARRY4 (Prop_carry4_CI_CO[3])
                                                      0.114    16.290 r  my_clock_divider/r_reg_reg[328]_i_1/CO[3]
                         net (fo=1, routed)           0.000    16.290    my_clock_divider/r_reg_reg[328]_i_1_n_0
    SLICE_X0Y101         CARRY4 (Prop_carry4_CI_CO[3])
                                                      0.114    16.404 r  my_clock_divider/r_reg_reg[332]_i_1/CO[3]
                         net (fo=1, routed)           0.000    16.404    my_clock_divider/r_reg_reg[332]_i_1_n_0
    SLICE_X0Y102         CARRY4 (Prop_carry4_CI_CO[3])
                                                      0.114    16.518 r  my_clock_divider/r_reg_reg[336]_i_1/CO[3]
                         net (fo=1, routed)           0.000    16.518    my_clock_divider/r_reg_reg[336]_i_1_n_0
    SLICE_X0Y103         CARRY4 (Prop_carry4_CI_CO[3])
                                                      0.114    16.632 r  my_clock_divider/r_reg_reg[340]_i_1/CO[3]
                         net (fo=1, routed)           0.000    16.632    my_clock_divider/r_reg_reg[340]_i_1_n_0
    SLICE_X0Y104         CARRY4 (Prop_carry4_CI_CO[3])
                                                      0.114    16.746 r  my_clock_divider/r_reg_reg[344]_i_1/CO[3]
                         net (fo=1, routed)           0.000    16.746    my_clock_divider/r_reg_reg[344]_i_1_n_0
    SLICE_X0Y105         CARRY4 (Prop_carry4_CI_CO[3])
                                                      0.114    16.860 r  my_clock_divider/r_reg_reg[348]_i_1/CO[3]
                         net (fo=1, routed)           0.000    16.860    my_clock_divider/r_reg_reg[348]_i_1_n_0
    SLICE_X0Y106         CARRY4 (Prop_carry4_CI_CO[3])
                                                      0.114    16.974 r  my_clock_divider/r_reg_reg[352]_i_1/CO[3]
                         net (fo=1, routed)           0.000    16.974    my_clock_divider/r_reg_reg[352]_i_1_n_0
    SLICE_X0Y107         CARRY4 (Prop_carry4_CI_CO[3])
                                                      0.114    17.088 r  my_clock_divider/r_reg_reg[356]_i_1/CO[3]
                         net (fo=1, routed)           0.000    17.088    my_clock_divider/r_reg_reg[356]_i_1_n_0
    SLICE_X0Y108         CARRY4 (Prop_carry4_CI_CO[3])
                                                      0.114    17.202 r  my_clock_divider/r_reg_reg[360]_i_1/CO[3]
                         net (fo=1, routed)           0.000    17.202    my_clock_divider/r_reg_reg[360]_i_1_n_0
    SLICE_X0Y109         CARRY4 (Prop_carry4_CI_CO[3])
                                                      0.114    17.316 r  my_clock_divider/r_reg_reg[364]_i_1/CO[3]
                         net (fo=1, routed)           0.000    17.316    my_clock_divider/r_reg_reg[364]_i_1_n_0
    SLICE_X0Y110         CARRY4 (Prop_carry4_CI_CO[3])
                                                      0.114    17.430 r  my_clock_divider/r_reg_reg[368]_i_1/CO[3]
                         net (fo=1, routed)           0.000    17.430    my_clock_divider/r_reg_reg[368]_i_1_n_0
    SLICE_X0Y111         CARRY4 (Prop_carry4_CI_CO[3])
                                                      0.114    17.544 r  my_clock_divider/r_reg_reg[372]_i_1/CO[3]
                         net (fo=1, routed)           0.000    17.544    my_clock_divider/r_reg_reg[372]_i_1_n_0
    SLICE_X0Y112         CARRY4 (Prop_carry4_CI_CO[3])
                                                      0.114    17.658 r  my_clock_divider/r_reg_reg[376]_i_1/CO[3]
                         net (fo=1, routed)           0.000    17.658    my_clock_divider/r_reg_reg[376]_i_1_n_0
    SLICE_X0Y113         CARRY4 (Prop_carry4_CI_CO[3])
                                                      0.114    17.772 r  my_clock_divider/r_reg_reg[380]_i_1/CO[3]
                         net (fo=1, routed)           0.000    17.772    my_clock_divider/r_reg_reg[380]_i_1_n_0
    SLICE_X0Y114         CARRY4 (Prop_carry4_CI_CO[3])
                                                      0.114    17.886 r  my_clock_divider/r_reg_reg[384]_i_1/CO[3]
                         net (fo=1, routed)           0.000    17.886    my_clock_divider/r_reg_reg[384]_i_1_n_0
    SLICE_X0Y115         CARRY4 (Prop_carry4_CI_CO[3])
                                                      0.114    18.000 r  my_clock_divider/r_reg_reg[388]_i_1/CO[3]
                         net (fo=1, routed)           0.000    18.000    my_clock_divider/r_reg_reg[388]_i_1_n_0
    SLICE_X0Y116         CARRY4 (Prop_carry4_CI_CO[3])
                                                      0.114    18.114 r  my_clock_divider/r_reg_reg[392]_i_1/CO[3]
                         net (fo=1, routed)           0.000    18.114    my_clock_divider/r_reg_reg[392]_i_1_n_0
    SLICE_X0Y117         CARRY4 (Prop_carry4_CI_CO[3])
                                                      0.114    18.228 r  my_clock_divider/r_reg_reg[396]_i_1/CO[3]
                         net (fo=1, routed)           0.000    18.228    my_clock_divider/r_reg_reg[396]_i_1_n_0
    SLICE_X0Y118         CARRY4 (Prop_carry4_CI_CO[3])
                                                      0.114    18.342 r  my_clock_divider/r_reg_reg[400]_i_1/CO[3]
                         net (fo=1, routed)           0.000    18.342    my_clock_divider/r_reg_reg[400]_i_1_n_0
    SLICE_X0Y119         CARRY4 (Prop_carry4_CI_CO[3])
                                                      0.114    18.456 r  my_clock_divider/r_reg_reg[404]_i_1/CO[3]
                         net (fo=1, routed)           0.000    18.456    my_clock_divider/r_reg_reg[404]_i_1_n_0
    SLICE_X0Y120         CARRY4 (Prop_carry4_CI_CO[3])
                                                      0.114    18.570 r  my_clock_divider/r_reg_reg[408]_i_1/CO[3]
                         net (fo=1, routed)           0.000    18.570    my_clock_divider/r_reg_reg[408]_i_1_n_0
    SLICE_X0Y121         CARRY4 (Prop_carry4_CI_CO[3])
                                                      0.114    18.684 r  my_clock_divider/r_reg_reg[412]_i_1/CO[3]
                         net (fo=1, routed)           0.000    18.684    my_clock_divider/r_reg_reg[412]_i_1_n_0
    SLICE_X0Y122         CARRY4 (Prop_carry4_CI_CO[3])
                                                      0.114    18.798 r  my_clock_divider/r_reg_reg[416]_i_1/CO[3]
                         net (fo=1, routed)           0.000    18.798    my_clock_divider/r_reg_reg[416]_i_1_n_0
    SLICE_X0Y123         CARRY4 (Prop_carry4_CI_CO[3])
                                                      0.114    18.912 r  my_clock_divider/r_reg_reg[420]_i_1/CO[3]
                         net (fo=1, routed)           0.000    18.912    my_clock_divider/r_reg_reg[420]_i_1_n_0
    SLICE_X0Y124         CARRY4 (Prop_carry4_CI_CO[3])
                                                      0.114    19.026 r  my_clock_divider/r_reg_reg[424]_i_1/CO[3]
                         net (fo=1, routed)           0.009    19.035    my_clock_divider/r_reg_reg[424]_i_1_n_0
    SLICE_X0Y125         CARRY4 (Prop_carry4_CI_CO[3])
                                                      0.114    19.149 r  my_clock_divider/r_reg_reg[428]_i_1/CO[3]
                         net (fo=1, routed)           0.000    19.149    my_clock_divider/r_reg_reg[428]_i_1_n_0
    SLICE_X0Y126         CARRY4 (Prop_carry4_CI_CO[3])
                                                      0.114    19.263 r  my_clock_divider/r_reg_reg[432]_i_1/CO[3]
                         net (fo=1, routed)           0.000    19.263    my_clock_divider/r_reg_reg[432]_i_1_n_0
    SLICE_X0Y127         CARRY4 (Prop_carry4_CI_CO[3])
                                                      0.114    19.377 r  my_clock_divider/r_reg_reg[436]_i_1/CO[3]
                         net (fo=1, routed)           0.000    19.377    my_clock_divider/r_reg_reg[436]_i_1_n_0
    SLICE_X0Y128         CARRY4 (Prop_carry4_CI_CO[3])
                                                      0.114    19.491 r  my_clock_divider/r_reg_reg[440]_i_1/CO[3]
                         net (fo=1, routed)           0.000    19.491    my_clock_divider/r_reg_reg[440]_i_1_n_0
    SLICE_X0Y129         CARRY4 (Prop_carry4_CI_CO[3])
                                                      0.114    19.605 r  my_clock_divider/r_reg_reg[444]_i_1/CO[3]
                         net (fo=1, routed)           0.000    19.605    my_clock_divider/r_reg_reg[444]_i_1_n_0
    SLICE_X0Y130         CARRY4 (Prop_carry4_CI_CO[3])
                                                      0.114    19.719 r  my_clock_divider/r_reg_reg[448]_i_1/CO[3]
                         net (fo=1, routed)           0.000    19.719    my_clock_divider/r_reg_reg[448]_i_1_n_0
    SLICE_X0Y131         CARRY4 (Prop_carry4_CI_CO[3])
                                                      0.114    19.833 r  my_clock_divider/r_reg_reg[452]_i_1/CO[3]
                         net (fo=1, routed)           0.000    19.833    my_clock_divider/r_reg_reg[452]_i_1_n_0
    SLICE_X0Y132         CARRY4 (Prop_carry4_CI_CO[3])
                                                      0.114    19.947 r  my_clock_divider/r_reg_reg[456]_i_1/CO[3]
                         net (fo=1, routed)           0.000    19.947    my_clock_divider/r_reg_reg[456]_i_1_n_0
    SLICE_X0Y133         CARRY4 (Prop_carry4_CI_CO[3])
                                                      0.114    20.061 r  my_clock_divider/r_reg_reg[460]_i_1/CO[3]
                         net (fo=1, routed)           0.000    20.061    my_clock_divider/r_reg_reg[460]_i_1_n_0
    SLICE_X0Y134         CARRY4 (Prop_carry4_CI_CO[3])
                                                      0.114    20.175 r  my_clock_divider/r_reg_reg[464]_i_1/CO[3]
                         net (fo=1, routed)           0.000    20.175    my_clock_divider/r_reg_reg[464]_i_1_n_0
    SLICE_X0Y135         CARRY4 (Prop_carry4_CI_CO[3])
                                                      0.114    20.289 r  my_clock_divider/r_reg_reg[468]_i_1/CO[3]
                         net (fo=1, routed)           0.000    20.289    my_clock_divider/r_reg_reg[468]_i_1_n_0
    SLICE_X0Y136         CARRY4 (Prop_carry4_CI_CO[3])
                                                      0.114    20.403 r  my_clock_divider/r_reg_reg[472]_i_1/CO[3]
                         net (fo=1, routed)           0.000    20.403    my_clock_divider/r_reg_reg[472]_i_1_n_0
    SLICE_X0Y137         CARRY4 (Prop_carry4_CI_CO[3])
                                                      0.114    20.517 r  my_clock_divider/r_reg_reg[476]_i_1/CO[3]
                         net (fo=1, routed)           0.000    20.517    my_clock_divider/r_reg_reg[476]_i_1_n_0
    SLICE_X0Y138         CARRY4 (Prop_carry4_CI_CO[3])
                                                      0.114    20.631 r  my_clock_divider/r_reg_reg[480]_i_1/CO[3]
                         net (fo=1, routed)           0.000    20.631    my_clock_divider/r_reg_reg[480]_i_1_n_0
    SLICE_X0Y139         CARRY4 (Prop_carry4_CI_CO[3])
                                                      0.114    20.745 r  my_clock_divider/r_reg_reg[484]_i_1/CO[3]
                         net (fo=1, routed)           0.000    20.745    my_clock_divider/r_reg_reg[484]_i_1_n_0
    SLICE_X0Y140         CARRY4 (Prop_carry4_CI_CO[3])
                                                      0.114    20.859 r  my_clock_divider/r_reg_reg[488]_i_1/CO[3]
                         net (fo=1, routed)           0.000    20.859    my_clock_divider/r_reg_reg[488]_i_1_n_0
    SLICE_X0Y141         CARRY4 (Prop_carry4_CI_O[2])
                                                      0.239    21.098 r  my_clock_divider/r_reg_reg[492]_i_1/O[2]
                         net (fo=1, routed)           0.000    21.098    my_clock_divider/r_reg_reg[492]_i_1_n_5
    SLICE_X0Y141         FDRE                                         r  my_clock_divider/r_reg_reg[494]/D
  -------------------------------------------------------------------    -------------------

                         (clock sys_clk_pin rise edge)
                                                     10.000    10.000 r  
    E3                                                0.000    10.000 r  clk (IN)
                         net (fo=0)                   0.000    10.000    clk
    E3                   IBUF (Prop_ibuf_I_O)         1.411    11.411 r  clk_IBUF_inst/O
                         net (fo=1, routed)           1.920    13.331    clk_IBUF
    BUFGCTRL_X0Y16       BUFG (Prop_bufg_I_O)         0.091    13.422 r  clk_IBUF_BUFG_inst/O
                         net (fo=501, routed)         1.588    15.010    my_clock_divider/clk
    SLICE_X0Y141         FDRE                                         r  my_clock_divider/r_reg_reg[494]/C
                         clock pessimism              0.180    15.190    
                         clock uncertainty           -0.035    15.155    
    SLICE_X0Y141         FDRE (Setup_fdre_C_D)        0.062    15.217    my_clock_divider/r_reg_reg[494]
  -------------------------------------------------------------------
                         required time                         15.217    
                         arrival time                         -21.098    
  -------------------------------------------------------------------
                         slack                                 -5.881    

Slack (VIOLATED) :        -5.865ns  (required time - arrival time)
  Source:                 my_clock_divider/r_reg_reg[1]/C
                            (rising edge-triggered cell FDRE clocked by sys_clk_pin  {rise@0.000ns fall@5.000ns period=10.000ns})
  Destination:            my_clock_divider/r_reg_reg[492]/D
                            (rising edge-triggered cell FDRE clocked by sys_clk_pin  {rise@0.000ns fall@5.000ns period=10.000ns})
  Path Group:             sys_clk_pin
  Path Type:              Setup (Max at Slow Process Corner)
  Requirement:            10.000ns  (sys_clk_pin rise@10.000ns - sys_clk_pin rise@0.000ns)
  Data Path Delay:        15.589ns  (logic 15.261ns (97.896%)  route 0.328ns (2.104%))
  Logic Levels:           124  (CARRY4=124)
  Clock Path Skew:        -0.303ns (DCD - SCD + CPR)
    Destination Clock Delay (DCD):    5.010ns = ( 15.010 - 10.000 ) 
    Source Clock Delay      (SCD):    5.493ns
    Clock Pessimism Removal (CPR):    0.180ns
  Clock Uncertainty:      0.035ns  ((TSJ^2 + TIJ^2)^1/2 + DJ) / 2 + PE
    Total System Jitter     (TSJ):    0.071ns
    Total Input Jitter      (TIJ):    0.000ns
    Discrete Jitter          (DJ):    0.000ns
    Phase Error              (PE):    0.000ns

    Location             Delay type                Incr(ns)  Path(ns)    Netlist Resource(s)
  -------------------------------------------------------------------    -------------------
                         (clock sys_clk_pin rise edge)
                                                      0.000     0.000 r  
    E3                                                0.000     0.000 r  clk (IN)
                         net (fo=0)                   0.000     0.000    clk
    E3                   IBUF (Prop_ibuf_I_O)         1.482     1.482 r  clk_IBUF_inst/O
                         net (fo=1, routed)           2.025     3.506    clk_IBUF
    BUFGCTRL_X0Y16       BUFG (Prop_bufg_I_O)         0.096     3.602 r  clk_IBUF_BUFG_inst/O
                         net (fo=501, routed)         1.890     5.493    my_clock_divider/clk
    SLICE_X1Y17          FDRE                                         r  my_clock_divider/r_reg_reg[1]/C
  -------------------------------------------------------------------    -------------------
    SLICE_X1Y17          FDRE (Prop_fdre_C_Q)         0.456     5.949 r  my_clock_divider/r_reg_reg[1]/Q
                         net (fo=1, routed)           0.300     6.248    my_clock_divider/r_reg_reg[1]
    SLICE_X0Y18          CARRY4 (Prop_carry4_S[1]_CO[3])
                                                      0.674     6.922 r  my_clock_divider/r_reg_reg[0]_i_1/CO[3]
                         net (fo=1, routed)           0.000     6.922    my_clock_divider/r_reg_reg[0]_i_1_n_0
    SLICE_X0Y19          CARRY4 (Prop_carry4_CI_CO[3])
                                                      0.114     7.036 r  my_clock_divider/r_reg_reg[4]_i_1/CO[3]
                         net (fo=1, routed)           0.000     7.036    my_clock_divider/r_reg_reg[4]_i_1_n_0
    SLICE_X0Y20          CARRY4 (Prop_carry4_CI_CO[3])
                                                      0.114     7.150 r  my_clock_divider/r_reg_reg[8]_i_1/CO[3]
                         net (fo=1, routed)           0.000     7.150    my_clock_divider/r_reg_reg[8]_i_1_n_0
    SLICE_X0Y21          CARRY4 (Prop_carry4_CI_CO[3])
                                                      0.114     7.264 r  my_clock_divider/r_reg_reg[12]_i_1/CO[3]
                         net (fo=1, routed)           0.000     7.264    my_clock_divider/r_reg_reg[12]_i_1_n_0
    SLICE_X0Y22          CARRY4 (Prop_carry4_CI_CO[3])
                                                      0.114     7.378 r  my_clock_divider/r_reg_reg[16]_i_1/CO[3]
                         net (fo=1, routed)           0.000     7.378    my_clock_divider/r_reg_reg[16]_i_1_n_0
    SLICE_X0Y23          CARRY4 (Prop_carry4_CI_CO[3])
                                                      0.114     7.492 r  my_clock_divider/r_reg_reg[20]_i_1/CO[3]
                         net (fo=1, routed)           0.000     7.492    my_clock_divider/r_reg_reg[20]_i_1_n_0
    SLICE_X0Y24          CARRY4 (Prop_carry4_CI_CO[3])
                                                      0.114     7.606 r  my_clock_divider/r_reg_reg[24]_i_1/CO[3]
                         net (fo=1, routed)           0.009     7.615    my_clock_divider/r_reg_reg[24]_i_1_n_0
    SLICE_X0Y25          CARRY4 (Prop_carry4_CI_CO[3])
                                                      0.114     7.729 r  my_clock_divider/r_reg_reg[28]_i_1/CO[3]
                         net (fo=1, routed)           0.000     7.729    my_clock_divider/r_reg_reg[28]_i_1_n_0
    SLICE_X0Y26          CARRY4 (Prop_carry4_CI_CO[3])
                                                      0.114     7.843 r  my_clock_divider/r_reg_reg[32]_i_1/CO[3]
                         net (fo=1, routed)           0.000     7.843    my_clock_divider/r_reg_reg[32]_i_1_n_0
    SLICE_X0Y27          CARRY4 (Prop_carry4_CI_CO[3])
                                                      0.114     7.957 r  my_clock_divider/r_reg_reg[36]_i_1/CO[3]
                         net (fo=1, routed)           0.000     7.957    my_clock_divider/r_reg_reg[36]_i_1_n_0
    SLICE_X0Y28          CARRY4 (Prop_carry4_CI_CO[3])
                                                      0.114     8.071 r  my_clock_divider/r_reg_reg[40]_i_1/CO[3]
                         net (fo=1, routed)           0.000     8.071    my_clock_divider/r_reg_reg[40]_i_1_n_0
    SLICE_X0Y29          CARRY4 (Prop_carry4_CI_CO[3])
                                                      0.114     8.185 r  my_clock_divider/r_reg_reg[44]_i_1/CO[3]
                         net (fo=1, routed)           0.000     8.185    my_clock_divider/r_reg_reg[44]_i_1_n_0
    SLICE_X0Y30          CARRY4 (Prop_carry4_CI_CO[3])
                                                      0.114     8.299 r  my_clock_divider/r_reg_reg[48]_i_1/CO[3]
                         net (fo=1, routed)           0.000     8.299    my_clock_divider/r_reg_reg[48]_i_1_n_0
    SLICE_X0Y31          CARRY4 (Prop_carry4_CI_CO[3])
                                                      0.114     8.413 r  my_clock_divider/r_reg_reg[52]_i_1/CO[3]
                         net (fo=1, routed)           0.000     8.413    my_clock_divider/r_reg_reg[52]_i_1_n_0
    SLICE_X0Y32          CARRY4 (Prop_carry4_CI_CO[3])
                                                      0.114     8.527 r  my_clock_divider/r_reg_reg[56]_i_1/CO[3]
                         net (fo=1, routed)           0.000     8.527    my_clock_divider/r_reg_reg[56]_i_1_n_0
    SLICE_X0Y33          CARRY4 (Prop_carry4_CI_CO[3])
                                                      0.114     8.641 r  my_clock_divider/r_reg_reg[60]_i_1/CO[3]
                         net (fo=1, routed)           0.000     8.641    my_clock_divider/r_reg_reg[60]_i_1_n_0
    SLICE_X0Y34          CARRY4 (Prop_carry4_CI_CO[3])
                                                      0.114     8.755 r  my_clock_divider/r_reg_reg[64]_i_1/CO[3]
                         net (fo=1, routed)           0.000     8.755    my_clock_divider/r_reg_reg[64]_i_1_n_0
    SLICE_X0Y35          CARRY4 (Prop_carry4_CI_CO[3])
                                                      0.114     8.869 r  my_clock_divider/r_reg_reg[68]_i_1/CO[3]
                         net (fo=1, routed)           0.000     8.869    my_clock_divider/r_reg_reg[68]_i_1_n_0
    SLICE_X0Y36          CARRY4 (Prop_carry4_CI_CO[3])
                                                      0.114     8.983 r  my_clock_divider/r_reg_reg[72]_i_1/CO[3]
                         net (fo=1, routed)           0.000     8.983    my_clock_divider/r_reg_reg[72]_i_1_n_0
    SLICE_X0Y37          CARRY4 (Prop_carry4_CI_CO[3])
                                                      0.114     9.097 r  my_clock_divider/r_reg_reg[76]_i_1/CO[3]
                         net (fo=1, routed)           0.000     9.097    my_clock_divider/r_reg_reg[76]_i_1_n_0
    SLICE_X0Y38          CARRY4 (Prop_carry4_CI_CO[3])
                                                      0.114     9.211 r  my_clock_divider/r_reg_reg[80]_i_1/CO[3]
                         net (fo=1, routed)           0.000     9.211    my_clock_divider/r_reg_reg[80]_i_1_n_0
    SLICE_X0Y39          CARRY4 (Prop_carry4_CI_CO[3])
                                                      0.114     9.325 r  my_clock_divider/r_reg_reg[84]_i_1/CO[3]
                         net (fo=1, routed)           0.000     9.325    my_clock_divider/r_reg_reg[84]_i_1_n_0
    SLICE_X0Y40          CARRY4 (Prop_carry4_CI_CO[3])
                                                      0.114     9.439 r  my_clock_divider/r_reg_reg[88]_i_1/CO[3]
                         net (fo=1, routed)           0.000     9.439    my_clock_divider/r_reg_reg[88]_i_1_n_0
    SLICE_X0Y41          CARRY4 (Prop_carry4_CI_CO[3])
                                                      0.114     9.553 r  my_clock_divider/r_reg_reg[92]_i_1/CO[3]
                         net (fo=1, routed)           0.000     9.553    my_clock_divider/r_reg_reg[92]_i_1_n_0
    SLICE_X0Y42          CARRY4 (Prop_carry4_CI_CO[3])
                                                      0.114     9.667 r  my_clock_divider/r_reg_reg[96]_i_1/CO[3]
                         net (fo=1, routed)           0.000     9.667    my_clock_divider/r_reg_reg[96]_i_1_n_0
    SLICE_X0Y43          CARRY4 (Prop_carry4_CI_CO[3])
                                                      0.114     9.781 r  my_clock_divider/r_reg_reg[100]_i_1/CO[3]
                         net (fo=1, routed)           0.000     9.781    my_clock_divider/r_reg_reg[100]_i_1_n_0
    SLICE_X0Y44          CARRY4 (Prop_carry4_CI_CO[3])
                                                      0.114     9.895 r  my_clock_divider/r_reg_reg[104]_i_1/CO[3]
                         net (fo=1, routed)           0.000     9.895    my_clock_divider/r_reg_reg[104]_i_1_n_0
    SLICE_X0Y45          CARRY4 (Prop_carry4_CI_CO[3])
                                                      0.114    10.009 r  my_clock_divider/r_reg_reg[108]_i_1/CO[3]
                         net (fo=1, routed)           0.000    10.009    my_clock_divider/r_reg_reg[108]_i_1_n_0
    SLICE_X0Y46          CARRY4 (Prop_carry4_CI_CO[3])
                                                      0.114    10.123 r  my_clock_divider/r_reg_reg[112]_i_1/CO[3]
                         net (fo=1, routed)           0.000    10.123    my_clock_divider/r_reg_reg[112]_i_1_n_0
    SLICE_X0Y47          CARRY4 (Prop_carry4_CI_CO[3])
                                                      0.114    10.237 r  my_clock_divider/r_reg_reg[116]_i_1/CO[3]
                         net (fo=1, routed)           0.000    10.237    my_clock_divider/r_reg_reg[116]_i_1_n_0
    SLICE_X0Y48          CARRY4 (Prop_carry4_CI_CO[3])
                                                      0.114    10.351 r  my_clock_divider/r_reg_reg[120]_i_1/CO[3]
                         net (fo=1, routed)           0.000    10.351    my_clock_divider/r_reg_reg[120]_i_1_n_0
    SLICE_X0Y49          CARRY4 (Prop_carry4_CI_CO[3])
                                                      0.114    10.465 r  my_clock_divider/r_reg_reg[124]_i_1/CO[3]
                         net (fo=1, routed)           0.001    10.466    my_clock_divider/r_reg_reg[124]_i_1_n_0
    SLICE_X0Y50          CARRY4 (Prop_carry4_CI_CO[3])
                                                      0.114    10.580 r  my_clock_divider/r_reg_reg[128]_i_1/CO[3]
                         net (fo=1, routed)           0.000    10.580    my_clock_divider/r_reg_reg[128]_i_1_n_0
    SLICE_X0Y51          CARRY4 (Prop_carry4_CI_CO[3])
                                                      0.114    10.694 r  my_clock_divider/r_reg_reg[132]_i_1/CO[3]
                         net (fo=1, routed)           0.000    10.694    my_clock_divider/r_reg_reg[132]_i_1_n_0
    SLICE_X0Y52          CARRY4 (Prop_carry4_CI_CO[3])
                                                      0.114    10.808 r  my_clock_divider/r_reg_reg[136]_i_1/CO[3]
                         net (fo=1, routed)           0.000    10.808    my_clock_divider/r_reg_reg[136]_i_1_n_0
    SLICE_X0Y53          CARRY4 (Prop_carry4_CI_CO[3])
                                                      0.114    10.922 r  my_clock_divider/r_reg_reg[140]_i_1/CO[3]
                         net (fo=1, routed)           0.000    10.922    my_clock_divider/r_reg_reg[140]_i_1_n_0
    SLICE_X0Y54          CARRY4 (Prop_carry4_CI_CO[3])
                                                      0.114    11.036 r  my_clock_divider/r_reg_reg[144]_i_1/CO[3]
                         net (fo=1, routed)           0.000    11.036    my_clock_divider/r_reg_reg[144]_i_1_n_0
    SLICE_X0Y55          CARRY4 (Prop_carry4_CI_CO[3])
                                                      0.114    11.150 r  my_clock_divider/r_reg_reg[148]_i_1/CO[3]
                         net (fo=1, routed)           0.000    11.150    my_clock_divider/r_reg_reg[148]_i_1_n_0
    SLICE_X0Y56          CARRY4 (Prop_carry4_CI_CO[3])
                                                      0.114    11.264 r  my_clock_divider/r_reg_reg[152]_i_1/CO[3]
                         net (fo=1, routed)           0.000    11.264    my_clock_divider/r_reg_reg[152]_i_1_n_0
    SLICE_X0Y57          CARRY4 (Prop_carry4_CI_CO[3])
                                                      0.114    11.378 r  my_clock_divider/r_reg_reg[156]_i_1/CO[3]
                         net (fo=1, routed)           0.000    11.378    my_clock_divider/r_reg_reg[156]_i_1_n_0
    SLICE_X0Y58          CARRY4 (Prop_carry4_CI_CO[3])
                                                      0.114    11.492 r  my_clock_divider/r_reg_reg[160]_i_1/CO[3]
                         net (fo=1, routed)           0.000    11.492    my_clock_divider/r_reg_reg[160]_i_1_n_0
    SLICE_X0Y59          CARRY4 (Prop_carry4_CI_CO[3])
                                                      0.114    11.606 r  my_clock_divider/r_reg_reg[164]_i_1/CO[3]
                         net (fo=1, routed)           0.000    11.606    my_clock_divider/r_reg_reg[164]_i_1_n_0
    SLICE_X0Y60          CARRY4 (Prop_carry4_CI_CO[3])
                                                      0.114    11.720 r  my_clock_divider/r_reg_reg[168]_i_1/CO[3]
                         net (fo=1, routed)           0.000    11.720    my_clock_divider/r_reg_reg[168]_i_1_n_0
    SLICE_X0Y61          CARRY4 (Prop_carry4_CI_CO[3])
                                                      0.114    11.834 r  my_clock_divider/r_reg_reg[172]_i_1/CO[3]
                         net (fo=1, routed)           0.000    11.834    my_clock_divider/r_reg_reg[172]_i_1_n_0
    SLICE_X0Y62          CARRY4 (Prop_carry4_CI_CO[3])
                                                      0.114    11.948 r  my_clock_divider/r_reg_reg[176]_i_1/CO[3]
                         net (fo=1, routed)           0.000    11.948    my_clock_divider/r_reg_reg[176]_i_1_n_0
    SLICE_X0Y63          CARRY4 (Prop_carry4_CI_CO[3])
                                                      0.114    12.062 r  my_clock_divider/r_reg_reg[180]_i_1/CO[3]
                         net (fo=1, routed)           0.000    12.062    my_clock_divider/r_reg_reg[180]_i_1_n_0
    SLICE_X0Y64          CARRY4 (Prop_carry4_CI_CO[3])
                                                      0.114    12.176 r  my_clock_divider/r_reg_reg[184]_i_1/CO[3]
                         net (fo=1, routed)           0.000    12.176    my_clock_divider/r_reg_reg[184]_i_1_n_0
    SLICE_X0Y65          CARRY4 (Prop_carry4_CI_CO[3])
                                                      0.114    12.290 r  my_clock_divider/r_reg_reg[188]_i_1/CO[3]
                         net (fo=1, routed)           0.000    12.290    my_clock_divider/r_reg_reg[188]_i_1_n_0
    SLICE_X0Y66          CARRY4 (Prop_carry4_CI_CO[3])
                                                      0.114    12.404 r  my_clock_divider/r_reg_reg[192]_i_1/CO[3]
                         net (fo=1, routed)           0.000    12.404    my_clock_divider/r_reg_reg[192]_i_1_n_0
    SLICE_X0Y67          CARRY4 (Prop_carry4_CI_CO[3])
                                                      0.114    12.518 r  my_clock_divider/r_reg_reg[196]_i_1/CO[3]
                         net (fo=1, routed)           0.000    12.518    my_clock_divider/r_reg_reg[196]_i_1_n_0
    SLICE_X0Y68          CARRY4 (Prop_carry4_CI_CO[3])
                                                      0.114    12.632 r  my_clock_divider/r_reg_reg[200]_i_1/CO[3]
                         net (fo=1, routed)           0.000    12.632    my_clock_divider/r_reg_reg[200]_i_1_n_0
    SLICE_X0Y69          CARRY4 (Prop_carry4_CI_CO[3])
                                                      0.114    12.746 r  my_clock_divider/r_reg_reg[204]_i_1/CO[3]
                         net (fo=1, routed)           0.000    12.746    my_clock_divider/r_reg_reg[204]_i_1_n_0
    SLICE_X0Y70          CARRY4 (Prop_carry4_CI_CO[3])
                                                      0.114    12.860 r  my_clock_divider/r_reg_reg[208]_i_1/CO[3]
                         net (fo=1, routed)           0.000    12.860    my_clock_divider/r_reg_reg[208]_i_1_n_0
    SLICE_X0Y71          CARRY4 (Prop_carry4_CI_CO[3])
                                                      0.114    12.974 r  my_clock_divider/r_reg_reg[212]_i_1/CO[3]
                         net (fo=1, routed)           0.000    12.974    my_clock_divider/r_reg_reg[212]_i_1_n_0
    SLICE_X0Y72          CARRY4 (Prop_carry4_CI_CO[3])
                                                      0.114    13.088 r  my_clock_divider/r_reg_reg[216]_i_1/CO[3]
                         net (fo=1, routed)           0.000    13.088    my_clock_divider/r_reg_reg[216]_i_1_n_0
    SLICE_X0Y73          CARRY4 (Prop_carry4_CI_CO[3])
                                                      0.114    13.202 r  my_clock_divider/r_reg_reg[220]_i_1/CO[3]
                         net (fo=1, routed)           0.000    13.202    my_clock_divider/r_reg_reg[220]_i_1_n_0
    SLICE_X0Y74          CARRY4 (Prop_carry4_CI_CO[3])
                                                      0.114    13.316 r  my_clock_divider/r_reg_reg[224]_i_1/CO[3]
                         net (fo=1, routed)           0.009    13.325    my_clock_divider/r_reg_reg[224]_i_1_n_0
    SLICE_X0Y75          CARRY4 (Prop_carry4_CI_CO[3])
                                                      0.114    13.439 r  my_clock_divider/r_reg_reg[228]_i_1/CO[3]
                         net (fo=1, routed)           0.000    13.439    my_clock_divider/r_reg_reg[228]_i_1_n_0
    SLICE_X0Y76          CARRY4 (Prop_carry4_CI_CO[3])
                                                      0.114    13.553 r  my_clock_divider/r_reg_reg[232]_i_1/CO[3]
                         net (fo=1, routed)           0.000    13.553    my_clock_divider/r_reg_reg[232]_i_1_n_0
    SLICE_X0Y77          CARRY4 (Prop_carry4_CI_CO[3])
                                                      0.114    13.667 r  my_clock_divider/r_reg_reg[236]_i_1/CO[3]
                         net (fo=1, routed)           0.000    13.667    my_clock_divider/r_reg_reg[236]_i_1_n_0
    SLICE_X0Y78          CARRY4 (Prop_carry4_CI_CO[3])
                                                      0.114    13.781 r  my_clock_divider/r_reg_reg[240]_i_1/CO[3]
                         net (fo=1, routed)           0.000    13.781    my_clock_divider/r_reg_reg[240]_i_1_n_0
    SLICE_X0Y79          CARRY4 (Prop_carry4_CI_CO[3])
                                                      0.114    13.895 r  my_clock_divider/r_reg_reg[244]_i_1/CO[3]
                         net (fo=1, routed)           0.000    13.895    my_clock_divider/r_reg_reg[244]_i_1_n_0
    SLICE_X0Y80          CARRY4 (Prop_carry4_CI_CO[3])
                                                      0.114    14.009 r  my_clock_divider/r_reg_reg[248]_i_1/CO[3]
                         net (fo=1, routed)           0.000    14.009    my_clock_divider/r_reg_reg[248]_i_1_n_0
    SLICE_X0Y81          CARRY4 (Prop_carry4_CI_CO[3])
                                                      0.114    14.123 r  my_clock_divider/r_reg_reg[252]_i_1/CO[3]
                         net (fo=1, routed)           0.000    14.123    my_clock_divider/r_reg_reg[252]_i_1_n_0
    SLICE_X0Y82          CARRY4 (Prop_carry4_CI_CO[3])
                                                      0.114    14.237 r  my_clock_divider/r_reg_reg[256]_i_1/CO[3]
                         net (fo=1, routed)           0.000    14.237    my_clock_divider/r_reg_reg[256]_i_1_n_0
    SLICE_X0Y83          CARRY4 (Prop_carry4_CI_CO[3])
                                                      0.114    14.351 r  my_clock_divider/r_reg_reg[260]_i_1/CO[3]
                         net (fo=1, routed)           0.000    14.351    my_clock_divider/r_reg_reg[260]_i_1_n_0
    SLICE_X0Y84          CARRY4 (Prop_carry4_CI_CO[3])
                                                      0.114    14.465 r  my_clock_divider/r_reg_reg[264]_i_1/CO[3]
                         net (fo=1, routed)           0.000    14.465    my_clock_divider/r_reg_reg[264]_i_1_n_0
    SLICE_X0Y85          CARRY4 (Prop_carry4_CI_CO[3])
                                                      0.114    14.579 r  my_clock_divider/r_reg_reg[268]_i_1/CO[3]
                         net (fo=1, routed)           0.000    14.579    my_clock_divider/r_reg_reg[268]_i_1_n_0
    SLICE_X0Y86          CARRY4 (Prop_carry4_CI_CO[3])
                                                      0.114    14.693 r  my_clock_divider/r_reg_reg[272]_i_1/CO[3]
                         net (fo=1, routed)           0.000    14.693    my_clock_divider/r_reg_reg[272]_i_1_n_0
    SLICE_X0Y87          CARRY4 (Prop_carry4_CI_CO[3])
                                                      0.114    14.807 r  my_clock_divider/r_reg_reg[276]_i_1/CO[3]
                         net (fo=1, routed)           0.000    14.807    my_clock_divider/r_reg_reg[276]_i_1_n_0
    SLICE_X0Y88          CARRY4 (Prop_carry4_CI_CO[3])
                                                      0.114    14.921 r  my_clock_divider/r_reg_reg[280]_i_1/CO[3]
                         net (fo=1, routed)           0.000    14.921    my_clock_divider/r_reg_reg[280]_i_1_n_0
    SLICE_X0Y89          CARRY4 (Prop_carry4_CI_CO[3])
                                                      0.114    15.035 r  my_clock_divider/r_reg_reg[284]_i_1/CO[3]
                         net (fo=1, routed)           0.000    15.035    my_clock_divider/r_reg_reg[284]_i_1_n_0
    SLICE_X0Y90          CARRY4 (Prop_carry4_CI_CO[3])
                                                      0.114    15.149 r  my_clock_divider/r_reg_reg[288]_i_1/CO[3]
                         net (fo=1, routed)           0.000    15.149    my_clock_divider/r_reg_reg[288]_i_1_n_0
    SLICE_X0Y91          CARRY4 (Prop_carry4_CI_CO[3])
                                                      0.114    15.263 r  my_clock_divider/r_reg_reg[292]_i_1/CO[3]
                         net (fo=1, routed)           0.000    15.263    my_clock_divider/r_reg_reg[292]_i_1_n_0
    SLICE_X0Y92          CARRY4 (Prop_carry4_CI_CO[3])
                                                      0.114    15.377 r  my_clock_divider/r_reg_reg[296]_i_1/CO[3]
                         net (fo=1, routed)           0.000    15.377    my_clock_divider/r_reg_reg[296]_i_1_n_0
    SLICE_X0Y93          CARRY4 (Prop_carry4_CI_CO[3])
                                                      0.114    15.491 r  my_clock_divider/r_reg_reg[300]_i_1/CO[3]
                         net (fo=1, routed)           0.000    15.491    my_clock_divider/r_reg_reg[300]_i_1_n_0
    SLICE_X0Y94          CARRY4 (Prop_carry4_CI_CO[3])
                                                      0.114    15.605 r  my_clock_divider/r_reg_reg[304]_i_1/CO[3]
                         net (fo=1, routed)           0.000    15.605    my_clock_divider/r_reg_reg[304]_i_1_n_0
    SLICE_X0Y95          CARRY4 (Prop_carry4_CI_CO[3])
                                                      0.114    15.719 r  my_clock_divider/r_reg_reg[308]_i_1/CO[3]
                         net (fo=1, routed)           0.000    15.719    my_clock_divider/r_reg_reg[308]_i_1_n_0
    SLICE_X0Y96          CARRY4 (Prop_carry4_CI_CO[3])
                                                      0.114    15.833 r  my_clock_divider/r_reg_reg[312]_i_1/CO[3]
                         net (fo=1, routed)           0.000    15.833    my_clock_divider/r_reg_reg[312]_i_1_n_0
    SLICE_X0Y97          CARRY4 (Prop_carry4_CI_CO[3])
                                                      0.114    15.947 r  my_clock_divider/r_reg_reg[316]_i_1/CO[3]
                         net (fo=1, routed)           0.000    15.947    my_clock_divider/r_reg_reg[316]_i_1_n_0
    SLICE_X0Y98          CARRY4 (Prop_carry4_CI_CO[3])
                                                      0.114    16.061 r  my_clock_divider/r_reg_reg[320]_i_1/CO[3]
                         net (fo=1, routed)           0.000    16.061    my_clock_divider/r_reg_reg[320]_i_1_n_0
    SLICE_X0Y99          CARRY4 (Prop_carry4_CI_CO[3])
                                                      0.114    16.175 r  my_clock_divider/r_reg_reg[324]_i_1/CO[3]
                         net (fo=1, routed)           0.001    16.176    my_clock_divider/r_reg_reg[324]_i_1_n_0
    SLICE_X0Y100         CARRY4 (Prop_carry4_CI_CO[3])
                                                      0.114    16.290 r  my_clock_divider/r_reg_reg[328]_i_1/CO[3]
                         net (fo=1, routed)           0.000    16.290    my_clock_divider/r_reg_reg[328]_i_1_n_0
    SLICE_X0Y101         CARRY4 (Prop_carry4_CI_CO[3])
                                                      0.114    16.404 r  my_clock_divider/r_reg_reg[332]_i_1/CO[3]
                         net (fo=1, routed)           0.000    16.404    my_clock_divider/r_reg_reg[332]_i_1_n_0
    SLICE_X0Y102         CARRY4 (Prop_carry4_CI_CO[3])
                                                      0.114    16.518 r  my_clock_divider/r_reg_reg[336]_i_1/CO[3]
                         net (fo=1, routed)           0.000    16.518    my_clock_divider/r_reg_reg[336]_i_1_n_0
    SLICE_X0Y103         CARRY4 (Prop_carry4_CI_CO[3])
                                                      0.114    16.632 r  my_clock_divider/r_reg_reg[340]_i_1/CO[3]
                         net (fo=1, routed)           0.000    16.632    my_clock_divider/r_reg_reg[340]_i_1_n_0
    SLICE_X0Y104         CARRY4 (Prop_carry4_CI_CO[3])
                                                      0.114    16.746 r  my_clock_divider/r_reg_reg[344]_i_1/CO[3]
                         net (fo=1, routed)           0.000    16.746    my_clock_divider/r_reg_reg[344]_i_1_n_0
    SLICE_X0Y105         CARRY4 (Prop_carry4_CI_CO[3])
                                                      0.114    16.860 r  my_clock_divider/r_reg_reg[348]_i_1/CO[3]
                         net (fo=1, routed)           0.000    16.860    my_clock_divider/r_reg_reg[348]_i_1_n_0
    SLICE_X0Y106         CARRY4 (Prop_carry4_CI_CO[3])
                                                      0.114    16.974 r  my_clock_divider/r_reg_reg[352]_i_1/CO[3]
                         net (fo=1, routed)           0.000    16.974    my_clock_divider/r_reg_reg[352]_i_1_n_0
    SLICE_X0Y107         CARRY4 (Prop_carry4_CI_CO[3])
                                                      0.114    17.088 r  my_clock_divider/r_reg_reg[356]_i_1/CO[3]
                         net (fo=1, routed)           0.000    17.088    my_clock_divider/r_reg_reg[356]_i_1_n_0
    SLICE_X0Y108         CARRY4 (Prop_carry4_CI_CO[3])
                                                      0.114    17.202 r  my_clock_divider/r_reg_reg[360]_i_1/CO[3]
                         net (fo=1, routed)           0.000    17.202    my_clock_divider/r_reg_reg[360]_i_1_n_0
    SLICE_X0Y109         CARRY4 (Prop_carry4_CI_CO[3])
                                                      0.114    17.316 r  my_clock_divider/r_reg_reg[364]_i_1/CO[3]
                         net (fo=1, routed)           0.000    17.316    my_clock_divider/r_reg_reg[364]_i_1_n_0
    SLICE_X0Y110         CARRY4 (Prop_carry4_CI_CO[3])
                                                      0.114    17.430 r  my_clock_divider/r_reg_reg[368]_i_1/CO[3]
                         net (fo=1, routed)           0.000    17.430    my_clock_divider/r_reg_reg[368]_i_1_n_0
    SLICE_X0Y111         CARRY4 (Prop_carry4_CI_CO[3])
                                                      0.114    17.544 r  my_clock_divider/r_reg_reg[372]_i_1/CO[3]
                         net (fo=1, routed)           0.000    17.544    my_clock_divider/r_reg_reg[372]_i_1_n_0
    SLICE_X0Y112         CARRY4 (Prop_carry4_CI_CO[3])
                                                      0.114    17.658 r  my_clock_divider/r_reg_reg[376]_i_1/CO[3]
                         net (fo=1, routed)           0.000    17.658    my_clock_divider/r_reg_reg[376]_i_1_n_0
    SLICE_X0Y113         CARRY4 (Prop_carry4_CI_CO[3])
                                                      0.114    17.772 r  my_clock_divider/r_reg_reg[380]_i_1/CO[3]
                         net (fo=1, routed)           0.000    17.772    my_clock_divider/r_reg_reg[380]_i_1_n_0
    SLICE_X0Y114         CARRY4 (Prop_carry4_CI_CO[3])
                                                      0.114    17.886 r  my_clock_divider/r_reg_reg[384]_i_1/CO[3]
                         net (fo=1, routed)           0.000    17.886    my_clock_divider/r_reg_reg[384]_i_1_n_0
    SLICE_X0Y115         CARRY4 (Prop_carry4_CI_CO[3])
                                                      0.114    18.000 r  my_clock_divider/r_reg_reg[388]_i_1/CO[3]
                         net (fo=1, routed)           0.000    18.000    my_clock_divider/r_reg_reg[388]_i_1_n_0
    SLICE_X0Y116         CARRY4 (Prop_carry4_CI_CO[3])
                                                      0.114    18.114 r  my_clock_divider/r_reg_reg[392]_i_1/CO[3]
                         net (fo=1, routed)           0.000    18.114    my_clock_divider/r_reg_reg[392]_i_1_n_0
    SLICE_X0Y117         CARRY4 (Prop_carry4_CI_CO[3])
                                                      0.114    18.228 r  my_clock_divider/r_reg_reg[396]_i_1/CO[3]
                         net (fo=1, routed)           0.000    18.228    my_clock_divider/r_reg_reg[396]_i_1_n_0
    SLICE_X0Y118         CARRY4 (Prop_carry4_CI_CO[3])
                                                      0.114    18.342 r  my_clock_divider/r_reg_reg[400]_i_1/CO[3]
                         net (fo=1, routed)           0.000    18.342    my_clock_divider/r_reg_reg[400]_i_1_n_0
    SLICE_X0Y119         CARRY4 (Prop_carry4_CI_CO[3])
                                                      0.114    18.456 r  my_clock_divider/r_reg_reg[404]_i_1/CO[3]
                         net (fo=1, routed)           0.000    18.456    my_clock_divider/r_reg_reg[404]_i_1_n_0
    SLICE_X0Y120         CARRY4 (Prop_carry4_CI_CO[3])
                                                      0.114    18.570 r  my_clock_divider/r_reg_reg[408]_i_1/CO[3]
                         net (fo=1, routed)           0.000    18.570    my_clock_divider/r_reg_reg[408]_i_1_n_0
    SLICE_X0Y121         CARRY4 (Prop_carry4_CI_CO[3])
                                                      0.114    18.684 r  my_clock_divider/r_reg_reg[412]_i_1/CO[3]
                         net (fo=1, routed)           0.000    18.684    my_clock_divider/r_reg_reg[412]_i_1_n_0
    SLICE_X0Y122         CARRY4 (Prop_carry4_CI_CO[3])
                                                      0.114    18.798 r  my_clock_divider/r_reg_reg[416]_i_1/CO[3]
                         net (fo=1, routed)           0.000    18.798    my_clock_divider/r_reg_reg[416]_i_1_n_0
    SLICE_X0Y123         CARRY4 (Prop_carry4_CI_CO[3])
                                                      0.114    18.912 r  my_clock_divider/r_reg_reg[420]_i_1/CO[3]
                         net (fo=1, routed)           0.000    18.912    my_clock_divider/r_reg_reg[420]_i_1_n_0
    SLICE_X0Y124         CARRY4 (Prop_carry4_CI_CO[3])
                                                      0.114    19.026 r  my_clock_divider/r_reg_reg[424]_i_1/CO[3]
                         net (fo=1, routed)           0.009    19.035    my_clock_divider/r_reg_reg[424]_i_1_n_0
    SLICE_X0Y125         CARRY4 (Prop_carry4_CI_CO[3])
                                                      0.114    19.149 r  my_clock_divider/r_reg_reg[428]_i_1/CO[3]
                         net (fo=1, routed)           0.000    19.149    my_clock_divider/r_reg_reg[428]_i_1_n_0
    SLICE_X0Y126         CARRY4 (Prop_carry4_CI_CO[3])
                                                      0.114    19.263 r  my_clock_divider/r_reg_reg[432]_i_1/CO[3]
                         net (fo=1, routed)           0.000    19.263    my_clock_divider/r_reg_reg[432]_i_1_n_0
    SLICE_X0Y127         CARRY4 (Prop_carry4_CI_CO[3])
                                                      0.114    19.377 r  my_clock_divider/r_reg_reg[436]_i_1/CO[3]
                         net (fo=1, routed)           0.000    19.377    my_clock_divider/r_reg_reg[436]_i_1_n_0
    SLICE_X0Y128         CARRY4 (Prop_carry4_CI_CO[3])
                                                      0.114    19.491 r  my_clock_divider/r_reg_reg[440]_i_1/CO[3]
                         net (fo=1, routed)           0.000    19.491    my_clock_divider/r_reg_reg[440]_i_1_n_0
    SLICE_X0Y129         CARRY4 (Prop_carry4_CI_CO[3])
                                                      0.114    19.605 r  my_clock_divider/r_reg_reg[444]_i_1/CO[3]
                         net (fo=1, routed)           0.000    19.605    my_clock_divider/r_reg_reg[444]_i_1_n_0
    SLICE_X0Y130         CARRY4 (Prop_carry4_CI_CO[3])
                                                      0.114    19.719 r  my_clock_divider/r_reg_reg[448]_i_1/CO[3]
                         net (fo=1, routed)           0.000    19.719    my_clock_divider/r_reg_reg[448]_i_1_n_0
    SLICE_X0Y131         CARRY4 (Prop_carry4_CI_CO[3])
                                                      0.114    19.833 r  my_clock_divider/r_reg_reg[452]_i_1/CO[3]
                         net (fo=1, routed)           0.000    19.833    my_clock_divider/r_reg_reg[452]_i_1_n_0
    SLICE_X0Y132         CARRY4 (Prop_carry4_CI_CO[3])
                                                      0.114    19.947 r  my_clock_divider/r_reg_reg[456]_i_1/CO[3]
                         net (fo=1, routed)           0.000    19.947    my_clock_divider/r_reg_reg[456]_i_1_n_0
    SLICE_X0Y133         CARRY4 (Prop_carry4_CI_CO[3])
                                                      0.114    20.061 r  my_clock_divider/r_reg_reg[460]_i_1/CO[3]
                         net (fo=1, routed)           0.000    20.061    my_clock_divider/r_reg_reg[460]_i_1_n_0
    SLICE_X0Y134         CARRY4 (Prop_carry4_CI_CO[3])
                                                      0.114    20.175 r  my_clock_divider/r_reg_reg[464]_i_1/CO[3]
                         net (fo=1, routed)           0.000    20.175    my_clock_divider/r_reg_reg[464]_i_1_n_0
    SLICE_X0Y135         CARRY4 (Prop_carry4_CI_CO[3])
                                                      0.114    20.289 r  my_clock_divider/r_reg_reg[468]_i_1/CO[3]
                         net (fo=1, routed)           0.000    20.289    my_clock_divider/r_reg_reg[468]_i_1_n_0
    SLICE_X0Y136         CARRY4 (Prop_carry4_CI_CO[3])
                                                      0.114    20.403 r  my_clock_divider/r_reg_reg[472]_i_1/CO[3]
                         net (fo=1, routed)           0.000    20.403    my_clock_divider/r_reg_reg[472]_i_1_n_0
    SLICE_X0Y137         CARRY4 (Prop_carry4_CI_CO[3])
                                                      0.114    20.517 r  my_clock_divider/r_reg_reg[476]_i_1/CO[3]
                         net (fo=1, routed)           0.000    20.517    my_clock_divider/r_reg_reg[476]_i_1_n_0
    SLICE_X0Y138         CARRY4 (Prop_carry4_CI_CO[3])
                                                      0.114    20.631 r  my_clock_divider/r_reg_reg[480]_i_1/CO[3]
                         net (fo=1, routed)           0.000    20.631    my_clock_divider/r_reg_reg[480]_i_1_n_0
    SLICE_X0Y139         CARRY4 (Prop_carry4_CI_CO[3])
                                                      0.114    20.745 r  my_clock_divider/r_reg_reg[484]_i_1/CO[3]
                         net (fo=1, routed)           0.000    20.745    my_clock_divider/r_reg_reg[484]_i_1_n_0
    SLICE_X0Y140         CARRY4 (Prop_carry4_CI_CO[3])
                                                      0.114    20.859 r  my_clock_divider/r_reg_reg[488]_i_1/CO[3]
                         net (fo=1, routed)           0.000    20.859    my_clock_divider/r_reg_reg[488]_i_1_n_0
    SLICE_X0Y141         CARRY4 (Prop_carry4_CI_O[0])
                                                      0.223    21.082 r  my_clock_divider/r_reg_reg[492]_i_1/O[0]
                         net (fo=1, routed)           0.000    21.082    my_clock_divider/r_reg_reg[492]_i_1_n_7
    SLICE_X0Y141         FDRE                                         r  my_clock_divider/r_reg_reg[492]/D
  -------------------------------------------------------------------    -------------------

                         (clock sys_clk_pin rise edge)
                                                     10.000    10.000 r  
    E3                                                0.000    10.000 r  clk (IN)
                         net (fo=0)                   0.000    10.000    clk
    E3                   IBUF (Prop_ibuf_I_O)         1.411    11.411 r  clk_IBUF_inst/O
                         net (fo=1, routed)           1.920    13.331    clk_IBUF
    BUFGCTRL_X0Y16       BUFG (Prop_bufg_I_O)         0.091    13.422 r  clk_IBUF_BUFG_inst/O
                         net (fo=501, routed)         1.588    15.010    my_clock_divider/clk
    SLICE_X0Y141         FDRE                                         r  my_clock_divider/r_reg_reg[492]/C
                         clock pessimism              0.180    15.190    
                         clock uncertainty           -0.035    15.155    
    SLICE_X0Y141         FDRE (Setup_fdre_C_D)        0.062    15.217    my_clock_divider/r_reg_reg[492]
  -------------------------------------------------------------------
                         required time                         15.217    
                         arrival time                         -21.082    
  -------------------------------------------------------------------
                         slack                                 -5.865    

Slack (VIOLATED) :        -5.863ns  (required time - arrival time)
  Source:                 my_clock_divider/r_reg_reg[1]/C
                            (rising edge-triggered cell FDRE clocked by sys_clk_pin  {rise@0.000ns fall@5.000ns period=10.000ns})
  Destination:            my_clock_divider/r_reg_reg[489]/D
                            (rising edge-triggered cell FDRE clocked by sys_clk_pin  {rise@0.000ns fall@5.000ns period=10.000ns})
  Path Group:             sys_clk_pin
  Path Type:              Setup (Max at Slow Process Corner)
  Requirement:            10.000ns  (sys_clk_pin rise@10.000ns - sys_clk_pin rise@0.000ns)
  Data Path Delay:        15.586ns  (logic 15.258ns (97.896%)  route 0.328ns (2.104%))
  Logic Levels:           123  (CARRY4=123)
  Clock Path Skew:        -0.304ns (DCD - SCD + CPR)
    Destination Clock Delay (DCD):    5.009ns = ( 15.009 - 10.000 ) 
    Source Clock Delay      (SCD):    5.493ns
    Clock Pessimism Removal (CPR):    0.180ns
  Clock Uncertainty:      0.035ns  ((TSJ^2 + TIJ^2)^1/2 + DJ) / 2 + PE
    Total System Jitter     (TSJ):    0.071ns
    Total Input Jitter      (TIJ):    0.000ns
    Discrete Jitter          (DJ):    0.000ns
    Phase Error              (PE):    0.000ns

    Location             Delay type                Incr(ns)  Path(ns)    Netlist Resource(s)
  -------------------------------------------------------------------    -------------------
                         (clock sys_clk_pin rise edge)
                                                      0.000     0.000 r  
    E3                                                0.000     0.000 r  clk (IN)
                         net (fo=0)                   0.000     0.000    clk
    E3                   IBUF (Prop_ibuf_I_O)         1.482     1.482 r  clk_IBUF_inst/O
                         net (fo=1, routed)           2.025     3.506    clk_IBUF
    BUFGCTRL_X0Y16       BUFG (Prop_bufg_I_O)         0.096     3.602 r  clk_IBUF_BUFG_inst/O
                         net (fo=501, routed)         1.890     5.493    my_clock_divider/clk
    SLICE_X1Y17          FDRE                                         r  my_clock_divider/r_reg_reg[1]/C
  -------------------------------------------------------------------    -------------------
    SLICE_X1Y17          FDRE (Prop_fdre_C_Q)         0.456     5.949 r  my_clock_divider/r_reg_reg[1]/Q
                         net (fo=1, routed)           0.300     6.248    my_clock_divider/r_reg_reg[1]
    SLICE_X0Y18          CARRY4 (Prop_carry4_S[1]_CO[3])
                                                      0.674     6.922 r  my_clock_divider/r_reg_reg[0]_i_1/CO[3]
                         net (fo=1, routed)           0.000     6.922    my_clock_divider/r_reg_reg[0]_i_1_n_0
    SLICE_X0Y19          CARRY4 (Prop_carry4_CI_CO[3])
                                                      0.114     7.036 r  my_clock_divider/r_reg_reg[4]_i_1/CO[3]
                         net (fo=1, routed)           0.000     7.036    my_clock_divider/r_reg_reg[4]_i_1_n_0
    SLICE_X0Y20          CARRY4 (Prop_carry4_CI_CO[3])
                                                      0.114     7.150 r  my_clock_divider/r_reg_reg[8]_i_1/CO[3]
                         net (fo=1, routed)           0.000     7.150    my_clock_divider/r_reg_reg[8]_i_1_n_0
    SLICE_X0Y21          CARRY4 (Prop_carry4_CI_CO[3])
                                                      0.114     7.264 r  my_clock_divider/r_reg_reg[12]_i_1/CO[3]
                         net (fo=1, routed)           0.000     7.264    my_clock_divider/r_reg_reg[12]_i_1_n_0
    SLICE_X0Y22          CARRY4 (Prop_carry4_CI_CO[3])
                                                      0.114     7.378 r  my_clock_divider/r_reg_reg[16]_i_1/CO[3]
                         net (fo=1, routed)           0.000     7.378    my_clock_divider/r_reg_reg[16]_i_1_n_0
    SLICE_X0Y23          CARRY4 (Prop_carry4_CI_CO[3])
                                                      0.114     7.492 r  my_clock_divider/r_reg_reg[20]_i_1/CO[3]
                         net (fo=1, routed)           0.000     7.492    my_clock_divider/r_reg_reg[20]_i_1_n_0
    SLICE_X0Y24          CARRY4 (Prop_carry4_CI_CO[3])
                                                      0.114     7.606 r  my_clock_divider/r_reg_reg[24]_i_1/CO[3]
                         net (fo=1, routed)           0.009     7.615    my_clock_divider/r_reg_reg[24]_i_1_n_0
    SLICE_X0Y25          CARRY4 (Prop_carry4_CI_CO[3])
                                                      0.114     7.729 r  my_clock_divider/r_reg_reg[28]_i_1/CO[3]
                         net (fo=1, routed)           0.000     7.729    my_clock_divider/r_reg_reg[28]_i_1_n_0
    SLICE_X0Y26          CARRY4 (Prop_carry4_CI_CO[3])
                                                      0.114     7.843 r  my_clock_divider/r_reg_reg[32]_i_1/CO[3]
                         net (fo=1, routed)           0.000     7.843    my_clock_divider/r_reg_reg[32]_i_1_n_0
    SLICE_X0Y27          CARRY4 (Prop_carry4_CI_CO[3])
                                                      0.114     7.957 r  my_clock_divider/r_reg_reg[36]_i_1/CO[3]
                         net (fo=1, routed)           0.000     7.957    my_clock_divider/r_reg_reg[36]_i_1_n_0
    SLICE_X0Y28          CARRY4 (Prop_carry4_CI_CO[3])
                                                      0.114     8.071 r  my_clock_divider/r_reg_reg[40]_i_1/CO[3]
                         net (fo=1, routed)           0.000     8.071    my_clock_divider/r_reg_reg[40]_i_1_n_0
    SLICE_X0Y29          CARRY4 (Prop_carry4_CI_CO[3])
                                                      0.114     8.185 r  my_clock_divider/r_reg_reg[44]_i_1/CO[3]
                         net (fo=1, routed)           0.000     8.185    my_clock_divider/r_reg_reg[44]_i_1_n_0
    SLICE_X0Y30          CARRY4 (Prop_carry4_CI_CO[3])
                                                      0.114     8.299 r  my_clock_divider/r_reg_reg[48]_i_1/CO[3]
                         net (fo=1, routed)           0.000     8.299    my_clock_divider/r_reg_reg[48]_i_1_n_0
    SLICE_X0Y31          CARRY4 (Prop_carry4_CI_CO[3])
                                                      0.114     8.413 r  my_clock_divider/r_reg_reg[52]_i_1/CO[3]
                         net (fo=1, routed)           0.000     8.413    my_clock_divider/r_reg_reg[52]_i_1_n_0
    SLICE_X0Y32          CARRY4 (Prop_carry4_CI_CO[3])
                                                      0.114     8.527 r  my_clock_divider/r_reg_reg[56]_i_1/CO[3]
                         net (fo=1, routed)           0.000     8.527    my_clock_divider/r_reg_reg[56]_i_1_n_0
    SLICE_X0Y33          CARRY4 (Prop_carry4_CI_CO[3])
                                                      0.114     8.641 r  my_clock_divider/r_reg_reg[60]_i_1/CO[3]
                         net (fo=1, routed)           0.000     8.641    my_clock_divider/r_reg_reg[60]_i_1_n_0
    SLICE_X0Y34          CARRY4 (Prop_carry4_CI_CO[3])
                                                      0.114     8.755 r  my_clock_divider/r_reg_reg[64]_i_1/CO[3]
                         net (fo=1, routed)           0.000     8.755    my_clock_divider/r_reg_reg[64]_i_1_n_0
    SLICE_X0Y35          CARRY4 (Prop_carry4_CI_CO[3])
                                                      0.114     8.869 r  my_clock_divider/r_reg_reg[68]_i_1/CO[3]
                         net (fo=1, routed)           0.000     8.869    my_clock_divider/r_reg_reg[68]_i_1_n_0
    SLICE_X0Y36          CARRY4 (Prop_carry4_CI_CO[3])
                                                      0.114     8.983 r  my_clock_divider/r_reg_reg[72]_i_1/CO[3]
                         net (fo=1, routed)           0.000     8.983    my_clock_divider/r_reg_reg[72]_i_1_n_0
    SLICE_X0Y37          CARRY4 (Prop_carry4_CI_CO[3])
                                                      0.114     9.097 r  my_clock_divider/r_reg_reg[76]_i_1/CO[3]
                         net (fo=1, routed)           0.000     9.097    my_clock_divider/r_reg_reg[76]_i_1_n_0
    SLICE_X0Y38          CARRY4 (Prop_carry4_CI_CO[3])
                                                      0.114     9.211 r  my_clock_divider/r_reg_reg[80]_i_1/CO[3]
                         net (fo=1, routed)           0.000     9.211    my_clock_divider/r_reg_reg[80]_i_1_n_0
    SLICE_X0Y39          CARRY4 (Prop_carry4_CI_CO[3])
                                                      0.114     9.325 r  my_clock_divider/r_reg_reg[84]_i_1/CO[3]
                         net (fo=1, routed)           0.000     9.325    my_clock_divider/r_reg_reg[84]_i_1_n_0
    SLICE_X0Y40          CARRY4 (Prop_carry4_CI_CO[3])
                                                      0.114     9.439 r  my_clock_divider/r_reg_reg[88]_i_1/CO[3]
                         net (fo=1, routed)           0.000     9.439    my_clock_divider/r_reg_reg[88]_i_1_n_0
    SLICE_X0Y41          CARRY4 (Prop_carry4_CI_CO[3])
                                                      0.114     9.553 r  my_clock_divider/r_reg_reg[92]_i_1/CO[3]
                         net (fo=1, routed)           0.000     9.553    my_clock_divider/r_reg_reg[92]_i_1_n_0
    SLICE_X0Y42          CARRY4 (Prop_carry4_CI_CO[3])
                                                      0.114     9.667 r  my_clock_divider/r_reg_reg[96]_i_1/CO[3]
                         net (fo=1, routed)           0.000     9.667    my_clock_divider/r_reg_reg[96]_i_1_n_0
    SLICE_X0Y43          CARRY4 (Prop_carry4_CI_CO[3])
                                                      0.114     9.781 r  my_clock_divider/r_reg_reg[100]_i_1/CO[3]
                         net (fo=1, routed)           0.000     9.781    my_clock_divider/r_reg_reg[100]_i_1_n_0
    SLICE_X0Y44          CARRY4 (Prop_carry4_CI_CO[3])
                                                      0.114     9.895 r  my_clock_divider/r_reg_reg[104]_i_1/CO[3]
                         net (fo=1, routed)           0.000     9.895    my_clock_divider/r_reg_reg[104]_i_1_n_0
    SLICE_X0Y45          CARRY4 (Prop_carry4_CI_CO[3])
                                                      0.114    10.009 r  my_clock_divider/r_reg_reg[108]_i_1/CO[3]
                         net (fo=1, routed)           0.000    10.009    my_clock_divider/r_reg_reg[108]_i_1_n_0
    SLICE_X0Y46          CARRY4 (Prop_carry4_CI_CO[3])
                                                      0.114    10.123 r  my_clock_divider/r_reg_reg[112]_i_1/CO[3]
                         net (fo=1, routed)           0.000    10.123    my_clock_divider/r_reg_reg[112]_i_1_n_0
    SLICE_X0Y47          CARRY4 (Prop_carry4_CI_CO[3])
                                                      0.114    10.237 r  my_clock_divider/r_reg_reg[116]_i_1/CO[3]
                         net (fo=1, routed)           0.000    10.237    my_clock_divider/r_reg_reg[116]_i_1_n_0
    SLICE_X0Y48          CARRY4 (Prop_carry4_CI_CO[3])
                                                      0.114    10.351 r  my_clock_divider/r_reg_reg[120]_i_1/CO[3]
                         net (fo=1, routed)           0.000    10.351    my_clock_divider/r_reg_reg[120]_i_1_n_0
    SLICE_X0Y49          CARRY4 (Prop_carry4_CI_CO[3])
                                                      0.114    10.465 r  my_clock_divider/r_reg_reg[124]_i_1/CO[3]
                         net (fo=1, routed)           0.001    10.466    my_clock_divider/r_reg_reg[124]_i_1_n_0
    SLICE_X0Y50          CARRY4 (Prop_carry4_CI_CO[3])
                                                      0.114    10.580 r  my_clock_divider/r_reg_reg[128]_i_1/CO[3]
                         net (fo=1, routed)           0.000    10.580    my_clock_divider/r_reg_reg[128]_i_1_n_0
    SLICE_X0Y51          CARRY4 (Prop_carry4_CI_CO[3])
                                                      0.114    10.694 r  my_clock_divider/r_reg_reg[132]_i_1/CO[3]
                         net (fo=1, routed)           0.000    10.694    my_clock_divider/r_reg_reg[132]_i_1_n_0
    SLICE_X0Y52          CARRY4 (Prop_carry4_CI_CO[3])
                                                      0.114    10.808 r  my_clock_divider/r_reg_reg[136]_i_1/CO[3]
                         net (fo=1, routed)           0.000    10.808    my_clock_divider/r_reg_reg[136]_i_1_n_0
    SLICE_X0Y53          CARRY4 (Prop_carry4_CI_CO[3])
                                                      0.114    10.922 r  my_clock_divider/r_reg_reg[140]_i_1/CO[3]
                         net (fo=1, routed)           0.000    10.922    my_clock_divider/r_reg_reg[140]_i_1_n_0
    SLICE_X0Y54          CARRY4 (Prop_carry4_CI_CO[3])
                                                      0.114    11.036 r  my_clock_divider/r_reg_reg[144]_i_1/CO[3]
                         net (fo=1, routed)           0.000    11.036    my_clock_divider/r_reg_reg[144]_i_1_n_0
    SLICE_X0Y55          CARRY4 (Prop_carry4_CI_CO[3])
                                                      0.114    11.150 r  my_clock_divider/r_reg_reg[148]_i_1/CO[3]
                         net (fo=1, routed)           0.000    11.150    my_clock_divider/r_reg_reg[148]_i_1_n_0
    SLICE_X0Y56          CARRY4 (Prop_carry4_CI_CO[3])
                                                      0.114    11.264 r  my_clock_divider/r_reg_reg[152]_i_1/CO[3]
                         net (fo=1, routed)           0.000    11.264    my_clock_divider/r_reg_reg[152]_i_1_n_0
    SLICE_X0Y57          CARRY4 (Prop_carry4_CI_CO[3])
                                                      0.114    11.378 r  my_clock_divider/r_reg_reg[156]_i_1/CO[3]
                         net (fo=1, routed)           0.000    11.378    my_clock_divider/r_reg_reg[156]_i_1_n_0
    SLICE_X0Y58          CARRY4 (Prop_carry4_CI_CO[3])
                                                      0.114    11.492 r  my_clock_divider/r_reg_reg[160]_i_1/CO[3]
                         net (fo=1, routed)           0.000    11.492    my_clock_divider/r_reg_reg[160]_i_1_n_0
    SLICE_X0Y59          CARRY4 (Prop_carry4_CI_CO[3])
                                                      0.114    11.606 r  my_clock_divider/r_reg_reg[164]_i_1/CO[3]
                         net (fo=1, routed)           0.000    11.606    my_clock_divider/r_reg_reg[164]_i_1_n_0
    SLICE_X0Y60          CARRY4 (Prop_carry4_CI_CO[3])
                                                      0.114    11.720 r  my_clock_divider/r_reg_reg[168]_i_1/CO[3]
                         net (fo=1, routed)           0.000    11.720    my_clock_divider/r_reg_reg[168]_i_1_n_0
    SLICE_X0Y61          CARRY4 (Prop_carry4_CI_CO[3])
                                                      0.114    11.834 r  my_clock_divider/r_reg_reg[172]_i_1/CO[3]
                         net (fo=1, routed)           0.000    11.834    my_clock_divider/r_reg_reg[172]_i_1_n_0
    SLICE_X0Y62          CARRY4 (Prop_carry4_CI_CO[3])
                                                      0.114    11.948 r  my_clock_divider/r_reg_reg[176]_i_1/CO[3]
                         net (fo=1, routed)           0.000    11.948    my_clock_divider/r_reg_reg[176]_i_1_n_0
    SLICE_X0Y63          CARRY4 (Prop_carry4_CI_CO[3])
                                                      0.114    12.062 r  my_clock_divider/r_reg_reg[180]_i_1/CO[3]
                         net (fo=1, routed)           0.000    12.062    my_clock_divider/r_reg_reg[180]_i_1_n_0
    SLICE_X0Y64          CARRY4 (Prop_carry4_CI_CO[3])
                                                      0.114    12.176 r  my_clock_divider/r_reg_reg[184]_i_1/CO[3]
                         net (fo=1, routed)           0.000    12.176    my_clock_divider/r_reg_reg[184]_i_1_n_0
    SLICE_X0Y65          CARRY4 (Prop_carry4_CI_CO[3])
                                                      0.114    12.290 r  my_clock_divider/r_reg_reg[188]_i_1/CO[3]
                         net (fo=1, routed)           0.000    12.290    my_clock_divider/r_reg_reg[188]_i_1_n_0
    SLICE_X0Y66          CARRY4 (Prop_carry4_CI_CO[3])
                                                      0.114    12.404 r  my_clock_divider/r_reg_reg[192]_i_1/CO[3]
                         net (fo=1, routed)           0.000    12.404    my_clock_divider/r_reg_reg[192]_i_1_n_0
    SLICE_X0Y67          CARRY4 (Prop_carry4_CI_CO[3])
                                                      0.114    12.518 r  my_clock_divider/r_reg_reg[196]_i_1/CO[3]
                         net (fo=1, routed)           0.000    12.518    my_clock_divider/r_reg_reg[196]_i_1_n_0
    SLICE_X0Y68          CARRY4 (Prop_carry4_CI_CO[3])
                                                      0.114    12.632 r  my_clock_divider/r_reg_reg[200]_i_1/CO[3]
                         net (fo=1, routed)           0.000    12.632    my_clock_divider/r_reg_reg[200]_i_1_n_0
    SLICE_X0Y69          CARRY4 (Prop_carry4_CI_CO[3])
                                                      0.114    12.746 r  my_clock_divider/r_reg_reg[204]_i_1/CO[3]
                         net (fo=1, routed)           0.000    12.746    my_clock_divider/r_reg_reg[204]_i_1_n_0
    SLICE_X0Y70          CARRY4 (Prop_carry4_CI_CO[3])
                                                      0.114    12.860 r  my_clock_divider/r_reg_reg[208]_i_1/CO[3]
                         net (fo=1, routed)           0.000    12.860    my_clock_divider/r_reg_reg[208]_i_1_n_0
    SLICE_X0Y71          CARRY4 (Prop_carry4_CI_CO[3])
                                                      0.114    12.974 r  my_clock_divider/r_reg_reg[212]_i_1/CO[3]
                         net (fo=1, routed)           0.000    12.974    my_clock_divider/r_reg_reg[212]_i_1_n_0
    SLICE_X0Y72          CARRY4 (Prop_carry4_CI_CO[3])
                                                      0.114    13.088 r  my_clock_divider/r_reg_reg[216]_i_1/CO[3]
                         net (fo=1, routed)           0.000    13.088    my_clock_divider/r_reg_reg[216]_i_1_n_0
    SLICE_X0Y73          CARRY4 (Prop_carry4_CI_CO[3])
                                                      0.114    13.202 r  my_clock_divider/r_reg_reg[220]_i_1/CO[3]
                         net (fo=1, routed)           0.000    13.202    my_clock_divider/r_reg_reg[220]_i_1_n_0
    SLICE_X0Y74          CARRY4 (Prop_carry4_CI_CO[3])
                                                      0.114    13.316 r  my_clock_divider/r_reg_reg[224]_i_1/CO[3]
                         net (fo=1, routed)           0.009    13.325    my_clock_divider/r_reg_reg[224]_i_1_n_0
    SLICE_X0Y75          CARRY4 (Prop_carry4_CI_CO[3])
                                                      0.114    13.439 r  my_clock_divider/r_reg_reg[228]_i_1/CO[3]
                         net (fo=1, routed)           0.000    13.439    my_clock_divider/r_reg_reg[228]_i_1_n_0
    SLICE_X0Y76          CARRY4 (Prop_carry4_CI_CO[3])
                                                      0.114    13.553 r  my_clock_divider/r_reg_reg[232]_i_1/CO[3]
                         net (fo=1, routed)           0.000    13.553    my_clock_divider/r_reg_reg[232]_i_1_n_0
    SLICE_X0Y77          CARRY4 (Prop_carry4_CI_CO[3])
                                                      0.114    13.667 r  my_clock_divider/r_reg_reg[236]_i_1/CO[3]
                         net (fo=1, routed)           0.000    13.667    my_clock_divider/r_reg_reg[236]_i_1_n_0
    SLICE_X0Y78          CARRY4 (Prop_carry4_CI_CO[3])
                                                      0.114    13.781 r  my_clock_divider/r_reg_reg[240]_i_1/CO[3]
                         net (fo=1, routed)           0.000    13.781    my_clock_divider/r_reg_reg[240]_i_1_n_0
    SLICE_X0Y79          CARRY4 (Prop_carry4_CI_CO[3])
                                                      0.114    13.895 r  my_clock_divider/r_reg_reg[244]_i_1/CO[3]
                         net (fo=1, routed)           0.000    13.895    my_clock_divider/r_reg_reg[244]_i_1_n_0
    SLICE_X0Y80          CARRY4 (Prop_carry4_CI_CO[3])
                                                      0.114    14.009 r  my_clock_divider/r_reg_reg[248]_i_1/CO[3]
                         net (fo=1, routed)           0.000    14.009    my_clock_divider/r_reg_reg[248]_i_1_n_0
    SLICE_X0Y81          CARRY4 (Prop_carry4_CI_CO[3])
                                                      0.114    14.123 r  my_clock_divider/r_reg_reg[252]_i_1/CO[3]
                         net (fo=1, routed)           0.000    14.123    my_clock_divider/r_reg_reg[252]_i_1_n_0
    SLICE_X0Y82          CARRY4 (Prop_carry4_CI_CO[3])
                                                      0.114    14.237 r  my_clock_divider/r_reg_reg[256]_i_1/CO[3]
                         net (fo=1, routed)           0.000    14.237    my_clock_divider/r_reg_reg[256]_i_1_n_0
    SLICE_X0Y83          CARRY4 (Prop_carry4_CI_CO[3])
                                                      0.114    14.351 r  my_clock_divider/r_reg_reg[260]_i_1/CO[3]
                         net (fo=1, routed)           0.000    14.351    my_clock_divider/r_reg_reg[260]_i_1_n_0
    SLICE_X0Y84          CARRY4 (Prop_carry4_CI_CO[3])
                                                      0.114    14.465 r  my_clock_divider/r_reg_reg[264]_i_1/CO[3]
                         net (fo=1, routed)           0.000    14.465    my_clock_divider/r_reg_reg[264]_i_1_n_0
    SLICE_X0Y85          CARRY4 (Prop_carry4_CI_CO[3])
                                                      0.114    14.579 r  my_clock_divider/r_reg_reg[268]_i_1/CO[3]
                         net (fo=1, routed)           0.000    14.579    my_clock_divider/r_reg_reg[268]_i_1_n_0
    SLICE_X0Y86          CARRY4 (Prop_carry4_CI_CO[3])
                                                      0.114    14.693 r  my_clock_divider/r_reg_reg[272]_i_1/CO[3]
                         net (fo=1, routed)           0.000    14.693    my_clock_divider/r_reg_reg[272]_i_1_n_0
    SLICE_X0Y87          CARRY4 (Prop_carry4_CI_CO[3])
                                                      0.114    14.807 r  my_clock_divider/r_reg_reg[276]_i_1/CO[3]
                         net (fo=1, routed)           0.000    14.807    my_clock_divider/r_reg_reg[276]_i_1_n_0
    SLICE_X0Y88          CARRY4 (Prop_carry4_CI_CO[3])
                                                      0.114    14.921 r  my_clock_divider/r_reg_reg[280]_i_1/CO[3]
                         net (fo=1, routed)           0.000    14.921    my_clock_divider/r_reg_reg[280]_i_1_n_0
    SLICE_X0Y89          CARRY4 (Prop_carry4_CI_CO[3])
                                                      0.114    15.035 r  my_clock_divider/r_reg_reg[284]_i_1/CO[3]
                         net (fo=1, routed)           0.000    15.035    my_clock_divider/r_reg_reg[284]_i_1_n_0
    SLICE_X0Y90          CARRY4 (Prop_carry4_CI_CO[3])
                                                      0.114    15.149 r  my_clock_divider/r_reg_reg[288]_i_1/CO[3]
                         net (fo=1, routed)           0.000    15.149    my_clock_divider/r_reg_reg[288]_i_1_n_0
    SLICE_X0Y91          CARRY4 (Prop_carry4_CI_CO[3])
                                                      0.114    15.263 r  my_clock_divider/r_reg_reg[292]_i_1/CO[3]
                         net (fo=1, routed)           0.000    15.263    my_clock_divider/r_reg_reg[292]_i_1_n_0
    SLICE_X0Y92          CARRY4 (Prop_carry4_CI_CO[3])
                                                      0.114    15.377 r  my_clock_divider/r_reg_reg[296]_i_1/CO[3]
                         net (fo=1, routed)           0.000    15.377    my_clock_divider/r_reg_reg[296]_i_1_n_0
    SLICE_X0Y93          CARRY4 (Prop_carry4_CI_CO[3])
                                                      0.114    15.491 r  my_clock_divider/r_reg_reg[300]_i_1/CO[3]
                         net (fo=1, routed)           0.000    15.491    my_clock_divider/r_reg_reg[300]_i_1_n_0
    SLICE_X0Y94          CARRY4 (Prop_carry4_CI_CO[3])
                                                      0.114    15.605 r  my_clock_divider/r_reg_reg[304]_i_1/CO[3]
                         net (fo=1, routed)           0.000    15.605    my_clock_divider/r_reg_reg[304]_i_1_n_0
    SLICE_X0Y95          CARRY4 (Prop_carry4_CI_CO[3])
                                                      0.114    15.719 r  my_clock_divider/r_reg_reg[308]_i_1/CO[3]
                         net (fo=1, routed)           0.000    15.719    my_clock_divider/r_reg_reg[308]_i_1_n_0
    SLICE_X0Y96          CARRY4 (Prop_carry4_CI_CO[3])
                                                      0.114    15.833 r  my_clock_divider/r_reg_reg[312]_i_1/CO[3]
                         net (fo=1, routed)           0.000    15.833    my_clock_divider/r_reg_reg[312]_i_1_n_0
    SLICE_X0Y97          CARRY4 (Prop_carry4_CI_CO[3])
                                                      0.114    15.947 r  my_clock_divider/r_reg_reg[316]_i_1/CO[3]
                         net (fo=1, routed)           0.000    15.947    my_clock_divider/r_reg_reg[316]_i_1_n_0
    SLICE_X0Y98          CARRY4 (Prop_carry4_CI_CO[3])
                                                      0.114    16.061 r  my_clock_divider/r_reg_reg[320]_i_1/CO[3]
                         net (fo=1, routed)           0.000    16.061    my_clock_divider/r_reg_reg[320]_i_1_n_0
    SLICE_X0Y99          CARRY4 (Prop_carry4_CI_CO[3])
                                                      0.114    16.175 r  my_clock_divider/r_reg_reg[324]_i_1/CO[3]
                         net (fo=1, routed)           0.001    16.176    my_clock_divider/r_reg_reg[324]_i_1_n_0
    SLICE_X0Y100         CARRY4 (Prop_carry4_CI_CO[3])
                                                      0.114    16.290 r  my_clock_divider/r_reg_reg[328]_i_1/CO[3]
                         net (fo=1, routed)           0.000    16.290    my_clock_divider/r_reg_reg[328]_i_1_n_0
    SLICE_X0Y101         CARRY4 (Prop_carry4_CI_CO[3])
                                                      0.114    16.404 r  my_clock_divider/r_reg_reg[332]_i_1/CO[3]
                         net (fo=1, routed)           0.000    16.404    my_clock_divider/r_reg_reg[332]_i_1_n_0
    SLICE_X0Y102         CARRY4 (Prop_carry4_CI_CO[3])
                                                      0.114    16.518 r  my_clock_divider/r_reg_reg[336]_i_1/CO[3]
                         net (fo=1, routed)           0.000    16.518    my_clock_divider/r_reg_reg[336]_i_1_n_0
    SLICE_X0Y103         CARRY4 (Prop_carry4_CI_CO[3])
                                                      0.114    16.632 r  my_clock_divider/r_reg_reg[340]_i_1/CO[3]
                         net (fo=1, routed)           0.000    16.632    my_clock_divider/r_reg_reg[340]_i_1_n_0
    SLICE_X0Y104         CARRY4 (Prop_carry4_CI_CO[3])
                                                      0.114    16.746 r  my_clock_divider/r_reg_reg[344]_i_1/CO[3]
                         net (fo=1, routed)           0.000    16.746    my_clock_divider/r_reg_reg[344]_i_1_n_0
    SLICE_X0Y105         CARRY4 (Prop_carry4_CI_CO[3])
                                                      0.114    16.860 r  my_clock_divider/r_reg_reg[348]_i_1/CO[3]
                         net (fo=1, routed)           0.000    16.860    my_clock_divider/r_reg_reg[348]_i_1_n_0
    SLICE_X0Y106         CARRY4 (Prop_carry4_CI_CO[3])
                                                      0.114    16.974 r  my_clock_divider/r_reg_reg[352]_i_1/CO[3]
                         net (fo=1, routed)           0.000    16.974    my_clock_divider/r_reg_reg[352]_i_1_n_0
    SLICE_X0Y107         CARRY4 (Prop_carry4_CI_CO[3])
                                                      0.114    17.088 r  my_clock_divider/r_reg_reg[356]_i_1/CO[3]
                         net (fo=1, routed)           0.000    17.088    my_clock_divider/r_reg_reg[356]_i_1_n_0
    SLICE_X0Y108         CARRY4 (Prop_carry4_CI_CO[3])
                                                      0.114    17.202 r  my_clock_divider/r_reg_reg[360]_i_1/CO[3]
                         net (fo=1, routed)           0.000    17.202    my_clock_divider/r_reg_reg[360]_i_1_n_0
    SLICE_X0Y109         CARRY4 (Prop_carry4_CI_CO[3])
                                                      0.114    17.316 r  my_clock_divider/r_reg_reg[364]_i_1/CO[3]
                         net (fo=1, routed)           0.000    17.316    my_clock_divider/r_reg_reg[364]_i_1_n_0
    SLICE_X0Y110         CARRY4 (Prop_carry4_CI_CO[3])
                                                      0.114    17.430 r  my_clock_divider/r_reg_reg[368]_i_1/CO[3]
                         net (fo=1, routed)           0.000    17.430    my_clock_divider/r_reg_reg[368]_i_1_n_0
    SLICE_X0Y111         CARRY4 (Prop_carry4_CI_CO[3])
                                                      0.114    17.544 r  my_clock_divider/r_reg_reg[372]_i_1/CO[3]
                         net (fo=1, routed)           0.000    17.544    my_clock_divider/r_reg_reg[372]_i_1_n_0
    SLICE_X0Y112         CARRY4 (Prop_carry4_CI_CO[3])
                                                      0.114    17.658 r  my_clock_divider/r_reg_reg[376]_i_1/CO[3]
                         net (fo=1, routed)           0.000    17.658    my_clock_divider/r_reg_reg[376]_i_1_n_0
    SLICE_X0Y113         CARRY4 (Prop_carry4_CI_CO[3])
                                                      0.114    17.772 r  my_clock_divider/r_reg_reg[380]_i_1/CO[3]
                         net (fo=1, routed)           0.000    17.772    my_clock_divider/r_reg_reg[380]_i_1_n_0
    SLICE_X0Y114         CARRY4 (Prop_carry4_CI_CO[3])
                                                      0.114    17.886 r  my_clock_divider/r_reg_reg[384]_i_1/CO[3]
                         net (fo=1, routed)           0.000    17.886    my_clock_divider/r_reg_reg[384]_i_1_n_0
    SLICE_X0Y115         CARRY4 (Prop_carry4_CI_CO[3])
                                                      0.114    18.000 r  my_clock_divider/r_reg_reg[388]_i_1/CO[3]
                         net (fo=1, routed)           0.000    18.000    my_clock_divider/r_reg_reg[388]_i_1_n_0
    SLICE_X0Y116         CARRY4 (Prop_carry4_CI_CO[3])
                                                      0.114    18.114 r  my_clock_divider/r_reg_reg[392]_i_1/CO[3]
                         net (fo=1, routed)           0.000    18.114    my_clock_divider/r_reg_reg[392]_i_1_n_0
    SLICE_X0Y117         CARRY4 (Prop_carry4_CI_CO[3])
                                                      0.114    18.228 r  my_clock_divider/r_reg_reg[396]_i_1/CO[3]
                         net (fo=1, routed)           0.000    18.228    my_clock_divider/r_reg_reg[396]_i_1_n_0
    SLICE_X0Y118         CARRY4 (Prop_carry4_CI_CO[3])
                                                      0.114    18.342 r  my_clock_divider/r_reg_reg[400]_i_1/CO[3]
                         net (fo=1, routed)           0.000    18.342    my_clock_divider/r_reg_reg[400]_i_1_n_0
    SLICE_X0Y119         CARRY4 (Prop_carry4_CI_CO[3])
                                                      0.114    18.456 r  my_clock_divider/r_reg_reg[404]_i_1/CO[3]
                         net (fo=1, routed)           0.000    18.456    my_clock_divider/r_reg_reg[404]_i_1_n_0
    SLICE_X0Y120         CARRY4 (Prop_carry4_CI_CO[3])
                                                      0.114    18.570 r  my_clock_divider/r_reg_reg[408]_i_1/CO[3]
                         net (fo=1, routed)           0.000    18.570    my_clock_divider/r_reg_reg[408]_i_1_n_0
    SLICE_X0Y121         CARRY4 (Prop_carry4_CI_CO[3])
                                                      0.114    18.684 r  my_clock_divider/r_reg_reg[412]_i_1/CO[3]
                         net (fo=1, routed)           0.000    18.684    my_clock_divider/r_reg_reg[412]_i_1_n_0
    SLICE_X0Y122         CARRY4 (Prop_carry4_CI_CO[3])
                                                      0.114    18.798 r  my_clock_divider/r_reg_reg[416]_i_1/CO[3]
                         net (fo=1, routed)           0.000    18.798    my_clock_divider/r_reg_reg[416]_i_1_n_0
    SLICE_X0Y123         CARRY4 (Prop_carry4_CI_CO[3])
                                                      0.114    18.912 r  my_clock_divider/r_reg_reg[420]_i_1/CO[3]
                         net (fo=1, routed)           0.000    18.912    my_clock_divider/r_reg_reg[420]_i_1_n_0
    SLICE_X0Y124         CARRY4 (Prop_carry4_CI_CO[3])
                                                      0.114    19.026 r  my_clock_divider/r_reg_reg[424]_i_1/CO[3]
                         net (fo=1, routed)           0.009    19.035    my_clock_divider/r_reg_reg[424]_i_1_n_0
    SLICE_X0Y125         CARRY4 (Prop_carry4_CI_CO[3])
                                                      0.114    19.149 r  my_clock_divider/r_reg_reg[428]_i_1/CO[3]
                         net (fo=1, routed)           0.000    19.149    my_clock_divider/r_reg_reg[428]_i_1_n_0
    SLICE_X0Y126         CARRY4 (Prop_carry4_CI_CO[3])
                                                      0.114    19.263 r  my_clock_divider/r_reg_reg[432]_i_1/CO[3]
                         net (fo=1, routed)           0.000    19.263    my_clock_divider/r_reg_reg[432]_i_1_n_0
    SLICE_X0Y127         CARRY4 (Prop_carry4_CI_CO[3])
                                                      0.114    19.377 r  my_clock_divider/r_reg_reg[436]_i_1/CO[3]
                         net (fo=1, routed)           0.000    19.377    my_clock_divider/r_reg_reg[436]_i_1_n_0
    SLICE_X0Y128         CARRY4 (Prop_carry4_CI_CO[3])
                                                      0.114    19.491 r  my_clock_divider/r_reg_reg[440]_i_1/CO[3]
                         net (fo=1, routed)           0.000    19.491    my_clock_divider/r_reg_reg[440]_i_1_n_0
    SLICE_X0Y129         CARRY4 (Prop_carry4_CI_CO[3])
                                                      0.114    19.605 r  my_clock_divider/r_reg_reg[444]_i_1/CO[3]
                         net (fo=1, routed)           0.000    19.605    my_clock_divider/r_reg_reg[444]_i_1_n_0
    SLICE_X0Y130         CARRY4 (Prop_carry4_CI_CO[3])
                                                      0.114    19.719 r  my_clock_divider/r_reg_reg[448]_i_1/CO[3]
                         net (fo=1, routed)           0.000    19.719    my_clock_divider/r_reg_reg[448]_i_1_n_0
    SLICE_X0Y131         CARRY4 (Prop_carry4_CI_CO[3])
                                                      0.114    19.833 r  my_clock_divider/r_reg_reg[452]_i_1/CO[3]
                         net (fo=1, routed)           0.000    19.833    my_clock_divider/r_reg_reg[452]_i_1_n_0
    SLICE_X0Y132         CARRY4 (Prop_carry4_CI_CO[3])
                                                      0.114    19.947 r  my_clock_divider/r_reg_reg[456]_i_1/CO[3]
                         net (fo=1, routed)           0.000    19.947    my_clock_divider/r_reg_reg[456]_i_1_n_0
    SLICE_X0Y133         CARRY4 (Prop_carry4_CI_CO[3])
                                                      0.114    20.061 r  my_clock_divider/r_reg_reg[460]_i_1/CO[3]
                         net (fo=1, routed)           0.000    20.061    my_clock_divider/r_reg_reg[460]_i_1_n_0
    SLICE_X0Y134         CARRY4 (Prop_carry4_CI_CO[3])
                                                      0.114    20.175 r  my_clock_divider/r_reg_reg[464]_i_1/CO[3]
                         net (fo=1, routed)           0.000    20.175    my_clock_divider/r_reg_reg[464]_i_1_n_0
    SLICE_X0Y135         CARRY4 (Prop_carry4_CI_CO[3])
                                                      0.114    20.289 r  my_clock_divider/r_reg_reg[468]_i_1/CO[3]
                         net (fo=1, routed)           0.000    20.289    my_clock_divider/r_reg_reg[468]_i_1_n_0
    SLICE_X0Y136         CARRY4 (Prop_carry4_CI_CO[3])
                                                      0.114    20.403 r  my_clock_divider/r_reg_reg[472]_i_1/CO[3]
                         net (fo=1, routed)           0.000    20.403    my_clock_divider/r_reg_reg[472]_i_1_n_0
    SLICE_X0Y137         CARRY4 (Prop_carry4_CI_CO[3])
                                                      0.114    20.517 r  my_clock_divider/r_reg_reg[476]_i_1/CO[3]
                         net (fo=1, routed)           0.000    20.517    my_clock_divider/r_reg_reg[476]_i_1_n_0
    SLICE_X0Y138         CARRY4 (Prop_carry4_CI_CO[3])
                                                      0.114    20.631 r  my_clock_divider/r_reg_reg[480]_i_1/CO[3]
                         net (fo=1, routed)           0.000    20.631    my_clock_divider/r_reg_reg[480]_i_1_n_0
    SLICE_X0Y139         CARRY4 (Prop_carry4_CI_CO[3])
                                                      0.114    20.745 r  my_clock_divider/r_reg_reg[484]_i_1/CO[3]
                         net (fo=1, routed)           0.000    20.745    my_clock_divider/r_reg_reg[484]_i_1_n_0
    SLICE_X0Y140         CARRY4 (Prop_carry4_CI_O[1])
                                                      0.334    21.079 r  my_clock_divider/r_reg_reg[488]_i_1/O[1]
                         net (fo=1, routed)           0.000    21.079    my_clock_divider/r_reg_reg[488]_i_1_n_6
    SLICE_X0Y140         FDRE                                         r  my_clock_divider/r_reg_reg[489]/D
  -------------------------------------------------------------------    -------------------

                         (clock sys_clk_pin rise edge)
                                                     10.000    10.000 r  
    E3                                                0.000    10.000 r  clk (IN)
                         net (fo=0)                   0.000    10.000    clk
    E3                   IBUF (Prop_ibuf_I_O)         1.411    11.411 r  clk_IBUF_inst/O
                         net (fo=1, routed)           1.920    13.331    clk_IBUF
    BUFGCTRL_X0Y16       BUFG (Prop_bufg_I_O)         0.091    13.422 r  clk_IBUF_BUFG_inst/O
                         net (fo=501, routed)         1.587    15.009    my_clock_divider/clk
    SLICE_X0Y140         FDRE                                         r  my_clock_divider/r_reg_reg[489]/C
                         clock pessimism              0.180    15.189    
                         clock uncertainty           -0.035    15.154    
    SLICE_X0Y140         FDRE (Setup_fdre_C_D)        0.062    15.216    my_clock_divider/r_reg_reg[489]
  -------------------------------------------------------------------
                         required time                         15.216    
                         arrival time                         -21.079    
  -------------------------------------------------------------------
                         slack                                 -5.863    

Slack (VIOLATED) :        -5.842ns  (required time - arrival time)
  Source:                 my_clock_divider/r_reg_reg[1]/C
                            (rising edge-triggered cell FDRE clocked by sys_clk_pin  {rise@0.000ns fall@5.000ns period=10.000ns})
  Destination:            my_clock_divider/r_reg_reg[491]/D
                            (rising edge-triggered cell FDRE clocked by sys_clk_pin  {rise@0.000ns fall@5.000ns period=10.000ns})
  Path Group:             sys_clk_pin
  Path Type:              Setup (Max at Slow Process Corner)
  Requirement:            10.000ns  (sys_clk_pin rise@10.000ns - sys_clk_pin rise@0.000ns)
  Data Path Delay:        15.565ns  (logic 15.237ns (97.893%)  route 0.328ns (2.107%))
  Logic Levels:           123  (CARRY4=123)
  Clock Path Skew:        -0.304ns (DCD - SCD + CPR)
    Destination Clock Delay (DCD):    5.009ns = ( 15.009 - 10.000 ) 
    Source Clock Delay      (SCD):    5.493ns
    Clock Pessimism Removal (CPR):    0.180ns
  Clock Uncertainty:      0.035ns  ((TSJ^2 + TIJ^2)^1/2 + DJ) / 2 + PE
    Total System Jitter     (TSJ):    0.071ns
    Total Input Jitter      (TIJ):    0.000ns
    Discrete Jitter          (DJ):    0.000ns
    Phase Error              (PE):    0.000ns

    Location             Delay type                Incr(ns)  Path(ns)    Netlist Resource(s)
  -------------------------------------------------------------------    -------------------
                         (clock sys_clk_pin rise edge)
                                                      0.000     0.000 r  
    E3                                                0.000     0.000 r  clk (IN)
                         net (fo=0)                   0.000     0.000    clk
    E3                   IBUF (Prop_ibuf_I_O)         1.482     1.482 r  clk_IBUF_inst/O
                         net (fo=1, routed)           2.025     3.506    clk_IBUF
    BUFGCTRL_X0Y16       BUFG (Prop_bufg_I_O)         0.096     3.602 r  clk_IBUF_BUFG_inst/O
                         net (fo=501, routed)         1.890     5.493    my_clock_divider/clk
    SLICE_X1Y17          FDRE                                         r  my_clock_divider/r_reg_reg[1]/C
  -------------------------------------------------------------------    -------------------
    SLICE_X1Y17          FDRE (Prop_fdre_C_Q)         0.456     5.949 r  my_clock_divider/r_reg_reg[1]/Q
                         net (fo=1, routed)           0.300     6.248    my_clock_divider/r_reg_reg[1]
    SLICE_X0Y18          CARRY4 (Prop_carry4_S[1]_CO[3])
                                                      0.674     6.922 r  my_clock_divider/r_reg_reg[0]_i_1/CO[3]
                         net (fo=1, routed)           0.000     6.922    my_clock_divider/r_reg_reg[0]_i_1_n_0
    SLICE_X0Y19          CARRY4 (Prop_carry4_CI_CO[3])
                                                      0.114     7.036 r  my_clock_divider/r_reg_reg[4]_i_1/CO[3]
                         net (fo=1, routed)           0.000     7.036    my_clock_divider/r_reg_reg[4]_i_1_n_0
    SLICE_X0Y20          CARRY4 (Prop_carry4_CI_CO[3])
                                                      0.114     7.150 r  my_clock_divider/r_reg_reg[8]_i_1/CO[3]
                         net (fo=1, routed)           0.000     7.150    my_clock_divider/r_reg_reg[8]_i_1_n_0
    SLICE_X0Y21          CARRY4 (Prop_carry4_CI_CO[3])
                                                      0.114     7.264 r  my_clock_divider/r_reg_reg[12]_i_1/CO[3]
                         net (fo=1, routed)           0.000     7.264    my_clock_divider/r_reg_reg[12]_i_1_n_0
    SLICE_X0Y22          CARRY4 (Prop_carry4_CI_CO[3])
                                                      0.114     7.378 r  my_clock_divider/r_reg_reg[16]_i_1/CO[3]
                         net (fo=1, routed)           0.000     7.378    my_clock_divider/r_reg_reg[16]_i_1_n_0
    SLICE_X0Y23          CARRY4 (Prop_carry4_CI_CO[3])
                                                      0.114     7.492 r  my_clock_divider/r_reg_reg[20]_i_1/CO[3]
                         net (fo=1, routed)           0.000     7.492    my_clock_divider/r_reg_reg[20]_i_1_n_0
    SLICE_X0Y24          CARRY4 (Prop_carry4_CI_CO[3])
                                                      0.114     7.606 r  my_clock_divider/r_reg_reg[24]_i_1/CO[3]
                         net (fo=1, routed)           0.009     7.615    my_clock_divider/r_reg_reg[24]_i_1_n_0
    SLICE_X0Y25          CARRY4 (Prop_carry4_CI_CO[3])
                                                      0.114     7.729 r  my_clock_divider/r_reg_reg[28]_i_1/CO[3]
                         net (fo=1, routed)           0.000     7.729    my_clock_divider/r_reg_reg[28]_i_1_n_0
    SLICE_X0Y26          CARRY4 (Prop_carry4_CI_CO[3])
                                                      0.114     7.843 r  my_clock_divider/r_reg_reg[32]_i_1/CO[3]
                         net (fo=1, routed)           0.000     7.843    my_clock_divider/r_reg_reg[32]_i_1_n_0
    SLICE_X0Y27          CARRY4 (Prop_carry4_CI_CO[3])
                                                      0.114     7.957 r  my_clock_divider/r_reg_reg[36]_i_1/CO[3]
                         net (fo=1, routed)           0.000     7.957    my_clock_divider/r_reg_reg[36]_i_1_n_0
    SLICE_X0Y28          CARRY4 (Prop_carry4_CI_CO[3])
                                                      0.114     8.071 r  my_clock_divider/r_reg_reg[40]_i_1/CO[3]
                         net (fo=1, routed)           0.000     8.071    my_clock_divider/r_reg_reg[40]_i_1_n_0
    SLICE_X0Y29          CARRY4 (Prop_carry4_CI_CO[3])
                                                      0.114     8.185 r  my_clock_divider/r_reg_reg[44]_i_1/CO[3]
                         net (fo=1, routed)           0.000     8.185    my_clock_divider/r_reg_reg[44]_i_1_n_0
    SLICE_X0Y30          CARRY4 (Prop_carry4_CI_CO[3])
                                                      0.114     8.299 r  my_clock_divider/r_reg_reg[48]_i_1/CO[3]
                         net (fo=1, routed)           0.000     8.299    my_clock_divider/r_reg_reg[48]_i_1_n_0
    SLICE_X0Y31          CARRY4 (Prop_carry4_CI_CO[3])
                                                      0.114     8.413 r  my_clock_divider/r_reg_reg[52]_i_1/CO[3]
                         net (fo=1, routed)           0.000     8.413    my_clock_divider/r_reg_reg[52]_i_1_n_0
    SLICE_X0Y32          CARRY4 (Prop_carry4_CI_CO[3])
                                                      0.114     8.527 r  my_clock_divider/r_reg_reg[56]_i_1/CO[3]
                         net (fo=1, routed)           0.000     8.527    my_clock_divider/r_reg_reg[56]_i_1_n_0
    SLICE_X0Y33          CARRY4 (Prop_carry4_CI_CO[3])
                                                      0.114     8.641 r  my_clock_divider/r_reg_reg[60]_i_1/CO[3]
                         net (fo=1, routed)           0.000     8.641    my_clock_divider/r_reg_reg[60]_i_1_n_0
    SLICE_X0Y34          CARRY4 (Prop_carry4_CI_CO[3])
                                                      0.114     8.755 r  my_clock_divider/r_reg_reg[64]_i_1/CO[3]
                         net (fo=1, routed)           0.000     8.755    my_clock_divider/r_reg_reg[64]_i_1_n_0
    SLICE_X0Y35          CARRY4 (Prop_carry4_CI_CO[3])
                                                      0.114     8.869 r  my_clock_divider/r_reg_reg[68]_i_1/CO[3]
                         net (fo=1, routed)           0.000     8.869    my_clock_divider/r_reg_reg[68]_i_1_n_0
    SLICE_X0Y36          CARRY4 (Prop_carry4_CI_CO[3])
                                                      0.114     8.983 r  my_clock_divider/r_reg_reg[72]_i_1/CO[3]
                         net (fo=1, routed)           0.000     8.983    my_clock_divider/r_reg_reg[72]_i_1_n_0
    SLICE_X0Y37          CARRY4 (Prop_carry4_CI_CO[3])
                                                      0.114     9.097 r  my_clock_divider/r_reg_reg[76]_i_1/CO[3]
                         net (fo=1, routed)           0.000     9.097    my_clock_divider/r_reg_reg[76]_i_1_n_0
    SLICE_X0Y38          CARRY4 (Prop_carry4_CI_CO[3])
                                                      0.114     9.211 r  my_clock_divider/r_reg_reg[80]_i_1/CO[3]
                         net (fo=1, routed)           0.000     9.211    my_clock_divider/r_reg_reg[80]_i_1_n_0
    SLICE_X0Y39          CARRY4 (Prop_carry4_CI_CO[3])
                                                      0.114     9.325 r  my_clock_divider/r_reg_reg[84]_i_1/CO[3]
                         net (fo=1, routed)           0.000     9.325    my_clock_divider/r_reg_reg[84]_i_1_n_0
    SLICE_X0Y40          CARRY4 (Prop_carry4_CI_CO[3])
                                                      0.114     9.439 r  my_clock_divider/r_reg_reg[88]_i_1/CO[3]
                         net (fo=1, routed)           0.000     9.439    my_clock_divider/r_reg_reg[88]_i_1_n_0
    SLICE_X0Y41          CARRY4 (Prop_carry4_CI_CO[3])
                                                      0.114     9.553 r  my_clock_divider/r_reg_reg[92]_i_1/CO[3]
                         net (fo=1, routed)           0.000     9.553    my_clock_divider/r_reg_reg[92]_i_1_n_0
    SLICE_X0Y42          CARRY4 (Prop_carry4_CI_CO[3])
                                                      0.114     9.667 r  my_clock_divider/r_reg_reg[96]_i_1/CO[3]
                         net (fo=1, routed)           0.000     9.667    my_clock_divider/r_reg_reg[96]_i_1_n_0
    SLICE_X0Y43          CARRY4 (Prop_carry4_CI_CO[3])
                                                      0.114     9.781 r  my_clock_divider/r_reg_reg[100]_i_1/CO[3]
                         net (fo=1, routed)           0.000     9.781    my_clock_divider/r_reg_reg[100]_i_1_n_0
    SLICE_X0Y44          CARRY4 (Prop_carry4_CI_CO[3])
                                                      0.114     9.895 r  my_clock_divider/r_reg_reg[104]_i_1/CO[3]
                         net (fo=1, routed)           0.000     9.895    my_clock_divider/r_reg_reg[104]_i_1_n_0
    SLICE_X0Y45          CARRY4 (Prop_carry4_CI_CO[3])
                                                      0.114    10.009 r  my_clock_divider/r_reg_reg[108]_i_1/CO[3]
                         net (fo=1, routed)           0.000    10.009    my_clock_divider/r_reg_reg[108]_i_1_n_0
    SLICE_X0Y46          CARRY4 (Prop_carry4_CI_CO[3])
                                                      0.114    10.123 r  my_clock_divider/r_reg_reg[112]_i_1/CO[3]
                         net (fo=1, routed)           0.000    10.123    my_clock_divider/r_reg_reg[112]_i_1_n_0
    SLICE_X0Y47          CARRY4 (Prop_carry4_CI_CO[3])
                                                      0.114    10.237 r  my_clock_divider/r_reg_reg[116]_i_1/CO[3]
                         net (fo=1, routed)           0.000    10.237    my_clock_divider/r_reg_reg[116]_i_1_n_0
    SLICE_X0Y48          CARRY4 (Prop_carry4_CI_CO[3])
                                                      0.114    10.351 r  my_clock_divider/r_reg_reg[120]_i_1/CO[3]
                         net (fo=1, routed)           0.000    10.351    my_clock_divider/r_reg_reg[120]_i_1_n_0
    SLICE_X0Y49          CARRY4 (Prop_carry4_CI_CO[3])
                                                      0.114    10.465 r  my_clock_divider/r_reg_reg[124]_i_1/CO[3]
                         net (fo=1, routed)           0.001    10.466    my_clock_divider/r_reg_reg[124]_i_1_n_0
    SLICE_X0Y50          CARRY4 (Prop_carry4_CI_CO[3])
                                                      0.114    10.580 r  my_clock_divider/r_reg_reg[128]_i_1/CO[3]
                         net (fo=1, routed)           0.000    10.580    my_clock_divider/r_reg_reg[128]_i_1_n_0
    SLICE_X0Y51          CARRY4 (Prop_carry4_CI_CO[3])
                                                      0.114    10.694 r  my_clock_divider/r_reg_reg[132]_i_1/CO[3]
                         net (fo=1, routed)           0.000    10.694    my_clock_divider/r_reg_reg[132]_i_1_n_0
    SLICE_X0Y52          CARRY4 (Prop_carry4_CI_CO[3])
                                                      0.114    10.808 r  my_clock_divider/r_reg_reg[136]_i_1/CO[3]
                         net (fo=1, routed)           0.000    10.808    my_clock_divider/r_reg_reg[136]_i_1_n_0
    SLICE_X0Y53          CARRY4 (Prop_carry4_CI_CO[3])
                                                      0.114    10.922 r  my_clock_divider/r_reg_reg[140]_i_1/CO[3]
                         net (fo=1, routed)           0.000    10.922    my_clock_divider/r_reg_reg[140]_i_1_n_0
    SLICE_X0Y54          CARRY4 (Prop_carry4_CI_CO[3])
                                                      0.114    11.036 r  my_clock_divider/r_reg_reg[144]_i_1/CO[3]
                         net (fo=1, routed)           0.000    11.036    my_clock_divider/r_reg_reg[144]_i_1_n_0
    SLICE_X0Y55          CARRY4 (Prop_carry4_CI_CO[3])
                                                      0.114    11.150 r  my_clock_divider/r_reg_reg[148]_i_1/CO[3]
                         net (fo=1, routed)           0.000    11.150    my_clock_divider/r_reg_reg[148]_i_1_n_0
    SLICE_X0Y56          CARRY4 (Prop_carry4_CI_CO[3])
                                                      0.114    11.264 r  my_clock_divider/r_reg_reg[152]_i_1/CO[3]
                         net (fo=1, routed)           0.000    11.264    my_clock_divider/r_reg_reg[152]_i_1_n_0
    SLICE_X0Y57          CARRY4 (Prop_carry4_CI_CO[3])
                                                      0.114    11.378 r  my_clock_divider/r_reg_reg[156]_i_1/CO[3]
                         net (fo=1, routed)           0.000    11.378    my_clock_divider/r_reg_reg[156]_i_1_n_0
    SLICE_X0Y58          CARRY4 (Prop_carry4_CI_CO[3])
                                                      0.114    11.492 r  my_clock_divider/r_reg_reg[160]_i_1/CO[3]
                         net (fo=1, routed)           0.000    11.492    my_clock_divider/r_reg_reg[160]_i_1_n_0
    SLICE_X0Y59          CARRY4 (Prop_carry4_CI_CO[3])
                                                      0.114    11.606 r  my_clock_divider/r_reg_reg[164]_i_1/CO[3]
                         net (fo=1, routed)           0.000    11.606    my_clock_divider/r_reg_reg[164]_i_1_n_0
    SLICE_X0Y60          CARRY4 (Prop_carry4_CI_CO[3])
                                                      0.114    11.720 r  my_clock_divider/r_reg_reg[168]_i_1/CO[3]
                         net (fo=1, routed)           0.000    11.720    my_clock_divider/r_reg_reg[168]_i_1_n_0
    SLICE_X0Y61          CARRY4 (Prop_carry4_CI_CO[3])
                                                      0.114    11.834 r  my_clock_divider/r_reg_reg[172]_i_1/CO[3]
                         net (fo=1, routed)           0.000    11.834    my_clock_divider/r_reg_reg[172]_i_1_n_0
    SLICE_X0Y62          CARRY4 (Prop_carry4_CI_CO[3])
                                                      0.114    11.948 r  my_clock_divider/r_reg_reg[176]_i_1/CO[3]
                         net (fo=1, routed)           0.000    11.948    my_clock_divider/r_reg_reg[176]_i_1_n_0
    SLICE_X0Y63          CARRY4 (Prop_carry4_CI_CO[3])
                                                      0.114    12.062 r  my_clock_divider/r_reg_reg[180]_i_1/CO[3]
                         net (fo=1, routed)           0.000    12.062    my_clock_divider/r_reg_reg[180]_i_1_n_0
    SLICE_X0Y64          CARRY4 (Prop_carry4_CI_CO[3])
                                                      0.114    12.176 r  my_clock_divider/r_reg_reg[184]_i_1/CO[3]
                         net (fo=1, routed)           0.000    12.176    my_clock_divider/r_reg_reg[184]_i_1_n_0
    SLICE_X0Y65          CARRY4 (Prop_carry4_CI_CO[3])
                                                      0.114    12.290 r  my_clock_divider/r_reg_reg[188]_i_1/CO[3]
                         net (fo=1, routed)           0.000    12.290    my_clock_divider/r_reg_reg[188]_i_1_n_0
    SLICE_X0Y66          CARRY4 (Prop_carry4_CI_CO[3])
                                                      0.114    12.404 r  my_clock_divider/r_reg_reg[192]_i_1/CO[3]
                         net (fo=1, routed)           0.000    12.404    my_clock_divider/r_reg_reg[192]_i_1_n_0
    SLICE_X0Y67          CARRY4 (Prop_carry4_CI_CO[3])
                                                      0.114    12.518 r  my_clock_divider/r_reg_reg[196]_i_1/CO[3]
                         net (fo=1, routed)           0.000    12.518    my_clock_divider/r_reg_reg[196]_i_1_n_0
    SLICE_X0Y68          CARRY4 (Prop_carry4_CI_CO[3])
                                                      0.114    12.632 r  my_clock_divider/r_reg_reg[200]_i_1/CO[3]
                         net (fo=1, routed)           0.000    12.632    my_clock_divider/r_reg_reg[200]_i_1_n_0
    SLICE_X0Y69          CARRY4 (Prop_carry4_CI_CO[3])
                                                      0.114    12.746 r  my_clock_divider/r_reg_reg[204]_i_1/CO[3]
                         net (fo=1, routed)           0.000    12.746    my_clock_divider/r_reg_reg[204]_i_1_n_0
    SLICE_X0Y70          CARRY4 (Prop_carry4_CI_CO[3])
                                                      0.114    12.860 r  my_clock_divider/r_reg_reg[208]_i_1/CO[3]
                         net (fo=1, routed)           0.000    12.860    my_clock_divider/r_reg_reg[208]_i_1_n_0
    SLICE_X0Y71          CARRY4 (Prop_carry4_CI_CO[3])
                                                      0.114    12.974 r  my_clock_divider/r_reg_reg[212]_i_1/CO[3]
                         net (fo=1, routed)           0.000    12.974    my_clock_divider/r_reg_reg[212]_i_1_n_0
    SLICE_X0Y72          CARRY4 (Prop_carry4_CI_CO[3])
                                                      0.114    13.088 r  my_clock_divider/r_reg_reg[216]_i_1/CO[3]
                         net (fo=1, routed)           0.000    13.088    my_clock_divider/r_reg_reg[216]_i_1_n_0
    SLICE_X0Y73          CARRY4 (Prop_carry4_CI_CO[3])
                                                      0.114    13.202 r  my_clock_divider/r_reg_reg[220]_i_1/CO[3]
                         net (fo=1, routed)           0.000    13.202    my_clock_divider/r_reg_reg[220]_i_1_n_0
    SLICE_X0Y74          CARRY4 (Prop_carry4_CI_CO[3])
                                                      0.114    13.316 r  my_clock_divider/r_reg_reg[224]_i_1/CO[3]
                         net (fo=1, routed)           0.009    13.325    my_clock_divider/r_reg_reg[224]_i_1_n_0
    SLICE_X0Y75          CARRY4 (Prop_carry4_CI_CO[3])
                                                      0.114    13.439 r  my_clock_divider/r_reg_reg[228]_i_1/CO[3]
                         net (fo=1, routed)           0.000    13.439    my_clock_divider/r_reg_reg[228]_i_1_n_0
    SLICE_X0Y76          CARRY4 (Prop_carry4_CI_CO[3])
                                                      0.114    13.553 r  my_clock_divider/r_reg_reg[232]_i_1/CO[3]
                         net (fo=1, routed)           0.000    13.553    my_clock_divider/r_reg_reg[232]_i_1_n_0
    SLICE_X0Y77          CARRY4 (Prop_carry4_CI_CO[3])
                                                      0.114    13.667 r  my_clock_divider/r_reg_reg[236]_i_1/CO[3]
                         net (fo=1, routed)           0.000    13.667    my_clock_divider/r_reg_reg[236]_i_1_n_0
    SLICE_X0Y78          CARRY4 (Prop_carry4_CI_CO[3])
                                                      0.114    13.781 r  my_clock_divider/r_reg_reg[240]_i_1/CO[3]
                         net (fo=1, routed)           0.000    13.781    my_clock_divider/r_reg_reg[240]_i_1_n_0
    SLICE_X0Y79          CARRY4 (Prop_carry4_CI_CO[3])
                                                      0.114    13.895 r  my_clock_divider/r_reg_reg[244]_i_1/CO[3]
                         net (fo=1, routed)           0.000    13.895    my_clock_divider/r_reg_reg[244]_i_1_n_0
    SLICE_X0Y80          CARRY4 (Prop_carry4_CI_CO[3])
                                                      0.114    14.009 r  my_clock_divider/r_reg_reg[248]_i_1/CO[3]
                         net (fo=1, routed)           0.000    14.009    my_clock_divider/r_reg_reg[248]_i_1_n_0
    SLICE_X0Y81          CARRY4 (Prop_carry4_CI_CO[3])
                                                      0.114    14.123 r  my_clock_divider/r_reg_reg[252]_i_1/CO[3]
                         net (fo=1, routed)           0.000    14.123    my_clock_divider/r_reg_reg[252]_i_1_n_0
    SLICE_X0Y82          CARRY4 (Prop_carry4_CI_CO[3])
                                                      0.114    14.237 r  my_clock_divider/r_reg_reg[256]_i_1/CO[3]
                         net (fo=1, routed)           0.000    14.237    my_clock_divider/r_reg_reg[256]_i_1_n_0
    SLICE_X0Y83          CARRY4 (Prop_carry4_CI_CO[3])
                                                      0.114    14.351 r  my_clock_divider/r_reg_reg[260]_i_1/CO[3]
                         net (fo=1, routed)           0.000    14.351    my_clock_divider/r_reg_reg[260]_i_1_n_0
    SLICE_X0Y84          CARRY4 (Prop_carry4_CI_CO[3])
                                                      0.114    14.465 r  my_clock_divider/r_reg_reg[264]_i_1/CO[3]
                         net (fo=1, routed)           0.000    14.465    my_clock_divider/r_reg_reg[264]_i_1_n_0
    SLICE_X0Y85          CARRY4 (Prop_carry4_CI_CO[3])
                                                      0.114    14.579 r  my_clock_divider/r_reg_reg[268]_i_1/CO[3]
                         net (fo=1, routed)           0.000    14.579    my_clock_divider/r_reg_reg[268]_i_1_n_0
    SLICE_X0Y86          CARRY4 (Prop_carry4_CI_CO[3])
                                                      0.114    14.693 r  my_clock_divider/r_reg_reg[272]_i_1/CO[3]
                         net (fo=1, routed)           0.000    14.693    my_clock_divider/r_reg_reg[272]_i_1_n_0
    SLICE_X0Y87          CARRY4 (Prop_carry4_CI_CO[3])
                                                      0.114    14.807 r  my_clock_divider/r_reg_reg[276]_i_1/CO[3]
                         net (fo=1, routed)           0.000    14.807    my_clock_divider/r_reg_reg[276]_i_1_n_0
    SLICE_X0Y88          CARRY4 (Prop_carry4_CI_CO[3])
                                                      0.114    14.921 r  my_clock_divider/r_reg_reg[280]_i_1/CO[3]
                         net (fo=1, routed)           0.000    14.921    my_clock_divider/r_reg_reg[280]_i_1_n_0
    SLICE_X0Y89          CARRY4 (Prop_carry4_CI_CO[3])
                                                      0.114    15.035 r  my_clock_divider/r_reg_reg[284]_i_1/CO[3]
                         net (fo=1, routed)           0.000    15.035    my_clock_divider/r_reg_reg[284]_i_1_n_0
    SLICE_X0Y90          CARRY4 (Prop_carry4_CI_CO[3])
                                                      0.114    15.149 r  my_clock_divider/r_reg_reg[288]_i_1/CO[3]
                         net (fo=1, routed)           0.000    15.149    my_clock_divider/r_reg_reg[288]_i_1_n_0
    SLICE_X0Y91          CARRY4 (Prop_carry4_CI_CO[3])
                                                      0.114    15.263 r  my_clock_divider/r_reg_reg[292]_i_1/CO[3]
                         net (fo=1, routed)           0.000    15.263    my_clock_divider/r_reg_reg[292]_i_1_n_0
    SLICE_X0Y92          CARRY4 (Prop_carry4_CI_CO[3])
                                                      0.114    15.377 r  my_clock_divider/r_reg_reg[296]_i_1/CO[3]
                         net (fo=1, routed)           0.000    15.377    my_clock_divider/r_reg_reg[296]_i_1_n_0
    SLICE_X0Y93          CARRY4 (Prop_carry4_CI_CO[3])
                                                      0.114    15.491 r  my_clock_divider/r_reg_reg[300]_i_1/CO[3]
                         net (fo=1, routed)           0.000    15.491    my_clock_divider/r_reg_reg[300]_i_1_n_0
    SLICE_X0Y94          CARRY4 (Prop_carry4_CI_CO[3])
                                                      0.114    15.605 r  my_clock_divider/r_reg_reg[304]_i_1/CO[3]
                         net (fo=1, routed)           0.000    15.605    my_clock_divider/r_reg_reg[304]_i_1_n_0
    SLICE_X0Y95          CARRY4 (Prop_carry4_CI_CO[3])
                                                      0.114    15.719 r  my_clock_divider/r_reg_reg[308]_i_1/CO[3]
                         net (fo=1, routed)           0.000    15.719    my_clock_divider/r_reg_reg[308]_i_1_n_0
    SLICE_X0Y96          CARRY4 (Prop_carry4_CI_CO[3])
                                                      0.114    15.833 r  my_clock_divider/r_reg_reg[312]_i_1/CO[3]
                         net (fo=1, routed)           0.000    15.833    my_clock_divider/r_reg_reg[312]_i_1_n_0
    SLICE_X0Y97          CARRY4 (Prop_carry4_CI_CO[3])
                                                      0.114    15.947 r  my_clock_divider/r_reg_reg[316]_i_1/CO[3]
                         net (fo=1, routed)           0.000    15.947    my_clock_divider/r_reg_reg[316]_i_1_n_0
    SLICE_X0Y98          CARRY4 (Prop_carry4_CI_CO[3])
                                                      0.114    16.061 r  my_clock_divider/r_reg_reg[320]_i_1/CO[3]
                         net (fo=1, routed)           0.000    16.061    my_clock_divider/r_reg_reg[320]_i_1_n_0
    SLICE_X0Y99          CARRY4 (Prop_carry4_CI_CO[3])
                                                      0.114    16.175 r  my_clock_divider/r_reg_reg[324]_i_1/CO[3]
                         net (fo=1, routed)           0.001    16.176    my_clock_divider/r_reg_reg[324]_i_1_n_0
    SLICE_X0Y100         CARRY4 (Prop_carry4_CI_CO[3])
                                                      0.114    16.290 r  my_clock_divider/r_reg_reg[328]_i_1/CO[3]
                         net (fo=1, routed)           0.000    16.290    my_clock_divider/r_reg_reg[328]_i_1_n_0
    SLICE_X0Y101         CARRY4 (Prop_carry4_CI_CO[3])
                                                      0.114    16.404 r  my_clock_divider/r_reg_reg[332]_i_1/CO[3]
                         net (fo=1, routed)           0.000    16.404    my_clock_divider/r_reg_reg[332]_i_1_n_0
    SLICE_X0Y102         CARRY4 (Prop_carry4_CI_CO[3])
                                                      0.114    16.518 r  my_clock_divider/r_reg_reg[336]_i_1/CO[3]
                         net (fo=1, routed)           0.000    16.518    my_clock_divider/r_reg_reg[336]_i_1_n_0
    SLICE_X0Y103         CARRY4 (Prop_carry4_CI_CO[3])
                                                      0.114    16.632 r  my_clock_divider/r_reg_reg[340]_i_1/CO[3]
                         net (fo=1, routed)           0.000    16.632    my_clock_divider/r_reg_reg[340]_i_1_n_0
    SLICE_X0Y104         CARRY4 (Prop_carry4_CI_CO[3])
                                                      0.114    16.746 r  my_clock_divider/r_reg_reg[344]_i_1/CO[3]
                         net (fo=1, routed)           0.000    16.746    my_clock_divider/r_reg_reg[344]_i_1_n_0
    SLICE_X0Y105         CARRY4 (Prop_carry4_CI_CO[3])
                                                      0.114    16.860 r  my_clock_divider/r_reg_reg[348]_i_1/CO[3]
                         net (fo=1, routed)           0.000    16.860    my_clock_divider/r_reg_reg[348]_i_1_n_0
    SLICE_X0Y106         CARRY4 (Prop_carry4_CI_CO[3])
                                                      0.114    16.974 r  my_clock_divider/r_reg_reg[352]_i_1/CO[3]
                         net (fo=1, routed)           0.000    16.974    my_clock_divider/r_reg_reg[352]_i_1_n_0
    SLICE_X0Y107         CARRY4 (Prop_carry4_CI_CO[3])
                                                      0.114    17.088 r  my_clock_divider/r_reg_reg[356]_i_1/CO[3]
                         net (fo=1, routed)           0.000    17.088    my_clock_divider/r_reg_reg[356]_i_1_n_0
    SLICE_X0Y108         CARRY4 (Prop_carry4_CI_CO[3])
                                                      0.114    17.202 r  my_clock_divider/r_reg_reg[360]_i_1/CO[3]
                         net (fo=1, routed)           0.000    17.202    my_clock_divider/r_reg_reg[360]_i_1_n_0
    SLICE_X0Y109         CARRY4 (Prop_carry4_CI_CO[3])
                                                      0.114    17.316 r  my_clock_divider/r_reg_reg[364]_i_1/CO[3]
                         net (fo=1, routed)           0.000    17.316    my_clock_divider/r_reg_reg[364]_i_1_n_0
    SLICE_X0Y110         CARRY4 (Prop_carry4_CI_CO[3])
                                                      0.114    17.430 r  my_clock_divider/r_reg_reg[368]_i_1/CO[3]
                         net (fo=1, routed)           0.000    17.430    my_clock_divider/r_reg_reg[368]_i_1_n_0
    SLICE_X0Y111         CARRY4 (Prop_carry4_CI_CO[3])
                                                      0.114    17.544 r  my_clock_divider/r_reg_reg[372]_i_1/CO[3]
                         net (fo=1, routed)           0.000    17.544    my_clock_divider/r_reg_reg[372]_i_1_n_0
    SLICE_X0Y112         CARRY4 (Prop_carry4_CI_CO[3])
                                                      0.114    17.658 r  my_clock_divider/r_reg_reg[376]_i_1/CO[3]
                         net (fo=1, routed)           0.000    17.658    my_clock_divider/r_reg_reg[376]_i_1_n_0
    SLICE_X0Y113         CARRY4 (Prop_carry4_CI_CO[3])
                                                      0.114    17.772 r  my_clock_divider/r_reg_reg[380]_i_1/CO[3]
                         net (fo=1, routed)           0.000    17.772    my_clock_divider/r_reg_reg[380]_i_1_n_0
    SLICE_X0Y114         CARRY4 (Prop_carry4_CI_CO[3])
                                                      0.114    17.886 r  my_clock_divider/r_reg_reg[384]_i_1/CO[3]
                         net (fo=1, routed)           0.000    17.886    my_clock_divider/r_reg_reg[384]_i_1_n_0
    SLICE_X0Y115         CARRY4 (Prop_carry4_CI_CO[3])
                                                      0.114    18.000 r  my_clock_divider/r_reg_reg[388]_i_1/CO[3]
                         net (fo=1, routed)           0.000    18.000    my_clock_divider/r_reg_reg[388]_i_1_n_0
    SLICE_X0Y116         CARRY4 (Prop_carry4_CI_CO[3])
                                                      0.114    18.114 r  my_clock_divider/r_reg_reg[392]_i_1/CO[3]
                         net (fo=1, routed)           0.000    18.114    my_clock_divider/r_reg_reg[392]_i_1_n_0
    SLICE_X0Y117         CARRY4 (Prop_carry4_CI_CO[3])
                                                      0.114    18.228 r  my_clock_divider/r_reg_reg[396]_i_1/CO[3]
                         net (fo=1, routed)           0.000    18.228    my_clock_divider/r_reg_reg[396]_i_1_n_0
    SLICE_X0Y118         CARRY4 (Prop_carry4_CI_CO[3])
                                                      0.114    18.342 r  my_clock_divider/r_reg_reg[400]_i_1/CO[3]
                         net (fo=1, routed)           0.000    18.342    my_clock_divider/r_reg_reg[400]_i_1_n_0
    SLICE_X0Y119         CARRY4 (Prop_carry4_CI_CO[3])
                                                      0.114    18.456 r  my_clock_divider/r_reg_reg[404]_i_1/CO[3]
                         net (fo=1, routed)           0.000    18.456    my_clock_divider/r_reg_reg[404]_i_1_n_0
    SLICE_X0Y120         CARRY4 (Prop_carry4_CI_CO[3])
                                                      0.114    18.570 r  my_clock_divider/r_reg_reg[408]_i_1/CO[3]
                         net (fo=1, routed)           0.000    18.570    my_clock_divider/r_reg_reg[408]_i_1_n_0
    SLICE_X0Y121         CARRY4 (Prop_carry4_CI_CO[3])
                                                      0.114    18.684 r  my_clock_divider/r_reg_reg[412]_i_1/CO[3]
                         net (fo=1, routed)           0.000    18.684    my_clock_divider/r_reg_reg[412]_i_1_n_0
    SLICE_X0Y122         CARRY4 (Prop_carry4_CI_CO[3])
                                                      0.114    18.798 r  my_clock_divider/r_reg_reg[416]_i_1/CO[3]
                         net (fo=1, routed)           0.000    18.798    my_clock_divider/r_reg_reg[416]_i_1_n_0
    SLICE_X0Y123         CARRY4 (Prop_carry4_CI_CO[3])
                                                      0.114    18.912 r  my_clock_divider/r_reg_reg[420]_i_1/CO[3]
                         net (fo=1, routed)           0.000    18.912    my_clock_divider/r_reg_reg[420]_i_1_n_0
    SLICE_X0Y124         CARRY4 (Prop_carry4_CI_CO[3])
                                                      0.114    19.026 r  my_clock_divider/r_reg_reg[424]_i_1/CO[3]
                         net (fo=1, routed)           0.009    19.035    my_clock_divider/r_reg_reg[424]_i_1_n_0
    SLICE_X0Y125         CARRY4 (Prop_carry4_CI_CO[3])
                                                      0.114    19.149 r  my_clock_divider/r_reg_reg[428]_i_1/CO[3]
                         net (fo=1, routed)           0.000    19.149    my_clock_divider/r_reg_reg[428]_i_1_n_0
    SLICE_X0Y126         CARRY4 (Prop_carry4_CI_CO[3])
                                                      0.114    19.263 r  my_clock_divider/r_reg_reg[432]_i_1/CO[3]
                         net (fo=1, routed)           0.000    19.263    my_clock_divider/r_reg_reg[432]_i_1_n_0
    SLICE_X0Y127         CARRY4 (Prop_carry4_CI_CO[3])
                                                      0.114    19.377 r  my_clock_divider/r_reg_reg[436]_i_1/CO[3]
                         net (fo=1, routed)           0.000    19.377    my_clock_divider/r_reg_reg[436]_i_1_n_0
    SLICE_X0Y128         CARRY4 (Prop_carry4_CI_CO[3])
                                                      0.114    19.491 r  my_clock_divider/r_reg_reg[440]_i_1/CO[3]
                         net (fo=1, routed)           0.000    19.491    my_clock_divider/r_reg_reg[440]_i_1_n_0
    SLICE_X0Y129         CARRY4 (Prop_carry4_CI_CO[3])
                                                      0.114    19.605 r  my_clock_divider/r_reg_reg[444]_i_1/CO[3]
                         net (fo=1, routed)           0.000    19.605    my_clock_divider/r_reg_reg[444]_i_1_n_0
    SLICE_X0Y130         CARRY4 (Prop_carry4_CI_CO[3])
                                                      0.114    19.719 r  my_clock_divider/r_reg_reg[448]_i_1/CO[3]
                         net (fo=1, routed)           0.000    19.719    my_clock_divider/r_reg_reg[448]_i_1_n_0
    SLICE_X0Y131         CARRY4 (Prop_carry4_CI_CO[3])
                                                      0.114    19.833 r  my_clock_divider/r_reg_reg[452]_i_1/CO[3]
                         net (fo=1, routed)           0.000    19.833    my_clock_divider/r_reg_reg[452]_i_1_n_0
    SLICE_X0Y132         CARRY4 (Prop_carry4_CI_CO[3])
                                                      0.114    19.947 r  my_clock_divider/r_reg_reg[456]_i_1/CO[3]
                         net (fo=1, routed)           0.000    19.947    my_clock_divider/r_reg_reg[456]_i_1_n_0
    SLICE_X0Y133         CARRY4 (Prop_carry4_CI_CO[3])
                                                      0.114    20.061 r  my_clock_divider/r_reg_reg[460]_i_1/CO[3]
                         net (fo=1, routed)           0.000    20.061    my_clock_divider/r_reg_reg[460]_i_1_n_0
    SLICE_X0Y134         CARRY4 (Prop_carry4_CI_CO[3])
                                                      0.114    20.175 r  my_clock_divider/r_reg_reg[464]_i_1/CO[3]
                         net (fo=1, routed)           0.000    20.175    my_clock_divider/r_reg_reg[464]_i_1_n_0
    SLICE_X0Y135         CARRY4 (Prop_carry4_CI_CO[3])
                                                      0.114    20.289 r  my_clock_divider/r_reg_reg[468]_i_1/CO[3]
                         net (fo=1, routed)           0.000    20.289    my_clock_divider/r_reg_reg[468]_i_1_n_0
    SLICE_X0Y136         CARRY4 (Prop_carry4_CI_CO[3])
                                                      0.114    20.403 r  my_clock_divider/r_reg_reg[472]_i_1/CO[3]
                         net (fo=1, routed)           0.000    20.403    my_clock_divider/r_reg_reg[472]_i_1_n_0
    SLICE_X0Y137         CARRY4 (Prop_carry4_CI_CO[3])
                                                      0.114    20.517 r  my_clock_divider/r_reg_reg[476]_i_1/CO[3]
                         net (fo=1, routed)           0.000    20.517    my_clock_divider/r_reg_reg[476]_i_1_n_0
    SLICE_X0Y138         CARRY4 (Prop_carry4_CI_CO[3])
                                                      0.114    20.631 r  my_clock_divider/r_reg_reg[480]_i_1/CO[3]
                         net (fo=1, routed)           0.000    20.631    my_clock_divider/r_reg_reg[480]_i_1_n_0
    SLICE_X0Y139         CARRY4 (Prop_carry4_CI_CO[3])
                                                      0.114    20.745 r  my_clock_divider/r_reg_reg[484]_i_1/CO[3]
                         net (fo=1, routed)           0.000    20.745    my_clock_divider/r_reg_reg[484]_i_1_n_0
    SLICE_X0Y140         CARRY4 (Prop_carry4_CI_O[3])
                                                      0.313    21.058 r  my_clock_divider/r_reg_reg[488]_i_1/O[3]
                         net (fo=1, routed)           0.000    21.058    my_clock_divider/r_reg_reg[488]_i_1_n_4
    SLICE_X0Y140         FDRE                                         r  my_clock_divider/r_reg_reg[491]/D
  -------------------------------------------------------------------    -------------------

                         (clock sys_clk_pin rise edge)
                                                     10.000    10.000 r  
    E3                                                0.000    10.000 r  clk (IN)
                         net (fo=0)                   0.000    10.000    clk
    E3                   IBUF (Prop_ibuf_I_O)         1.411    11.411 r  clk_IBUF_inst/O
                         net (fo=1, routed)           1.920    13.331    clk_IBUF
    BUFGCTRL_X0Y16       BUFG (Prop_bufg_I_O)         0.091    13.422 r  clk_IBUF_BUFG_inst/O
                         net (fo=501, routed)         1.587    15.009    my_clock_divider/clk
    SLICE_X0Y140         FDRE                                         r  my_clock_divider/r_reg_reg[491]/C
                         clock pessimism              0.180    15.189    
                         clock uncertainty           -0.035    15.154    
    SLICE_X0Y140         FDRE (Setup_fdre_C_D)        0.062    15.216    my_clock_divider/r_reg_reg[491]
  -------------------------------------------------------------------
                         required time                         15.216    
                         arrival time                         -21.058    
  -------------------------------------------------------------------
                         slack                                 -5.842    





Min Delay Paths
--------------------------------------------------------------------------------------
Slack (MET) :             0.117ns  (arrival time - required time)
  Source:                 my_clock_divider/r_reg_reg[326]/C
                            (rising edge-triggered cell FDRE clocked by sys_clk_pin  {rise@0.000ns fall@5.000ns period=10.000ns})
  Destination:            my_clock_divider/r_reg_reg[328]/D
                            (rising edge-triggered cell FDRE clocked by sys_clk_pin  {rise@0.000ns fall@5.000ns period=10.000ns})
  Path Group:             sys_clk_pin
  Path Type:              Hold (Min at Fast Process Corner)
  Requirement:            0.000ns  (sys_clk_pin rise@0.000ns - sys_clk_pin rise@0.000ns)
  Data Path Delay:        0.489ns  (logic 0.355ns (72.555%)  route 0.134ns (27.445%))
  Logic Levels:           2  (CARRY4=2)
  Clock Path Skew:        0.267ns (DCD - SCD - CPR)
    Destination Clock Delay (DCD):    2.037ns
    Source Clock Delay      (SCD):    1.524ns
    Clock Pessimism Removal (CPR):    0.245ns

    Location             Delay type                Incr(ns)  Path(ns)    Netlist Resource(s)
  -------------------------------------------------------------------    -------------------
                         (clock sys_clk_pin rise edge)
                                                      0.000     0.000 r  
    E3                                                0.000     0.000 r  clk (IN)
                         net (fo=0)                   0.000     0.000    clk
    E3                   IBUF (Prop_ibuf_I_O)         0.250     0.250 r  clk_IBUF_inst/O
                         net (fo=1, routed)           0.644     0.894    clk_IBUF
    BUFGCTRL_X0Y16       BUFG (Prop_bufg_I_O)         0.026     0.920 r  clk_IBUF_BUFG_inst/O
                         net (fo=501, routed)         0.605     1.524    my_clock_divider/clk
    SLICE_X0Y99          FDRE                                         r  my_clock_divider/r_reg_reg[326]/C
  -------------------------------------------------------------------    -------------------
    SLICE_X0Y99          FDRE (Prop_fdre_C_Q)         0.141     1.665 r  my_clock_divider/r_reg_reg[326]/Q
                         net (fo=3, routed)           0.134     1.799    my_clock_divider/r_reg_reg[326]
    SLICE_X0Y99          CARRY4 (Prop_carry4_S[2]_CO[3])
                                                      0.160     1.959 r  my_clock_divider/r_reg_reg[324]_i_1/CO[3]
                         net (fo=1, routed)           0.001     1.960    my_clock_divider/r_reg_reg[324]_i_1_n_0
    SLICE_X0Y100         CARRY4 (Prop_carry4_CI_O[0])
                                                      0.054     2.014 r  my_clock_divider/r_reg_reg[328]_i_1/O[0]
                         net (fo=1, routed)           0.000     2.014    my_clock_divider/r_reg_reg[328]_i_1_n_7
    SLICE_X0Y100         FDRE                                         r  my_clock_divider/r_reg_reg[328]/D
  -------------------------------------------------------------------    -------------------

                         (clock sys_clk_pin rise edge)
                                                      0.000     0.000 r  
    E3                                                0.000     0.000 r  clk (IN)
                         net (fo=0)                   0.000     0.000    clk
    E3                   IBUF (Prop_ibuf_I_O)         0.438     0.438 r  clk_IBUF_inst/O
                         net (fo=1, routed)           0.699     1.136    clk_IBUF
    BUFGCTRL_X0Y16       BUFG (Prop_bufg_I_O)         0.029     1.165 r  clk_IBUF_BUFG_inst/O
                         net (fo=501, routed)         0.872     2.037    my_clock_divider/clk
    SLICE_X0Y100         FDRE                                         r  my_clock_divider/r_reg_reg[328]/C
                         clock pessimism             -0.245     1.791    
    SLICE_X0Y100         FDRE (Hold_fdre_C_D)         0.105     1.896    my_clock_divider/r_reg_reg[328]
  -------------------------------------------------------------------
                         required time                         -1.896    
                         arrival time                           2.014    
  -------------------------------------------------------------------
                         slack                                  0.117    

Slack (MET) :             0.128ns  (arrival time - required time)
  Source:                 my_clock_divider/r_reg_reg[326]/C
                            (rising edge-triggered cell FDRE clocked by sys_clk_pin  {rise@0.000ns fall@5.000ns period=10.000ns})
  Destination:            my_clock_divider/r_reg_reg[330]/D
                            (rising edge-triggered cell FDRE clocked by sys_clk_pin  {rise@0.000ns fall@5.000ns period=10.000ns})
  Path Group:             sys_clk_pin
  Path Type:              Hold (Min at Fast Process Corner)
  Requirement:            0.000ns  (sys_clk_pin rise@0.000ns - sys_clk_pin rise@0.000ns)
  Data Path Delay:        0.500ns  (logic 0.366ns (73.158%)  route 0.134ns (26.842%))
  Logic Levels:           2  (CARRY4=2)
  Clock Path Skew:        0.267ns (DCD - SCD - CPR)
    Destination Clock Delay (DCD):    2.037ns
    Source Clock Delay      (SCD):    1.524ns
    Clock Pessimism Removal (CPR):    0.245ns

    Location             Delay type                Incr(ns)  Path(ns)    Netlist Resource(s)
  -------------------------------------------------------------------    -------------------
                         (clock sys_clk_pin rise edge)
                                                      0.000     0.000 r  
    E3                                                0.000     0.000 r  clk (IN)
                         net (fo=0)                   0.000     0.000    clk
    E3                   IBUF (Prop_ibuf_I_O)         0.250     0.250 r  clk_IBUF_inst/O
                         net (fo=1, routed)           0.644     0.894    clk_IBUF
    BUFGCTRL_X0Y16       BUFG (Prop_bufg_I_O)         0.026     0.920 r  clk_IBUF_BUFG_inst/O
                         net (fo=501, routed)         0.605     1.524    my_clock_divider/clk
    SLICE_X0Y99          FDRE                                         r  my_clock_divider/r_reg_reg[326]/C
  -------------------------------------------------------------------    -------------------
    SLICE_X0Y99          FDRE (Prop_fdre_C_Q)         0.141     1.665 r  my_clock_divider/r_reg_reg[326]/Q
                         net (fo=3, routed)           0.134     1.799    my_clock_divider/r_reg_reg[326]
    SLICE_X0Y99          CARRY4 (Prop_carry4_S[2]_CO[3])
                                                      0.160     1.959 r  my_clock_divider/r_reg_reg[324]_i_1/CO[3]
                         net (fo=1, routed)           0.001     1.960    my_clock_divider/r_reg_reg[324]_i_1_n_0
    SLICE_X0Y100         CARRY4 (Prop_carry4_CI_O[2])
                                                      0.065     2.025 r  my_clock_divider/r_reg_reg[328]_i_1/O[2]
                         net (fo=1, routed)           0.000     2.025    my_clock_divider/r_reg_reg[328]_i_1_n_5
    SLICE_X0Y100         FDRE                                         r  my_clock_divider/r_reg_reg[330]/D
  -------------------------------------------------------------------    -------------------

                         (clock sys_clk_pin rise edge)
                                                      0.000     0.000 r  
    E3                                                0.000     0.000 r  clk (IN)
                         net (fo=0)                   0.000     0.000    clk
    E3                   IBUF (Prop_ibuf_I_O)         0.438     0.438 r  clk_IBUF_inst/O
                         net (fo=1, routed)           0.699     1.136    clk_IBUF
    BUFGCTRL_X0Y16       BUFG (Prop_bufg_I_O)         0.029     1.165 r  clk_IBUF_BUFG_inst/O
                         net (fo=501, routed)         0.872     2.037    my_clock_divider/clk
    SLICE_X0Y100         FDRE                                         r  my_clock_divider/r_reg_reg[330]/C
                         clock pessimism             -0.245     1.791    
    SLICE_X0Y100         FDRE (Hold_fdre_C_D)         0.105     1.896    my_clock_divider/r_reg_reg[330]
  -------------------------------------------------------------------
                         required time                         -1.896    
                         arrival time                           2.025    
  -------------------------------------------------------------------
                         slack                                  0.128    

Slack (MET) :             0.153ns  (arrival time - required time)
  Source:                 my_clock_divider/r_reg_reg[326]/C
                            (rising edge-triggered cell FDRE clocked by sys_clk_pin  {rise@0.000ns fall@5.000ns period=10.000ns})
  Destination:            my_clock_divider/r_reg_reg[329]/D
                            (rising edge-triggered cell FDRE clocked by sys_clk_pin  {rise@0.000ns fall@5.000ns period=10.000ns})
  Path Group:             sys_clk_pin
  Path Type:              Hold (Min at Fast Process Corner)
  Requirement:            0.000ns  (sys_clk_pin rise@0.000ns - sys_clk_pin rise@0.000ns)
  Data Path Delay:        0.525ns  (logic 0.391ns (74.436%)  route 0.134ns (25.564%))
  Logic Levels:           2  (CARRY4=2)
  Clock Path Skew:        0.267ns (DCD - SCD - CPR)
    Destination Clock Delay (DCD):    2.037ns
    Source Clock Delay      (SCD):    1.524ns
    Clock Pessimism Removal (CPR):    0.245ns

    Location             Delay type                Incr(ns)  Path(ns)    Netlist Resource(s)
  -------------------------------------------------------------------    -------------------
                         (clock sys_clk_pin rise edge)
                                                      0.000     0.000 r  
    E3                                                0.000     0.000 r  clk (IN)
                         net (fo=0)                   0.000     0.000    clk
    E3                   IBUF (Prop_ibuf_I_O)         0.250     0.250 r  clk_IBUF_inst/O
                         net (fo=1, routed)           0.644     0.894    clk_IBUF
    BUFGCTRL_X0Y16       BUFG (Prop_bufg_I_O)         0.026     0.920 r  clk_IBUF_BUFG_inst/O
                         net (fo=501, routed)         0.605     1.524    my_clock_divider/clk
    SLICE_X0Y99          FDRE                                         r  my_clock_divider/r_reg_reg[326]/C
  -------------------------------------------------------------------    -------------------
    SLICE_X0Y99          FDRE (Prop_fdre_C_Q)         0.141     1.665 r  my_clock_divider/r_reg_reg[326]/Q
                         net (fo=3, routed)           0.134     1.799    my_clock_divider/r_reg_reg[326]
    SLICE_X0Y99          CARRY4 (Prop_carry4_S[2]_CO[3])
                                                      0.160     1.959 r  my_clock_divider/r_reg_reg[324]_i_1/CO[3]
                         net (fo=1, routed)           0.001     1.960    my_clock_divider/r_reg_reg[324]_i_1_n_0
    SLICE_X0Y100         CARRY4 (Prop_carry4_CI_O[1])
                                                      0.090     2.050 r  my_clock_divider/r_reg_reg[328]_i_1/O[1]
                         net (fo=1, routed)           0.000     2.050    my_clock_divider/r_reg_reg[328]_i_1_n_6
    SLICE_X0Y100         FDRE                                         r  my_clock_divider/r_reg_reg[329]/D
  -------------------------------------------------------------------    -------------------

                         (clock sys_clk_pin rise edge)
                                                      0.000     0.000 r  
    E3                                                0.000     0.000 r  clk (IN)
                         net (fo=0)                   0.000     0.000    clk
    E3                   IBUF (Prop_ibuf_I_O)         0.438     0.438 r  clk_IBUF_inst/O
                         net (fo=1, routed)           0.699     1.136    clk_IBUF
    BUFGCTRL_X0Y16       BUFG (Prop_bufg_I_O)         0.029     1.165 r  clk_IBUF_BUFG_inst/O
                         net (fo=501, routed)         0.872     2.037    my_clock_divider/clk
    SLICE_X0Y100         FDRE                                         r  my_clock_divider/r_reg_reg[329]/C
                         clock pessimism             -0.245     1.791    
    SLICE_X0Y100         FDRE (Hold_fdre_C_D)         0.105     1.896    my_clock_divider/r_reg_reg[329]
  -------------------------------------------------------------------
                         required time                         -1.896    
                         arrival time                           2.050    
  -------------------------------------------------------------------
                         slack                                  0.153    

Slack (MET) :             0.153ns  (arrival time - required time)
  Source:                 my_clock_divider/r_reg_reg[326]/C
                            (rising edge-triggered cell FDRE clocked by sys_clk_pin  {rise@0.000ns fall@5.000ns period=10.000ns})
  Destination:            my_clock_divider/r_reg_reg[331]/D
                            (rising edge-triggered cell FDRE clocked by sys_clk_pin  {rise@0.000ns fall@5.000ns period=10.000ns})
  Path Group:             sys_clk_pin
  Path Type:              Hold (Min at Fast Process Corner)
  Requirement:            0.000ns  (sys_clk_pin rise@0.000ns - sys_clk_pin rise@0.000ns)
  Data Path Delay:        0.525ns  (logic 0.391ns (74.436%)  route 0.134ns (25.564%))
  Logic Levels:           2  (CARRY4=2)
  Clock Path Skew:        0.267ns (DCD - SCD - CPR)
    Destination Clock Delay (DCD):    2.037ns
    Source Clock Delay      (SCD):    1.524ns
    Clock Pessimism Removal (CPR):    0.245ns

    Location             Delay type                Incr(ns)  Path(ns)    Netlist Resource(s)
  -------------------------------------------------------------------    -------------------
                         (clock sys_clk_pin rise edge)
                                                      0.000     0.000 r  
    E3                                                0.000     0.000 r  clk (IN)
                         net (fo=0)                   0.000     0.000    clk
    E3                   IBUF (Prop_ibuf_I_O)         0.250     0.250 r  clk_IBUF_inst/O
                         net (fo=1, routed)           0.644     0.894    clk_IBUF
    BUFGCTRL_X0Y16       BUFG (Prop_bufg_I_O)         0.026     0.920 r  clk_IBUF_BUFG_inst/O
                         net (fo=501, routed)         0.605     1.524    my_clock_divider/clk
    SLICE_X0Y99          FDRE                                         r  my_clock_divider/r_reg_reg[326]/C
  -------------------------------------------------------------------    -------------------
    SLICE_X0Y99          FDRE (Prop_fdre_C_Q)         0.141     1.665 r  my_clock_divider/r_reg_reg[326]/Q
                         net (fo=3, routed)           0.134     1.799    my_clock_divider/r_reg_reg[326]
    SLICE_X0Y99          CARRY4 (Prop_carry4_S[2]_CO[3])
                                                      0.160     1.959 r  my_clock_divider/r_reg_reg[324]_i_1/CO[3]
                         net (fo=1, routed)           0.001     1.960    my_clock_divider/r_reg_reg[324]_i_1_n_0
    SLICE_X0Y100         CARRY4 (Prop_carry4_CI_O[3])
                                                      0.090     2.050 r  my_clock_divider/r_reg_reg[328]_i_1/O[3]
                         net (fo=1, routed)           0.000     2.050    my_clock_divider/r_reg_reg[328]_i_1_n_4
    SLICE_X0Y100         FDRE                                         r  my_clock_divider/r_reg_reg[331]/D
  -------------------------------------------------------------------    -------------------

                         (clock sys_clk_pin rise edge)
                                                      0.000     0.000 r  
    E3                                                0.000     0.000 r  clk (IN)
                         net (fo=0)                   0.000     0.000    clk
    E3                   IBUF (Prop_ibuf_I_O)         0.438     0.438 r  clk_IBUF_inst/O
                         net (fo=1, routed)           0.699     1.136    clk_IBUF
    BUFGCTRL_X0Y16       BUFG (Prop_bufg_I_O)         0.029     1.165 r  clk_IBUF_BUFG_inst/O
                         net (fo=501, routed)         0.872     2.037    my_clock_divider/clk
    SLICE_X0Y100         FDRE                                         r  my_clock_divider/r_reg_reg[331]/C
                         clock pessimism             -0.245     1.791    
    SLICE_X0Y100         FDRE (Hold_fdre_C_D)         0.105     1.896    my_clock_divider/r_reg_reg[331]
  -------------------------------------------------------------------
                         required time                         -1.896    
                         arrival time                           2.050    
  -------------------------------------------------------------------
                         slack                                  0.153    

Slack (MET) :             0.156ns  (arrival time - required time)
  Source:                 my_clock_divider/r_reg_reg[326]/C
                            (rising edge-triggered cell FDRE clocked by sys_clk_pin  {rise@0.000ns fall@5.000ns period=10.000ns})
  Destination:            my_clock_divider/r_reg_reg[332]/D
                            (rising edge-triggered cell FDRE clocked by sys_clk_pin  {rise@0.000ns fall@5.000ns period=10.000ns})
  Path Group:             sys_clk_pin
  Path Type:              Hold (Min at Fast Process Corner)
  Requirement:            0.000ns  (sys_clk_pin rise@0.000ns - sys_clk_pin rise@0.000ns)
  Data Path Delay:        0.528ns  (logic 0.394ns (74.581%)  route 0.134ns (25.419%))
  Logic Levels:           3  (CARRY4=3)
  Clock Path Skew:        0.267ns (DCD - SCD - CPR)
    Destination Clock Delay (DCD):    2.037ns
    Source Clock Delay      (SCD):    1.524ns
    Clock Pessimism Removal (CPR):    0.245ns

    Location             Delay type                Incr(ns)  Path(ns)    Netlist Resource(s)
  -------------------------------------------------------------------    -------------------
                         (clock sys_clk_pin rise edge)
                                                      0.000     0.000 r  
    E3                                                0.000     0.000 r  clk (IN)
                         net (fo=0)                   0.000     0.000    clk
    E3                   IBUF (Prop_ibuf_I_O)         0.250     0.250 r  clk_IBUF_inst/O
                         net (fo=1, routed)           0.644     0.894    clk_IBUF
    BUFGCTRL_X0Y16       BUFG (Prop_bufg_I_O)         0.026     0.920 r  clk_IBUF_BUFG_inst/O
                         net (fo=501, routed)         0.605     1.524    my_clock_divider/clk
    SLICE_X0Y99          FDRE                                         r  my_clock_divider/r_reg_reg[326]/C
  -------------------------------------------------------------------    -------------------
    SLICE_X0Y99          FDRE (Prop_fdre_C_Q)         0.141     1.665 r  my_clock_divider/r_reg_reg[326]/Q
                         net (fo=3, routed)           0.134     1.799    my_clock_divider/r_reg_reg[326]
    SLICE_X0Y99          CARRY4 (Prop_carry4_S[2]_CO[3])
                                                      0.160     1.959 r  my_clock_divider/r_reg_reg[324]_i_1/CO[3]
                         net (fo=1, routed)           0.001     1.960    my_clock_divider/r_reg_reg[324]_i_1_n_0
    SLICE_X0Y100         CARRY4 (Prop_carry4_CI_CO[3])
                                                      0.039     1.999 r  my_clock_divider/r_reg_reg[328]_i_1/CO[3]
                         net (fo=1, routed)           0.000     1.999    my_clock_divider/r_reg_reg[328]_i_1_n_0
    SLICE_X0Y101         CARRY4 (Prop_carry4_CI_O[0])
                                                      0.054     2.053 r  my_clock_divider/r_reg_reg[332]_i_1/O[0]
                         net (fo=1, routed)           0.000     2.053    my_clock_divider/r_reg_reg[332]_i_1_n_7
    SLICE_X0Y101         FDRE                                         r  my_clock_divider/r_reg_reg[332]/D
  -------------------------------------------------------------------    -------------------

                         (clock sys_clk_pin rise edge)
                                                      0.000     0.000 r  
    E3                                                0.000     0.000 r  clk (IN)
                         net (fo=0)                   0.000     0.000    clk
    E3                   IBUF (Prop_ibuf_I_O)         0.438     0.438 r  clk_IBUF_inst/O
                         net (fo=1, routed)           0.699     1.136    clk_IBUF
    BUFGCTRL_X0Y16       BUFG (Prop_bufg_I_O)         0.029     1.165 r  clk_IBUF_BUFG_inst/O
                         net (fo=501, routed)         0.872     2.037    my_clock_divider/clk
    SLICE_X0Y101         FDRE                                         r  my_clock_divider/r_reg_reg[332]/C
                         clock pessimism             -0.245     1.791    
    SLICE_X0Y101         FDRE (Hold_fdre_C_D)         0.105     1.896    my_clock_divider/r_reg_reg[332]
  -------------------------------------------------------------------
                         required time                         -1.896    
                         arrival time                           2.053    
  -------------------------------------------------------------------
                         slack                                  0.156    

Slack (MET) :             0.167ns  (arrival time - required time)
  Source:                 my_clock_divider/r_reg_reg[326]/C
                            (rising edge-triggered cell FDRE clocked by sys_clk_pin  {rise@0.000ns fall@5.000ns period=10.000ns})
  Destination:            my_clock_divider/r_reg_reg[334]/D
                            (rising edge-triggered cell FDRE clocked by sys_clk_pin  {rise@0.000ns fall@5.000ns period=10.000ns})
  Path Group:             sys_clk_pin
  Path Type:              Hold (Min at Fast Process Corner)
  Requirement:            0.000ns  (sys_clk_pin rise@0.000ns - sys_clk_pin rise@0.000ns)
  Data Path Delay:        0.539ns  (logic 0.405ns (75.099%)  route 0.134ns (24.901%))
  Logic Levels:           3  (CARRY4=3)
  Clock Path Skew:        0.267ns (DCD - SCD - CPR)
    Destination Clock Delay (DCD):    2.037ns
    Source Clock Delay      (SCD):    1.524ns
    Clock Pessimism Removal (CPR):    0.245ns

    Location             Delay type                Incr(ns)  Path(ns)    Netlist Resource(s)
  -------------------------------------------------------------------    -------------------
                         (clock sys_clk_pin rise edge)
                                                      0.000     0.000 r  
    E3                                                0.000     0.000 r  clk (IN)
                         net (fo=0)                   0.000     0.000    clk
    E3                   IBUF (Prop_ibuf_I_O)         0.250     0.250 r  clk_IBUF_inst/O
                         net (fo=1, routed)           0.644     0.894    clk_IBUF
    BUFGCTRL_X0Y16       BUFG (Prop_bufg_I_O)         0.026     0.920 r  clk_IBUF_BUFG_inst/O
                         net (fo=501, routed)         0.605     1.524    my_clock_divider/clk
    SLICE_X0Y99          FDRE                                         r  my_clock_divider/r_reg_reg[326]/C
  -------------------------------------------------------------------    -------------------
    SLICE_X0Y99          FDRE (Prop_fdre_C_Q)         0.141     1.665 r  my_clock_divider/r_reg_reg[326]/Q
                         net (fo=3, routed)           0.134     1.799    my_clock_divider/r_reg_reg[326]
    SLICE_X0Y99          CARRY4 (Prop_carry4_S[2]_CO[3])
                                                      0.160     1.959 r  my_clock_divider/r_reg_reg[324]_i_1/CO[3]
                         net (fo=1, routed)           0.001     1.960    my_clock_divider/r_reg_reg[324]_i_1_n_0
    SLICE_X0Y100         CARRY4 (Prop_carry4_CI_CO[3])
                                                      0.039     1.999 r  my_clock_divider/r_reg_reg[328]_i_1/CO[3]
                         net (fo=1, routed)           0.000     1.999    my_clock_divider/r_reg_reg[328]_i_1_n_0
    SLICE_X0Y101         CARRY4 (Prop_carry4_CI_O[2])
                                                      0.065     2.064 r  my_clock_divider/r_reg_reg[332]_i_1/O[2]
                         net (fo=1, routed)           0.000     2.064    my_clock_divider/r_reg_reg[332]_i_1_n_5
    SLICE_X0Y101         FDRE                                         r  my_clock_divider/r_reg_reg[334]/D
  -------------------------------------------------------------------    -------------------

                         (clock sys_clk_pin rise edge)
                                                      0.000     0.000 r  
    E3                                                0.000     0.000 r  clk (IN)
                         net (fo=0)                   0.000     0.000    clk
    E3                   IBUF (Prop_ibuf_I_O)         0.438     0.438 r  clk_IBUF_inst/O
                         net (fo=1, routed)           0.699     1.136    clk_IBUF
    BUFGCTRL_X0Y16       BUFG (Prop_bufg_I_O)         0.029     1.165 r  clk_IBUF_BUFG_inst/O
                         net (fo=501, routed)         0.872     2.037    my_clock_divider/clk
    SLICE_X0Y101         FDRE                                         r  my_clock_divider/r_reg_reg[334]/C
                         clock pessimism             -0.245     1.791    
    SLICE_X0Y101         FDRE (Hold_fdre_C_D)         0.105     1.896    my_clock_divider/r_reg_reg[334]
  -------------------------------------------------------------------
                         required time                         -1.896    
                         arrival time                           2.064    
  -------------------------------------------------------------------
                         slack                                  0.167    

Slack (MET) :             0.183ns  (arrival time - required time)
  Source:                 my_clock_divider/r_reg_reg[126]/C
                            (rising edge-triggered cell FDRE clocked by sys_clk_pin  {rise@0.000ns fall@5.000ns period=10.000ns})
  Destination:            my_clock_divider/r_reg_reg[128]/D
                            (rising edge-triggered cell FDRE clocked by sys_clk_pin  {rise@0.000ns fall@5.000ns period=10.000ns})
  Path Group:             sys_clk_pin
  Path Type:              Hold (Min at Fast Process Corner)
  Requirement:            0.000ns  (sys_clk_pin rise@0.000ns - sys_clk_pin rise@0.000ns)
  Data Path Delay:        0.489ns  (logic 0.355ns (72.545%)  route 0.134ns (27.455%))
  Logic Levels:           2  (CARRY4=2)
  Clock Path Skew:        0.201ns (DCD - SCD - CPR)
    Destination Clock Delay (DCD):    2.043ns
    Source Clock Delay      (SCD):    1.591ns
    Clock Pessimism Removal (CPR):    0.250ns

    Location             Delay type                Incr(ns)  Path(ns)    Netlist Resource(s)
  -------------------------------------------------------------------    -------------------
                         (clock sys_clk_pin rise edge)
                                                      0.000     0.000 r  
    E3                                                0.000     0.000 r  clk (IN)
                         net (fo=0)                   0.000     0.000    clk
    E3                   IBUF (Prop_ibuf_I_O)         0.250     0.250 r  clk_IBUF_inst/O
                         net (fo=1, routed)           0.644     0.894    clk_IBUF
    BUFGCTRL_X0Y16       BUFG (Prop_bufg_I_O)         0.026     0.920 r  clk_IBUF_BUFG_inst/O
                         net (fo=501, routed)         0.671     1.591    my_clock_divider/clk
    SLICE_X0Y49          FDRE                                         r  my_clock_divider/r_reg_reg[126]/C
  -------------------------------------------------------------------    -------------------
    SLICE_X0Y49          FDRE (Prop_fdre_C_Q)         0.141     1.732 r  my_clock_divider/r_reg_reg[126]/Q
                         net (fo=3, routed)           0.134     1.866    my_clock_divider/r_reg_reg[126]
    SLICE_X0Y49          CARRY4 (Prop_carry4_S[2]_CO[3])
                                                      0.160     2.026 r  my_clock_divider/r_reg_reg[124]_i_1/CO[3]
                         net (fo=1, routed)           0.001     2.026    my_clock_divider/r_reg_reg[124]_i_1_n_0
    SLICE_X0Y50          CARRY4 (Prop_carry4_CI_O[0])
                                                      0.054     2.080 r  my_clock_divider/r_reg_reg[128]_i_1/O[0]
                         net (fo=1, routed)           0.000     2.080    my_clock_divider/r_reg_reg[128]_i_1_n_7
    SLICE_X0Y50          FDRE                                         r  my_clock_divider/r_reg_reg[128]/D
  -------------------------------------------------------------------    -------------------

                         (clock sys_clk_pin rise edge)
                                                      0.000     0.000 r  
    E3                                                0.000     0.000 r  clk (IN)
                         net (fo=0)                   0.000     0.000    clk
    E3                   IBUF (Prop_ibuf_I_O)         0.438     0.438 r  clk_IBUF_inst/O
                         net (fo=1, routed)           0.699     1.136    clk_IBUF
    BUFGCTRL_X0Y16       BUFG (Prop_bufg_I_O)         0.029     1.165 r  clk_IBUF_BUFG_inst/O
                         net (fo=501, routed)         0.878     2.043    my_clock_divider/clk
    SLICE_X0Y50          FDRE                                         r  my_clock_divider/r_reg_reg[128]/C
                         clock pessimism             -0.250     1.792    
    SLICE_X0Y50          FDRE (Hold_fdre_C_D)         0.105     1.897    my_clock_divider/r_reg_reg[128]
  -------------------------------------------------------------------
                         required time                         -1.897    
                         arrival time                           2.080    
  -------------------------------------------------------------------
                         slack                                  0.183    

Slack (MET) :             0.192ns  (arrival time - required time)
  Source:                 my_clock_divider/r_reg_reg[326]/C
                            (rising edge-triggered cell FDRE clocked by sys_clk_pin  {rise@0.000ns fall@5.000ns period=10.000ns})
  Destination:            my_clock_divider/r_reg_reg[333]/D
                            (rising edge-triggered cell FDRE clocked by sys_clk_pin  {rise@0.000ns fall@5.000ns period=10.000ns})
  Path Group:             sys_clk_pin
  Path Type:              Hold (Min at Fast Process Corner)
  Requirement:            0.000ns  (sys_clk_pin rise@0.000ns - sys_clk_pin rise@0.000ns)
  Data Path Delay:        0.564ns  (logic 0.430ns (76.203%)  route 0.134ns (23.797%))
  Logic Levels:           3  (CARRY4=3)
  Clock Path Skew:        0.267ns (DCD - SCD - CPR)
    Destination Clock Delay (DCD):    2.037ns
    Source Clock Delay      (SCD):    1.524ns
    Clock Pessimism Removal (CPR):    0.245ns

    Location             Delay type                Incr(ns)  Path(ns)    Netlist Resource(s)
  -------------------------------------------------------------------    -------------------
                         (clock sys_clk_pin rise edge)
                                                      0.000     0.000 r  
    E3                                                0.000     0.000 r  clk (IN)
                         net (fo=0)                   0.000     0.000    clk
    E3                   IBUF (Prop_ibuf_I_O)         0.250     0.250 r  clk_IBUF_inst/O
                         net (fo=1, routed)           0.644     0.894    clk_IBUF
    BUFGCTRL_X0Y16       BUFG (Prop_bufg_I_O)         0.026     0.920 r  clk_IBUF_BUFG_inst/O
                         net (fo=501, routed)         0.605     1.524    my_clock_divider/clk
    SLICE_X0Y99          FDRE                                         r  my_clock_divider/r_reg_reg[326]/C
  -------------------------------------------------------------------    -------------------
    SLICE_X0Y99          FDRE (Prop_fdre_C_Q)         0.141     1.665 r  my_clock_divider/r_reg_reg[326]/Q
                         net (fo=3, routed)           0.134     1.799    my_clock_divider/r_reg_reg[326]
    SLICE_X0Y99          CARRY4 (Prop_carry4_S[2]_CO[3])
                                                      0.160     1.959 r  my_clock_divider/r_reg_reg[324]_i_1/CO[3]
                         net (fo=1, routed)           0.001     1.960    my_clock_divider/r_reg_reg[324]_i_1_n_0
    SLICE_X0Y100         CARRY4 (Prop_carry4_CI_CO[3])
                                                      0.039     1.999 r  my_clock_divider/r_reg_reg[328]_i_1/CO[3]
                         net (fo=1, routed)           0.000     1.999    my_clock_divider/r_reg_reg[328]_i_1_n_0
    SLICE_X0Y101         CARRY4 (Prop_carry4_CI_O[1])
                                                      0.090     2.089 r  my_clock_divider/r_reg_reg[332]_i_1/O[1]
                         net (fo=1, routed)           0.000     2.089    my_clock_divider/r_reg_reg[332]_i_1_n_6
    SLICE_X0Y101         FDRE                                         r  my_clock_divider/r_reg_reg[333]/D
  -------------------------------------------------------------------    -------------------

                         (clock sys_clk_pin rise edge)
                                                      0.000     0.000 r  
    E3                                                0.000     0.000 r  clk (IN)
                         net (fo=0)                   0.000     0.000    clk
    E3                   IBUF (Prop_ibuf_I_O)         0.438     0.438 r  clk_IBUF_inst/O
                         net (fo=1, routed)           0.699     1.136    clk_IBUF
    BUFGCTRL_X0Y16       BUFG (Prop_bufg_I_O)         0.029     1.165 r  clk_IBUF_BUFG_inst/O
                         net (fo=501, routed)         0.872     2.037    my_clock_divider/clk
    SLICE_X0Y101         FDRE                                         r  my_clock_divider/r_reg_reg[333]/C
                         clock pessimism             -0.245     1.791    
    SLICE_X0Y101         FDRE (Hold_fdre_C_D)         0.105     1.896    my_clock_divider/r_reg_reg[333]
  -------------------------------------------------------------------
                         required time                         -1.896    
                         arrival time                           2.089    
  -------------------------------------------------------------------
                         slack                                  0.192    

Slack (MET) :             0.192ns  (arrival time - required time)
  Source:                 my_clock_divider/r_reg_reg[326]/C
                            (rising edge-triggered cell FDRE clocked by sys_clk_pin  {rise@0.000ns fall@5.000ns period=10.000ns})
  Destination:            my_clock_divider/r_reg_reg[335]/D
                            (rising edge-triggered cell FDRE clocked by sys_clk_pin  {rise@0.000ns fall@5.000ns period=10.000ns})
  Path Group:             sys_clk_pin
  Path Type:              Hold (Min at Fast Process Corner)
  Requirement:            0.000ns  (sys_clk_pin rise@0.000ns - sys_clk_pin rise@0.000ns)
  Data Path Delay:        0.564ns  (logic 0.430ns (76.203%)  route 0.134ns (23.797%))
  Logic Levels:           3  (CARRY4=3)
  Clock Path Skew:        0.267ns (DCD - SCD - CPR)
    Destination Clock Delay (DCD):    2.037ns
    Source Clock Delay      (SCD):    1.524ns
    Clock Pessimism Removal (CPR):    0.245ns

    Location             Delay type                Incr(ns)  Path(ns)    Netlist Resource(s)
  -------------------------------------------------------------------    -------------------
                         (clock sys_clk_pin rise edge)
                                                      0.000     0.000 r  
    E3                                                0.000     0.000 r  clk (IN)
                         net (fo=0)                   0.000     0.000    clk
    E3                   IBUF (Prop_ibuf_I_O)         0.250     0.250 r  clk_IBUF_inst/O
                         net (fo=1, routed)           0.644     0.894    clk_IBUF
    BUFGCTRL_X0Y16       BUFG (Prop_bufg_I_O)         0.026     0.920 r  clk_IBUF_BUFG_inst/O
                         net (fo=501, routed)         0.605     1.524    my_clock_divider/clk
    SLICE_X0Y99          FDRE                                         r  my_clock_divider/r_reg_reg[326]/C
  -------------------------------------------------------------------    -------------------
    SLICE_X0Y99          FDRE (Prop_fdre_C_Q)         0.141     1.665 r  my_clock_divider/r_reg_reg[326]/Q
                         net (fo=3, routed)           0.134     1.799    my_clock_divider/r_reg_reg[326]
    SLICE_X0Y99          CARRY4 (Prop_carry4_S[2]_CO[3])
                                                      0.160     1.959 r  my_clock_divider/r_reg_reg[324]_i_1/CO[3]
                         net (fo=1, routed)           0.001     1.960    my_clock_divider/r_reg_reg[324]_i_1_n_0
    SLICE_X0Y100         CARRY4 (Prop_carry4_CI_CO[3])
                                                      0.039     1.999 r  my_clock_divider/r_reg_reg[328]_i_1/CO[3]
                         net (fo=1, routed)           0.000     1.999    my_clock_divider/r_reg_reg[328]_i_1_n_0
    SLICE_X0Y101         CARRY4 (Prop_carry4_CI_O[3])
                                                      0.090     2.089 r  my_clock_divider/r_reg_reg[332]_i_1/O[3]
                         net (fo=1, routed)           0.000     2.089    my_clock_divider/r_reg_reg[332]_i_1_n_4
    SLICE_X0Y101         FDRE                                         r  my_clock_divider/r_reg_reg[335]/D
  -------------------------------------------------------------------    -------------------

                         (clock sys_clk_pin rise edge)
                                                      0.000     0.000 r  
    E3                                                0.000     0.000 r  clk (IN)
                         net (fo=0)                   0.000     0.000    clk
    E3                   IBUF (Prop_ibuf_I_O)         0.438     0.438 r  clk_IBUF_inst/O
                         net (fo=1, routed)           0.699     1.136    clk_IBUF
    BUFGCTRL_X0Y16       BUFG (Prop_bufg_I_O)         0.029     1.165 r  clk_IBUF_BUFG_inst/O
                         net (fo=501, routed)         0.872     2.037    my_clock_divider/clk
    SLICE_X0Y101         FDRE                                         r  my_clock_divider/r_reg_reg[335]/C
                         clock pessimism             -0.245     1.791    
    SLICE_X0Y101         FDRE (Hold_fdre_C_D)         0.105     1.896    my_clock_divider/r_reg_reg[335]
  -------------------------------------------------------------------
                         required time                         -1.896    
                         arrival time                           2.089    
  -------------------------------------------------------------------
                         slack                                  0.192    

Slack (MET) :             0.194ns  (arrival time - required time)
  Source:                 my_clock_divider/r_reg_reg[126]/C
                            (rising edge-triggered cell FDRE clocked by sys_clk_pin  {rise@0.000ns fall@5.000ns period=10.000ns})
  Destination:            my_clock_divider/r_reg_reg[130]/D
                            (rising edge-triggered cell FDRE clocked by sys_clk_pin  {rise@0.000ns fall@5.000ns period=10.000ns})
  Path Group:             sys_clk_pin
  Path Type:              Hold (Min at Fast Process Corner)
  Requirement:            0.000ns  (sys_clk_pin rise@0.000ns - sys_clk_pin rise@0.000ns)
  Data Path Delay:        0.500ns  (logic 0.366ns (73.149%)  route 0.134ns (26.851%))
  Logic Levels:           2  (CARRY4=2)
  Clock Path Skew:        0.201ns (DCD - SCD - CPR)
    Destination Clock Delay (DCD):    2.043ns
    Source Clock Delay      (SCD):    1.591ns
    Clock Pessimism Removal (CPR):    0.250ns

    Location             Delay type                Incr(ns)  Path(ns)    Netlist Resource(s)
  -------------------------------------------------------------------    -------------------
                         (clock sys_clk_pin rise edge)
                                                      0.000     0.000 r  
    E3                                                0.000     0.000 r  clk (IN)
                         net (fo=0)                   0.000     0.000    clk
    E3                   IBUF (Prop_ibuf_I_O)         0.250     0.250 r  clk_IBUF_inst/O
                         net (fo=1, routed)           0.644     0.894    clk_IBUF
    BUFGCTRL_X0Y16       BUFG (Prop_bufg_I_O)         0.026     0.920 r  clk_IBUF_BUFG_inst/O
                         net (fo=501, routed)         0.671     1.591    my_clock_divider/clk
    SLICE_X0Y49          FDRE                                         r  my_clock_divider/r_reg_reg[126]/C
  -------------------------------------------------------------------    -------------------
    SLICE_X0Y49          FDRE (Prop_fdre_C_Q)         0.141     1.732 r  my_clock_divider/r_reg_reg[126]/Q
                         net (fo=3, routed)           0.134     1.866    my_clock_divider/r_reg_reg[126]
    SLICE_X0Y49          CARRY4 (Prop_carry4_S[2]_CO[3])
                                                      0.160     2.026 r  my_clock_divider/r_reg_reg[124]_i_1/CO[3]
                         net (fo=1, routed)           0.001     2.026    my_clock_divider/r_reg_reg[124]_i_1_n_0
    SLICE_X0Y50          CARRY4 (Prop_carry4_CI_O[2])
                                                      0.065     2.091 r  my_clock_divider/r_reg_reg[128]_i_1/O[2]
                         net (fo=1, routed)           0.000     2.091    my_clock_divider/r_reg_reg[128]_i_1_n_5
    SLICE_X0Y50          FDRE                                         r  my_clock_divider/r_reg_reg[130]/D
  -------------------------------------------------------------------    -------------------

                         (clock sys_clk_pin rise edge)
                                                      0.000     0.000 r  
    E3                                                0.000     0.000 r  clk (IN)
                         net (fo=0)                   0.000     0.000    clk
    E3                   IBUF (Prop_ibuf_I_O)         0.438     0.438 r  clk_IBUF_inst/O
                         net (fo=1, routed)           0.699     1.136    clk_IBUF
    BUFGCTRL_X0Y16       BUFG (Prop_bufg_I_O)         0.029     1.165 r  clk_IBUF_BUFG_inst/O
                         net (fo=501, routed)         0.878     2.043    my_clock_divider/clk
    SLICE_X0Y50          FDRE                                         r  my_clock_divider/r_reg_reg[130]/C
                         clock pessimism             -0.250     1.792    
    SLICE_X0Y50          FDRE (Hold_fdre_C_D)         0.105     1.897    my_clock_divider/r_reg_reg[130]
  -------------------------------------------------------------------
                         required time                         -1.897    
                         arrival time                           2.091    
  -------------------------------------------------------------------
                         slack                                  0.194    





Pulse Width Checks
--------------------------------------------------------------------------------------
Clock Name:         sys_clk_pin
Waveform(ns):       { 0.000 5.000 }
Period(ns):         10.000
Sources:            { clk }

Check Type        Corner  Lib Pin  Reference Pin  Required(ns)  Actual(ns)  Slack(ns)  Location        Pin
Min Period        n/a     BUFG/I   n/a            2.155         10.000      7.845      BUFGCTRL_X0Y16  clk_IBUF_BUFG_inst/I
Min Period        n/a     FDRE/C   n/a            1.000         10.000      9.000      SLICE_X1Y18     my_clock_divider/r_reg_reg[0]/C
Min Period        n/a     FDRE/C   n/a            1.000         10.000      9.000      SLICE_X0Y43     my_clock_divider/r_reg_reg[100]/C
Min Period        n/a     FDRE/C   n/a            1.000         10.000      9.000      SLICE_X0Y43     my_clock_divider/r_reg_reg[101]/C
Min Period        n/a     FDRE/C   n/a            1.000         10.000      9.000      SLICE_X0Y43     my_clock_divider/r_reg_reg[102]/C
Min Period        n/a     FDRE/C   n/a            1.000         10.000      9.000      SLICE_X0Y43     my_clock_divider/r_reg_reg[103]/C
Min Period        n/a     FDRE/C   n/a            1.000         10.000      9.000      SLICE_X0Y44     my_clock_divider/r_reg_reg[104]/C
Min Period        n/a     FDRE/C   n/a            1.000         10.000      9.000      SLICE_X0Y44     my_clock_divider/r_reg_reg[105]/C
Min Period        n/a     FDRE/C   n/a            1.000         10.000      9.000      SLICE_X0Y44     my_clock_divider/r_reg_reg[106]/C
Min Period        n/a     FDRE/C   n/a            1.000         10.000      9.000      SLICE_X0Y44     my_clock_divider/r_reg_reg[107]/C
Low Pulse Width   Slow    FDRE/C   n/a            0.500         5.000       4.500      SLICE_X1Y18     my_clock_divider/r_reg_reg[0]/C
Low Pulse Width   Fast    FDRE/C   n/a            0.500         5.000       4.500      SLICE_X1Y18     my_clock_divider/r_reg_reg[0]/C
Low Pulse Width   Slow    FDRE/C   n/a            0.500         5.000       4.500      SLICE_X0Y43     my_clock_divider/r_reg_reg[100]/C
Low Pulse Width   Fast    FDRE/C   n/a            0.500         5.000       4.500      SLICE_X0Y43     my_clock_divider/r_reg_reg[100]/C
Low Pulse Width   Slow    FDRE/C   n/a            0.500         5.000       4.500      SLICE_X0Y43     my_clock_divider/r_reg_reg[101]/C
Low Pulse Width   Fast    FDRE/C   n/a            0.500         5.000       4.500      SLICE_X0Y43     my_clock_divider/r_reg_reg[101]/C
Low Pulse Width   Slow    FDRE/C   n/a            0.500         5.000       4.500      SLICE_X0Y43     my_clock_divider/r_reg_reg[102]/C
Low Pulse Width   Fast    FDRE/C   n/a            0.500         5.000       4.500      SLICE_X0Y43     my_clock_divider/r_reg_reg[102]/C
Low Pulse Width   Slow    FDRE/C   n/a            0.500         5.000       4.500      SLICE_X0Y43     my_clock_divider/r_reg_reg[103]/C
Low Pulse Width   Fast    FDRE/C   n/a            0.500         5.000       4.500      SLICE_X0Y43     my_clock_divider/r_reg_reg[103]/C
High Pulse Width  Slow    FDRE/C   n/a            0.500         5.000       4.500      SLICE_X1Y18     my_clock_divider/r_reg_reg[0]/C
High Pulse Width  Fast    FDRE/C   n/a            0.500         5.000       4.500      SLICE_X1Y18     my_clock_divider/r_reg_reg[0]/C
High Pulse Width  Slow    FDRE/C   n/a            0.500         5.000       4.500      SLICE_X0Y43     my_clock_divider/r_reg_reg[100]/C
High Pulse Width  Fast    FDRE/C   n/a            0.500         5.000       4.500      SLICE_X0Y43     my_clock_divider/r_reg_reg[100]/C
High Pulse Width  Slow    FDRE/C   n/a            0.500         5.000       4.500      SLICE_X0Y43     my_clock_divider/r_reg_reg[101]/C
High Pulse Width  Fast    FDRE/C   n/a            0.500         5.000       4.500      SLICE_X0Y43     my_clock_divider/r_reg_reg[101]/C
High Pulse Width  Slow    FDRE/C   n/a            0.500         5.000       4.500      SLICE_X0Y43     my_clock_divider/r_reg_reg[102]/C
High Pulse Width  Fast    FDRE/C   n/a            0.500         5.000       4.500      SLICE_X0Y43     my_clock_divider/r_reg_reg[102]/C
High Pulse Width  Slow    FDRE/C   n/a            0.500         5.000       4.500      SLICE_X0Y43     my_clock_divider/r_reg_reg[103]/C
High Pulse Width  Fast    FDRE/C   n/a            0.500         5.000       4.500      SLICE_X0Y43     my_clock_divider/r_reg_reg[103]/C



--------------------------------------------------------------------------------------
Path Group:  (none)
From Clock:  
  To Clock:  

Max Delay            26 Endpoints
Min Delay            26 Endpoints
--------------------------------------------------------------------------------------


Max Delay Paths
--------------------------------------------------------------------------------------
Slack:                    inf
  Source:                 sel[1]
                            (input port)
  Destination:            wav[4]
                            (output port)
  Path Group:             (none)
  Path Type:              Max at Slow Process Corner
  Data Path Delay:        11.390ns  (logic 5.536ns (48.609%)  route 5.853ns (51.391%))
  Logic Levels:           4  (IBUF=1 LUT4=1 LUT5=1 OBUF=1)

    Location             Delay type                Incr(ns)  Path(ns)    Netlist Resource(s)
  -------------------------------------------------------------------    -------------------
    V10                                               0.000     0.000 r  sel[1] (IN)
                         net (fo=0)                   0.000     0.000    sel[1]
    V10                  IBUF (Prop_ibuf_I_O)         1.524     1.524 r  sel_IBUF[1]_inst/O
                         net (fo=15, routed)          2.599     4.123    my_PhaseAccumulator/sel_IBUF[1]
    SLICE_X5Y95          LUT4 (Prop_lut4_I2_O)        0.150     4.273 r  my_PhaseAccumulator/wav_OBUF[4]_inst_i_2/O
                         net (fo=1, routed)           0.803     5.076    my_PhaseAccumulator/wav_OBUF[4]_inst_i_2_n_0
    SLICE_X4Y96          LUT5 (Prop_lut5_I0_O)        0.326     5.402 r  my_PhaseAccumulator/wav_OBUF[4]_inst_i_1/O
                         net (fo=1, routed)           2.451     7.853    wav_OBUF[4]
    D17                  OBUF (Prop_obuf_I_O)         3.536    11.390 r  wav_OBUF[4]_inst/O
                         net (fo=0)                   0.000    11.390    wav[4]
    D17                                                               r  wav[4] (OUT)
  -------------------------------------------------------------------    -------------------

Slack:                    inf
  Source:                 sel[1]
                            (input port)
  Destination:            wav[5]
                            (output port)
  Path Group:             (none)
  Path Type:              Max at Slow Process Corner
  Data Path Delay:        11.251ns  (logic 5.310ns (47.194%)  route 5.941ns (52.806%))
  Logic Levels:           4  (IBUF=1 LUT4=1 LUT5=1 OBUF=1)

    Location             Delay type                Incr(ns)  Path(ns)    Netlist Resource(s)
  -------------------------------------------------------------------    -------------------
    V10                                               0.000     0.000 r  sel[1] (IN)
                         net (fo=0)                   0.000     0.000    sel[1]
    V10                  IBUF (Prop_ibuf_I_O)         1.524     1.524 r  sel_IBUF[1]_inst/O
                         net (fo=15, routed)          2.604     4.128    my_PhaseAccumulator/sel_IBUF[1]
    SLICE_X5Y95          LUT4 (Prop_lut4_I2_O)        0.124     4.252 r  my_PhaseAccumulator/wav_OBUF[5]_inst_i_2/O
                         net (fo=1, routed)           0.860     5.112    my_PhaseAccumulator/wav_OBUF[5]_inst_i_2_n_0
    SLICE_X4Y95          LUT5 (Prop_lut5_I0_O)        0.124     5.236 r  my_PhaseAccumulator/wav_OBUF[5]_inst_i_1/O
                         net (fo=1, routed)           2.477     7.713    wav_OBUF[5]
    E17                  OBUF (Prop_obuf_I_O)         3.538    11.251 r  wav_OBUF[5]_inst/O
                         net (fo=0)                   0.000    11.251    wav[5]
    E17                                                               r  wav[5] (OUT)
  -------------------------------------------------------------------    -------------------

Slack:                    inf
  Source:                 sel[1]
                            (input port)
  Destination:            wav[1]
                            (output port)
  Path Group:             (none)
  Path Type:              Max at Slow Process Corner
  Data Path Delay:        10.832ns  (logic 5.559ns (51.322%)  route 5.273ns (48.678%))
  Logic Levels:           4  (IBUF=1 LUT4=1 LUT5=1 OBUF=1)

    Location             Delay type                Incr(ns)  Path(ns)    Netlist Resource(s)
  -------------------------------------------------------------------    -------------------
    V10                                               0.000     0.000 r  sel[1] (IN)
                         net (fo=0)                   0.000     0.000    sel[1]
    V10                  IBUF (Prop_ibuf_I_O)         1.524     1.524 r  sel_IBUF[1]_inst/O
                         net (fo=15, routed)          2.479     4.003    my_PhaseAccumulator/sel_IBUF[1]
    SLICE_X3Y94          LUT4 (Prop_lut4_I2_O)        0.153     4.156 r  my_PhaseAccumulator/wav_OBUF[1]_inst_i_2/O
                         net (fo=1, routed)           0.572     4.728    my_PhaseAccumulator/wav_OBUF[1]_inst_i_2_n_0
    SLICE_X5Y95          LUT5 (Prop_lut5_I0_O)        0.327     5.055 r  my_PhaseAccumulator/wav_OBUF[1]_inst_i_1/O
                         net (fo=1, routed)           2.223     7.277    wav_OBUF[1]
    D18                  OBUF (Prop_obuf_I_O)         3.555    10.832 r  wav_OBUF[1]_inst/O
                         net (fo=0)                   0.000    10.832    wav[1]
    D18                                                               r  wav[1] (OUT)
  -------------------------------------------------------------------    -------------------

Slack:                    inf
  Source:                 sel[1]
                            (input port)
  Destination:            wav[3]
                            (output port)
  Path Group:             (none)
  Path Type:              Max at Slow Process Corner
  Data Path Delay:        10.583ns  (logic 5.293ns (50.014%)  route 5.290ns (49.986%))
  Logic Levels:           4  (IBUF=1 LUT4=1 LUT5=1 OBUF=1)

    Location             Delay type                Incr(ns)  Path(ns)    Netlist Resource(s)
  -------------------------------------------------------------------    -------------------
    V10                                               0.000     0.000 r  sel[1] (IN)
                         net (fo=0)                   0.000     0.000    sel[1]
    V10                  IBUF (Prop_ibuf_I_O)         1.524     1.524 r  sel_IBUF[1]_inst/O
                         net (fo=15, routed)          2.599     4.123    my_PhaseAccumulator/sel_IBUF[1]
    SLICE_X5Y95          LUT4 (Prop_lut4_I2_O)        0.124     4.247 r  my_PhaseAccumulator/wav_OBUF[3]_inst_i_2/O
                         net (fo=1, routed)           0.421     4.668    my_PhaseAccumulator/wav_OBUF[3]_inst_i_2_n_0
    SLICE_X4Y96          LUT5 (Prop_lut5_I0_O)        0.124     4.792 r  my_PhaseAccumulator/wav_OBUF[3]_inst_i_1/O
                         net (fo=1, routed)           2.270     7.062    wav_OBUF[3]
    G17                  OBUF (Prop_obuf_I_O)         3.521    10.583 r  wav_OBUF[3]_inst/O
                         net (fo=0)                   0.000    10.583    wav[3]
    G17                                                               r  wav[3] (OUT)
  -------------------------------------------------------------------    -------------------

Slack:                    inf
  Source:                 sel[1]
                            (input port)
  Destination:            wav[2]
                            (output port)
  Path Group:             (none)
  Path Type:              Max at Slow Process Corner
  Data Path Delay:        10.485ns  (logic 5.320ns (50.740%)  route 5.165ns (49.260%))
  Logic Levels:           4  (IBUF=1 LUT4=1 LUT5=1 OBUF=1)

    Location             Delay type                Incr(ns)  Path(ns)    Netlist Resource(s)
  -------------------------------------------------------------------    -------------------
    V10                                               0.000     0.000 r  sel[1] (IN)
                         net (fo=0)                   0.000     0.000    sel[1]
    V10                  IBUF (Prop_ibuf_I_O)         1.524     1.524 r  sel_IBUF[1]_inst/O
                         net (fo=15, routed)          2.479     4.003    my_PhaseAccumulator/sel_IBUF[1]
    SLICE_X3Y94          LUT4 (Prop_lut4_I2_O)        0.124     4.127 r  my_PhaseAccumulator/wav_OBUF[2]_inst_i_2/O
                         net (fo=1, routed)           0.568     4.695    my_PhaseAccumulator/wav_OBUF[2]_inst_i_2_n_0
    SLICE_X4Y95          LUT5 (Prop_lut5_I0_O)        0.124     4.819 r  my_PhaseAccumulator/wav_OBUF[2]_inst_i_1/O
                         net (fo=1, routed)           2.118     6.937    wav_OBUF[2]
    E18                  OBUF (Prop_obuf_I_O)         3.548    10.485 r  wav_OBUF[2]_inst/O
                         net (fo=0)                   0.000    10.485    wav[2]
    E18                                                               r  wav[2] (OUT)
  -------------------------------------------------------------------    -------------------

Slack:                    inf
  Source:                 sel[1]
                            (input port)
  Destination:            wav[6]
                            (output port)
  Path Group:             (none)
  Path Type:              Max at Slow Process Corner
  Data Path Delay:        10.479ns  (logic 5.546ns (52.924%)  route 4.933ns (47.076%))
  Logic Levels:           4  (IBUF=1 LUT4=1 LUT5=1 OBUF=1)

    Location             Delay type                Incr(ns)  Path(ns)    Netlist Resource(s)
  -------------------------------------------------------------------    -------------------
    V10                                               0.000     0.000 r  sel[1] (IN)
                         net (fo=0)                   0.000     0.000    sel[1]
    V10                  IBUF (Prop_ibuf_I_O)         1.524     1.524 r  sel_IBUF[1]_inst/O
                         net (fo=15, routed)          2.604     4.128    my_PhaseAccumulator/sel_IBUF[1]
    SLICE_X5Y95          LUT4 (Prop_lut4_I2_O)        0.152     4.280 r  my_PhaseAccumulator/wav_OBUF[6]_inst_i_2/O
                         net (fo=1, routed)           0.266     4.546    my_PhaseAccumulator/wav_OBUF[6]_inst_i_2_n_0
    SLICE_X5Y95          LUT5 (Prop_lut5_I0_O)        0.332     4.878 r  my_PhaseAccumulator/wav_OBUF[6]_inst_i_1/O
                         net (fo=1, routed)           2.063     6.941    wav_OBUF[6]
    F18                  OBUF (Prop_obuf_I_O)         3.538    10.479 r  wav_OBUF[6]_inst/O
                         net (fo=0)                   0.000    10.479    wav[6]
    F18                                                               r  wav[6] (OUT)
  -------------------------------------------------------------------    -------------------

Slack:                    inf
  Source:                 sel[1]
                            (input port)
  Destination:            wav[7]
                            (output port)
  Path Group:             (none)
  Path Type:              Max at Slow Process Corner
  Data Path Delay:        10.399ns  (logic 5.316ns (51.115%)  route 5.084ns (48.885%))
  Logic Levels:           4  (IBUF=1 LUT5=1 LUT6=1 OBUF=1)

    Location             Delay type                Incr(ns)  Path(ns)    Netlist Resource(s)
  -------------------------------------------------------------------    -------------------
    V10                                               0.000     0.000 r  sel[1] (IN)
                         net (fo=0)                   0.000     0.000    sel[1]
    V10                  IBUF (Prop_ibuf_I_O)         1.524     1.524 r  sel_IBUF[1]_inst/O
                         net (fo=15, routed)          2.612     4.136    my_PhaseAccumulator/sel_IBUF[1]
    SLICE_X4Y96          LUT6 (Prop_lut6_I4_O)        0.124     4.260 r  my_PhaseAccumulator/wav_OBUF[7]_inst_i_2/O
                         net (fo=1, routed)           0.416     4.676    my_PhaseAccumulator/wav_OBUF[7]_inst_i_2_n_0
    SLICE_X4Y95          LUT5 (Prop_lut5_I4_O)        0.124     4.800 r  my_PhaseAccumulator/wav_OBUF[7]_inst_i_1/O
                         net (fo=1, routed)           2.056     6.856    wav_OBUF[7]
    G18                  OBUF (Prop_obuf_I_O)         3.544    10.399 r  wav_OBUF[7]_inst/O
                         net (fo=0)                   0.000    10.399    wav[7]
    G18                                                               r  wav[7] (OUT)
  -------------------------------------------------------------------    -------------------

Slack:                    inf
  Source:                 sel[0]
                            (input port)
  Destination:            wav[0]
                            (output port)
  Path Group:             (none)
  Path Type:              Max at Slow Process Corner
  Data Path Delay:        9.519ns  (logic 5.199ns (54.616%)  route 4.320ns (45.384%))
  Logic Levels:           3  (IBUF=1 LUT5=1 OBUF=1)

    Location             Delay type                Incr(ns)  Path(ns)    Netlist Resource(s)
  -------------------------------------------------------------------    -------------------
    U11                                               0.000     0.000 r  sel[0] (IN)
                         net (fo=0)                   0.000     0.000    sel[0]
    U11                  IBUF (Prop_ibuf_I_O)         1.510     1.510 r  sel_IBUF[0]_inst/O
                         net (fo=8, routed)           2.238     3.748    my_PhaseAccumulator/sel_IBUF[0]
    SLICE_X4Y95          LUT5 (Prop_lut5_I1_O)        0.124     3.872 r  my_PhaseAccumulator/wav_OBUF[0]_inst_i_1/O
                         net (fo=1, routed)           2.082     5.954    wav_OBUF[0]
    C17                  OBUF (Prop_obuf_I_O)         3.565     9.519 r  wav_OBUF[0]_inst/O
                         net (fo=0)                   0.000     9.519    wav[0]
    C17                                                               r  wav[0] (OUT)
  -------------------------------------------------------------------    -------------------

Slack:                    inf
  Source:                 freq[0]
                            (input port)
  Destination:            my_PhaseAccumulator/r_reg_reg_rep[5]/D
  Path Group:             (none)
  Path Type:              Max at Slow Process Corner
  Data Path Delay:        4.203ns  (logic 2.486ns (59.145%)  route 1.717ns (40.855%))
  Logic Levels:           4  (CARRY4=2 IBUF=1 LUT3=1)

    Location             Delay type                Incr(ns)  Path(ns)    Netlist Resource(s)
  -------------------------------------------------------------------    -------------------
    J15                                               0.000     0.000 r  freq[0] (IN)
                         net (fo=0)                   0.000     0.000    freq[0]
    J15                  IBUF (Prop_ibuf_I_O)         1.478     1.478 r  freq_IBUF[0]_inst/O
                         net (fo=9, routed)           1.717     3.195    my_PhaseAccumulator/freq_IBUF[0]
    SLICE_X5Y93          LUT3 (Prop_lut3_I2_O)        0.124     3.319 r  my_PhaseAccumulator/r_reg_rep[3]_i_4/O
                         net (fo=1, routed)           0.000     3.319    my_PhaseAccumulator/r_reg_rep[3]_i_4_n_0
    SLICE_X5Y93          CARRY4 (Prop_carry4_S[1]_CO[3])
                                                      0.550     3.869 r  my_PhaseAccumulator/r_reg_reg_rep[3]_i_1/CO[3]
                         net (fo=1, routed)           0.000     3.869    my_PhaseAccumulator/r_reg_reg_rep[3]_i_1_n_0
    SLICE_X5Y94          CARRY4 (Prop_carry4_CI_O[1])
                                                      0.334     4.203 r  my_PhaseAccumulator/r_reg_reg_rep[7]_i_1/O[1]
                         net (fo=1, routed)           0.000     4.203    my_PhaseAccumulator/r_next[5]
    SLICE_X5Y94          FDRE                                         r  my_PhaseAccumulator/r_reg_reg_rep[5]/D
  -------------------------------------------------------------------    -------------------

Slack:                    inf
  Source:                 freq[0]
                            (input port)
  Destination:            my_PhaseAccumulator/r_reg_reg_rep[7]/D
  Path Group:             (none)
  Path Type:              Max at Slow Process Corner
  Data Path Delay:        4.182ns  (logic 2.465ns (58.940%)  route 1.717ns (41.060%))
  Logic Levels:           4  (CARRY4=2 IBUF=1 LUT3=1)

    Location             Delay type                Incr(ns)  Path(ns)    Netlist Resource(s)
  -------------------------------------------------------------------    -------------------
    J15                                               0.000     0.000 r  freq[0] (IN)
                         net (fo=0)                   0.000     0.000    freq[0]
    J15                  IBUF (Prop_ibuf_I_O)         1.478     1.478 r  freq_IBUF[0]_inst/O
                         net (fo=9, routed)           1.717     3.195    my_PhaseAccumulator/freq_IBUF[0]
    SLICE_X5Y93          LUT3 (Prop_lut3_I2_O)        0.124     3.319 r  my_PhaseAccumulator/r_reg_rep[3]_i_4/O
                         net (fo=1, routed)           0.000     3.319    my_PhaseAccumulator/r_reg_rep[3]_i_4_n_0
    SLICE_X5Y93          CARRY4 (Prop_carry4_S[1]_CO[3])
                                                      0.550     3.869 r  my_PhaseAccumulator/r_reg_reg_rep[3]_i_1/CO[3]
                         net (fo=1, routed)           0.000     3.869    my_PhaseAccumulator/r_reg_reg_rep[3]_i_1_n_0
    SLICE_X5Y94          CARRY4 (Prop_carry4_CI_O[3])
                                                      0.313     4.182 r  my_PhaseAccumulator/r_reg_reg_rep[7]_i_1/O[3]
                         net (fo=1, routed)           0.000     4.182    my_PhaseAccumulator/r_next[7]
    SLICE_X5Y94          FDRE                                         r  my_PhaseAccumulator/r_reg_reg_rep[7]/D
  -------------------------------------------------------------------    -------------------





Min Delay Paths
--------------------------------------------------------------------------------------
Slack:                    inf
  Source:                 my_PhaseAccumulator/r_reg_reg[7]/C
                            (rising edge-triggered cell FDRE)
  Destination:            my_Rectangle/Wav_reg[7]/D
  Path Group:             (none)
  Path Type:              Min at Fast Process Corner
  Data Path Delay:        0.457ns  (logic 0.227ns (49.619%)  route 0.230ns (50.381%))
  Logic Levels:           1  (FDRE=1)

    Location             Delay type                Incr(ns)  Path(ns)    Netlist Resource(s)
  -------------------------------------------------------------------    -------------------
    SLICE_X6Y95          FDRE                         0.000     0.000 r  my_PhaseAccumulator/r_reg_reg[7]/C
    SLICE_X6Y95          FDRE (Prop_fdre_C_Q)         0.227     0.227 r  my_PhaseAccumulator/r_reg_reg[7]/Q
                         net (fo=12, routed)          0.230     0.457    my_Rectangle/Q[0]
    SLICE_X4Y95          LDCE                                         r  my_Rectangle/Wav_reg[7]/D
  -------------------------------------------------------------------    -------------------

Slack:                    inf
  Source:                 my_PhaseAccumulator/r_reg_reg[2]/C
                            (rising edge-triggered cell FDRE)
  Destination:            my_PhaseAccumulator/r_reg_reg[3]/D
  Path Group:             (none)
  Path Type:              Min at Fast Process Corner
  Data Path Delay:        0.460ns  (logic 0.356ns (77.459%)  route 0.104ns (22.541%))
  Logic Levels:           2  (CARRY4=1 FDRE=1)

    Location             Delay type                Incr(ns)  Path(ns)    Netlist Resource(s)
  -------------------------------------------------------------------    -------------------
    SLICE_X6Y94          FDRE                         0.000     0.000 r  my_PhaseAccumulator/r_reg_reg[2]/C
    SLICE_X6Y94          FDRE (Prop_fdre_C_Q)         0.227     0.227 r  my_PhaseAccumulator/r_reg_reg[2]/Q
                         net (fo=6, routed)           0.104     0.331    my_PhaseAccumulator/r_reg_reg[2]
    SLICE_X6Y94          CARRY4 (Prop_carry4_DI[2]_O[3])
                                                      0.129     0.460 r  my_PhaseAccumulator/r_next_carry/O[3]
                         net (fo=1, routed)           0.000     0.460    my_PhaseAccumulator/r_next__0[3]
    SLICE_X6Y94          FDRE                                         r  my_PhaseAccumulator/r_reg_reg[3]/D
  -------------------------------------------------------------------    -------------------

Slack:                    inf
  Source:                 my_PhaseAccumulator/r_reg_reg[1]/C
                            (rising edge-triggered cell FDRE)
  Destination:            my_PhaseAccumulator/r_reg_reg[2]/D
  Path Group:             (none)
  Path Type:              Min at Fast Process Corner
  Data Path Delay:        0.467ns  (logic 0.376ns (80.445%)  route 0.091ns (19.555%))
  Logic Levels:           2  (CARRY4=1 FDRE=1)

    Location             Delay type                Incr(ns)  Path(ns)    Netlist Resource(s)
  -------------------------------------------------------------------    -------------------
    SLICE_X6Y94          FDRE                         0.000     0.000 r  my_PhaseAccumulator/r_reg_reg[1]/C
    SLICE_X6Y94          FDRE (Prop_fdre_C_Q)         0.227     0.227 r  my_PhaseAccumulator/r_reg_reg[1]/Q
                         net (fo=6, routed)           0.091     0.318    my_PhaseAccumulator/r_reg_reg[1]
    SLICE_X6Y94          CARRY4 (Prop_carry4_DI[1]_O[2])
                                                      0.149     0.467 r  my_PhaseAccumulator/r_next_carry/O[2]
                         net (fo=1, routed)           0.000     0.467    my_PhaseAccumulator/r_next__0[2]
    SLICE_X6Y94          FDRE                                         r  my_PhaseAccumulator/r_reg_reg[2]/D
  -------------------------------------------------------------------    -------------------

Slack:                    inf
  Source:                 my_PhaseAccumulator/r_reg_reg[0]/C
                            (rising edge-triggered cell FDRE)
  Destination:            my_PhaseAccumulator/r_reg_reg_rep[1]/D
  Path Group:             (none)
  Path Type:              Min at Fast Process Corner
  Data Path Delay:        0.472ns  (logic 0.328ns (69.528%)  route 0.144ns (30.472%))
  Logic Levels:           2  (CARRY4=1 FDRE=1)

    Location             Delay type                Incr(ns)  Path(ns)    Netlist Resource(s)
  -------------------------------------------------------------------    -------------------
    SLICE_X7Y94          FDRE                         0.000     0.000 r  my_PhaseAccumulator/r_reg_reg[0]/C
    SLICE_X7Y94          FDRE (Prop_fdre_C_Q)         0.204     0.204 r  my_PhaseAccumulator/r_reg_reg[0]/Q
                         net (fo=7, routed)           0.144     0.348    my_PhaseAccumulator/r_reg_reg[0]
    SLICE_X5Y93          CARRY4 (Prop_carry4_DI[0]_O[1])
                                                      0.124     0.472 r  my_PhaseAccumulator/r_reg_reg_rep[3]_i_1/O[1]
                         net (fo=1, routed)           0.000     0.472    my_PhaseAccumulator/r_next[1]
    SLICE_X5Y93          FDRE                                         r  my_PhaseAccumulator/r_reg_reg_rep[1]/D
  -------------------------------------------------------------------    -------------------

Slack:                    inf
  Source:                 my_PhaseAccumulator/r_reg_reg[6]/C
                            (rising edge-triggered cell FDRE)
  Destination:            my_PhaseAccumulator/r_reg_reg[6]/D
  Path Group:             (none)
  Path Type:              Min at Fast Process Corner
  Data Path Delay:        0.476ns  (logic 0.337ns (70.851%)  route 0.139ns (29.149%))
  Logic Levels:           2  (CARRY4=1 FDRE=1)

    Location             Delay type                Incr(ns)  Path(ns)    Netlist Resource(s)
  -------------------------------------------------------------------    -------------------
    SLICE_X6Y95          FDRE                         0.000     0.000 r  my_PhaseAccumulator/r_reg_reg[6]/C
    SLICE_X6Y95          FDRE (Prop_fdre_C_Q)         0.227     0.227 r  my_PhaseAccumulator/r_reg_reg[6]/Q
                         net (fo=4, routed)           0.139     0.366    my_PhaseAccumulator/r_reg_reg[6]
    SLICE_X6Y95          CARRY4 (Prop_carry4_S[2]_O[2])
                                                      0.110     0.476 r  my_PhaseAccumulator/r_next_carry__0/O[2]
                         net (fo=1, routed)           0.000     0.476    my_PhaseAccumulator/r_next__0[6]
    SLICE_X6Y95          FDRE                                         r  my_PhaseAccumulator/r_reg_reg[6]/D
  -------------------------------------------------------------------    -------------------

Slack:                    inf
  Source:                 my_PhaseAccumulator/r_reg_reg[3]/C
                            (rising edge-triggered cell FDRE)
  Destination:            my_PhaseAccumulator/r_reg_reg[4]/D
  Path Group:             (none)
  Path Type:              Min at Fast Process Corner
  Data Path Delay:        0.488ns  (logic 0.397ns (81.297%)  route 0.091ns (18.703%))
  Logic Levels:           3  (CARRY4=2 FDRE=1)

    Location             Delay type                Incr(ns)  Path(ns)    Netlist Resource(s)
  -------------------------------------------------------------------    -------------------
    SLICE_X6Y94          FDRE                         0.000     0.000 r  my_PhaseAccumulator/r_reg_reg[3]/C
    SLICE_X6Y94          FDRE (Prop_fdre_C_Q)         0.227     0.227 r  my_PhaseAccumulator/r_reg_reg[3]/Q
                         net (fo=6, routed)           0.091     0.318    my_PhaseAccumulator/r_reg_reg[3]
    SLICE_X6Y94          CARRY4 (Prop_carry4_DI[3]_CO[3])
                                                      0.117     0.435 r  my_PhaseAccumulator/r_next_carry/CO[3]
                         net (fo=1, routed)           0.000     0.435    my_PhaseAccumulator/r_next_carry_n_0
    SLICE_X6Y95          CARRY4 (Prop_carry4_CI_O[0])
                                                      0.053     0.488 r  my_PhaseAccumulator/r_next_carry__0/O[0]
                         net (fo=1, routed)           0.000     0.488    my_PhaseAccumulator/r_next__0[4]
    SLICE_X6Y95          FDRE                                         r  my_PhaseAccumulator/r_reg_reg[4]/D
  -------------------------------------------------------------------    -------------------

Slack:                    inf
  Source:                 my_PhaseAccumulator/r_reg_reg[3]/C
                            (rising edge-triggered cell FDRE)
  Destination:            my_PhaseAccumulator/r_reg_reg_rep[3]/D
  Path Group:             (none)
  Path Type:              Min at Fast Process Corner
  Data Path Delay:        0.504ns  (logic 0.335ns (66.522%)  route 0.169ns (33.478%))
  Logic Levels:           3  (CARRY4=1 FDRE=1 LUT3=1)

    Location             Delay type                Incr(ns)  Path(ns)    Netlist Resource(s)
  -------------------------------------------------------------------    -------------------
    SLICE_X6Y94          FDRE                         0.000     0.000 r  my_PhaseAccumulator/r_reg_reg[3]/C
    SLICE_X6Y94          FDRE (Prop_fdre_C_Q)         0.227     0.227 r  my_PhaseAccumulator/r_reg_reg[3]/Q
                         net (fo=6, routed)           0.169     0.396    my_PhaseAccumulator/r_reg_reg[3]
    SLICE_X5Y93          LUT3 (Prop_lut3_I0_O)        0.045     0.441 r  my_PhaseAccumulator/r_reg_rep[3]_i_2/O
                         net (fo=1, routed)           0.000     0.441    my_PhaseAccumulator/r_reg_rep[3]_i_2_n_0
    SLICE_X5Y93          CARRY4 (Prop_carry4_S[3]_O[3])
                                                      0.063     0.504 r  my_PhaseAccumulator/r_reg_reg_rep[3]_i_1/O[3]
                         net (fo=1, routed)           0.000     0.504    my_PhaseAccumulator/r_next[3]
    SLICE_X5Y93          FDRE                                         r  my_PhaseAccumulator/r_reg_reg_rep[3]/D
  -------------------------------------------------------------------    -------------------

Slack:                    inf
  Source:                 my_PhaseAccumulator/r_reg_reg[0]/C
                            (rising edge-triggered cell FDRE)
  Destination:            my_PhaseAccumulator/r_reg_reg[0]/D
  Path Group:             (none)
  Path Type:              Min at Fast Process Corner
  Data Path Delay:        0.504ns  (logic 0.249ns (49.432%)  route 0.255ns (50.568%))
  Logic Levels:           2  (FDRE=1 LUT3=1)

    Location             Delay type                Incr(ns)  Path(ns)    Netlist Resource(s)
  -------------------------------------------------------------------    -------------------
    SLICE_X7Y94          FDRE                         0.000     0.000 r  my_PhaseAccumulator/r_reg_reg[0]/C
    SLICE_X7Y94          FDRE (Prop_fdre_C_Q)         0.204     0.204 r  my_PhaseAccumulator/r_reg_reg[0]/Q
                         net (fo=7, routed)           0.255     0.459    my_PhaseAccumulator/r_reg_reg[0]
    SLICE_X7Y94          LUT3 (Prop_lut3_I0_O)        0.045     0.504 r  my_PhaseAccumulator/r_reg[0]_i_1/O
                         net (fo=1, routed)           0.000     0.504    my_PhaseAccumulator/r_reg[0]_i_1_n_0
    SLICE_X7Y94          FDRE                                         r  my_PhaseAccumulator/r_reg_reg[0]/D
  -------------------------------------------------------------------    -------------------

Slack:                    inf
  Source:                 my_PhaseAccumulator/r_reg_reg[0]/C
                            (rising edge-triggered cell FDRE)
  Destination:            my_PhaseAccumulator/r_reg_reg_rep[2]/D
  Path Group:             (none)
  Path Type:              Min at Fast Process Corner
  Data Path Delay:        0.505ns  (logic 0.361ns (71.520%)  route 0.144ns (28.480%))
  Logic Levels:           2  (CARRY4=1 FDRE=1)

    Location             Delay type                Incr(ns)  Path(ns)    Netlist Resource(s)
  -------------------------------------------------------------------    -------------------
    SLICE_X7Y94          FDRE                         0.000     0.000 r  my_PhaseAccumulator/r_reg_reg[0]/C
    SLICE_X7Y94          FDRE (Prop_fdre_C_Q)         0.204     0.204 r  my_PhaseAccumulator/r_reg_reg[0]/Q
                         net (fo=7, routed)           0.144     0.348    my_PhaseAccumulator/r_reg_reg[0]
    SLICE_X5Y93          CARRY4 (Prop_carry4_DI[0]_O[2])
                                                      0.157     0.505 r  my_PhaseAccumulator/r_reg_reg_rep[3]_i_1/O[2]
                         net (fo=1, routed)           0.000     0.505    my_PhaseAccumulator/r_next[2]
    SLICE_X5Y93          FDRE                                         r  my_PhaseAccumulator/r_reg_reg_rep[2]/D
  -------------------------------------------------------------------    -------------------

Slack:                    inf
  Source:                 my_PhaseAccumulator/r_reg_reg[0]/C
                            (rising edge-triggered cell FDRE)
  Destination:            my_PhaseAccumulator/r_reg_reg[1]/D
  Path Group:             (none)
  Path Type:              Min at Fast Process Corner
  Data Path Delay:        0.509ns  (logic 0.333ns (65.458%)  route 0.176ns (34.542%))
  Logic Levels:           2  (CARRY4=1 FDRE=1)

    Location             Delay type                Incr(ns)  Path(ns)    Netlist Resource(s)
  -------------------------------------------------------------------    -------------------
    SLICE_X7Y94          FDRE                         0.000     0.000 r  my_PhaseAccumulator/r_reg_reg[0]/C
    SLICE_X7Y94          FDRE (Prop_fdre_C_Q)         0.204     0.204 r  my_PhaseAccumulator/r_reg_reg[0]/Q
                         net (fo=7, routed)           0.176     0.380    my_PhaseAccumulator/r_reg_reg[0]
    SLICE_X6Y94          CARRY4 (Prop_carry4_DI[0]_O[1])
                                                      0.129     0.509 r  my_PhaseAccumulator/r_next_carry/O[1]
                         net (fo=1, routed)           0.000     0.509    my_PhaseAccumulator/r_next__0[1]
    SLICE_X6Y94          FDRE                                         r  my_PhaseAccumulator/r_reg_reg[1]/D
  -------------------------------------------------------------------    -------------------





