#-----------------------------------------------------------
# Vivado v2024.2 (64-bit)
# SW Build 5239630 on Fri Nov 08 22:35:27 MST 2024
# IP Build 5239520 on Sun Nov 10 16:12:51 MST 2024
# SharedData Build 5239561 on Fri Nov 08 14:39:27 MST 2024
# Start of session at: Mon May  4 09:02:48 2026
# Process ID         : 15532
# Current directory  : C:/Users/v731v861.HOME/Documents/GitHub/EECS443-FinalProject/waveform_generator
# Command line       : vivado.exe -gui_launcher_event rodinguilauncherevent7384 C:\Users\v731v861.HOME\Documents\GitHub\EECS443-FinalProject\waveform_generator\waveform_generator.xpr
# Log file           : C:/Users/v731v861.HOME/Documents/GitHub/EECS443-FinalProject/waveform_generator/vivado.log
# Journal file       : C:/Users/v731v861.HOME/Documents/GitHub/EECS443-FinalProject/waveform_generator\vivado.jou
# Running On         : ENGR-4SY5XP3
# Platform           : Windows Server 2016 or Windows 10
# Operating System   : 26200
# Processor Detail   : 11th Gen Intel(R) Core(TM) i7-11700 @ 2.50GHz
# CPU Frequency      : 2496 MHz
# CPU Physical cores : 8
# CPU Logical cores  : 16
# Host memory        : 16887 MB
# Swap memory        : 2550 MB
# Total Virtual      : 19437 MB
# Available Virtual  : 6708 MB
#-----------------------------------------------------------
start_gui
open_project C:/Users/v731v861.HOME/Documents/GitHub/EECS443-FinalProject/waveform_generator/waveform_generator.xpr
WARNING: [Board 49-26] cannot add Board Part xilinx.com:zcu208ld:part0:2.0 available at C:/Xilinx/Vivado/2024.2/data/xhub/boards/XilinxBoardStore/boards/Xilinx/zcu208ld/production/2.0/board.xml as part xczu58dr-fsvg1517-2-i specified in board_part file is either invalid or not available
WARNING: [Board 49-26] cannot add Board Part xilinx.com:zcu216ld:part0:2.0 available at C:/Xilinx/Vivado/2024.2/data/xhub/boards/XilinxBoardStore/boards/Xilinx/zcu216ld/production/2.0/board.xml as part xczu59dr-ffvf1760-2-i specified in board_part file is either invalid or not available
WARNING: [Board 49-26] cannot add Board Part xilinx.com:zcu670ld:part0:1.0 available at C:/Xilinx/Vivado/2024.2/data/xhub/boards/XilinxBoardStore/boards/Xilinx/zcu670ld/1.0/board.xml as part xczu57dr-fsve1156-2-i specified in board_part file is either invalid or not available
INFO: [Project 1-313] Project file moved from 'C:/Users/t397j696/Desktop/EECS443-FinalProject/waveform_generator' since last save.
INFO: [filemgmt 56-3] Default IP Output Path : Could not find the directory 'C:/Users/v731v861.HOME/Documents/GitHub/EECS443-FinalProject/waveform_generator/waveform_generator.gen/sources_1'.
Scanning sources...
Finished scanning sources
INFO: [IP_Flow 19-234] Refreshing IP repositories
INFO: [IP_Flow 19-1704] No user IP repositories specified
INFO: [IP_Flow 19-2313] Loaded Vivado IP repository 'C:/Xilinx/Vivado/2024.2/data/ip'.
open_project: Time (s): cpu = 00:00:14 ; elapsed = 00:00:06 . Memory (MB): peak = 1297.941 ; gain = 202.543
update_compile_order -fileset sources_1
launch_simulation
Command: launch_simulation 
INFO: [Vivado 12-12493] Simulation top is 'Top_tb'
WARNING: [Vivado 12-13340] Unable to auto find GCC executables from simulator install path! (path not set)
INFO: [Vivado 12-5682] Launching behavioral simulation in 'C:/Users/v731v861.HOME/Documents/GitHub/EECS443-FinalProject/waveform_generator/waveform_generator.sim/sim_1/behav/xsim'
INFO: [SIM-utils-51] Simulation object is 'sim_1'
INFO: [SIM-utils-72] Using boost library from 'C:/Xilinx/Vivado/2024.2/tps/boost_1_72_0'
INFO: [SIM-utils-54] Inspecting design source files for 'Top_tb' in fileset 'sim_1'...
INFO: [USF-XSim-97] Finding global include files...
INFO: [USF-XSim-98] Fetching design files from 'sim_1'...
INFO: [USF-XSim-2] XSim::Compile design
INFO: [USF-XSim-61] Executing 'COMPILE and ANALYZE' step in 'C:/Users/v731v861.HOME/Documents/GitHub/EECS443-FinalProject/waveform_generator/waveform_generator.sim/sim_1/behav/xsim'
"xvhdl --incr --relax -prj Top_tb_vhdl.prj"
INFO: [VRFC 10-163] Analyzing VHDL file "C:/Users/v731v861.HOME/Documents/GitHub/EECS443-FinalProject/waveform_generator/waveform_generator.srcs/sources_1/new/PhaseAccumulator.vhd" into library xil_defaultlib
INFO: [VRFC 10-3107] analyzing entity 'PhaseAccumulator'
INFO: [VRFC 10-163] Analyzing VHDL file "C:/Users/v731v861.HOME/Documents/GitHub/EECS443-FinalProject/waveform_generator/waveform_generator.srcs/sources_1/new/Rectangle.vhd" into library xil_defaultlib
INFO: [VRFC 10-3107] analyzing entity 'Rectangle'
INFO: [VRFC 10-163] Analyzing VHDL file "C:/Users/v731v861.HOME/Documents/GitHub/EECS443-FinalProject/waveform_generator/waveform_generator.srcs/sources_1/new/Sawtooth.vhd" into library xil_defaultlib
INFO: [VRFC 10-3107] analyzing entity 'Sawtooth'
INFO: [VRFC 10-163] Analyzing VHDL file "C:/Users/v731v861.HOME/Documents/GitHub/EECS443-FinalProject/waveform_generator/waveform_generator.srcs/sources_1/new/Sine.vhd" into library xil_defaultlib
INFO: [VRFC 10-3107] analyzing entity 'Sine'
INFO: [VRFC 10-163] Analyzing VHDL file "C:/Users/v731v861.HOME/Documents/GitHub/EECS443-FinalProject/waveform_generator/waveform_generator.srcs/sources_1/new/Top.vhd" into library xil_defaultlib
INFO: [VRFC 10-3107] analyzing entity 'Top'
INFO: [VRFC 10-163] Analyzing VHDL file "C:/Users/v731v861.HOME/Documents/GitHub/EECS443-FinalProject/waveform_generator/waveform_generator.srcs/sources_1/new/Triangle.vhd" into library xil_defaultlib
INFO: [VRFC 10-3107] analyzing entity 'Triangle'
INFO: [VRFC 10-163] Analyzing VHDL file "C:/Users/v731v861.HOME/Documents/GitHub/EECS443-FinalProject/waveform_generator/waveform_generator.srcs/sim_1/new/Top_tb.vhd" into library xil_defaultlib
INFO: [VRFC 10-3107] analyzing entity 'Top_tb'
INFO: [USF-XSim-69] 'compile' step finished in '3' seconds
INFO: [USF-XSim-3] XSim::Elaborate design
INFO: [USF-XSim-61] Executing 'ELABORATE' step in 'C:/Users/v731v861.HOME/Documents/GitHub/EECS443-FinalProject/waveform_generator/waveform_generator.sim/sim_1/behav/xsim'
"xelab --incr --debug typical --relax --mt 2 -L xil_defaultlib -L secureip --snapshot Top_tb_behav xil_defaultlib.Top_tb -log elaborate.log"
Vivado Simulator v2024.2.0
Copyright 1986-2022 Xilinx, Inc. All Rights Reserved.
Copyright 2022-2024 Advanced Micro Devices, Inc. All Rights Reserved.
Running: C:/Xilinx/Vivado/2024.2/bin/unwrapped/win64.o/xelab.exe --incr --debug typical --relax --mt 2 -L xil_defaultlib -L secureip --snapshot Top_tb_behav xil_defaultlib.Top_tb -log elaborate.log 
Using 2 slave threads.
Starting static elaboration
Completed static elaboration
Starting simulation data flow analysis
Completed simulation data flow analysis
Time Resolution for simulation is 1ps
Compiling package std.standard
Compiling package std.textio
Compiling package ieee.std_logic_1164
Compiling package ieee.numeric_std
Compiling architecture behavioral of entity xil_defaultlib.PhaseAccumulator [phaseaccumulator_default]
Compiling architecture behavioral of entity xil_defaultlib.Rectangle [rectangle_default]
Compiling architecture behavioral of entity xil_defaultlib.Sawtooth [sawtooth_default]
Compiling architecture behavioral of entity xil_defaultlib.Sine [sine_default]
Compiling architecture behavioral of entity xil_defaultlib.Triangle [triangle_default]
Compiling architecture behavioral of entity xil_defaultlib.Top [top_default]
Compiling architecture behavioral of entity xil_defaultlib.top_tb
Built simulation snapshot Top_tb_behav
INFO: [USF-XSim-69] 'elaborate' step finished in '3' seconds
INFO: [USF-XSim-4] XSim::Simulate design
INFO: [USF-XSim-61] Executing 'SIMULATE' step in 'C:/Users/v731v861.HOME/Documents/GitHub/EECS443-FinalProject/waveform_generator/waveform_generator.sim/sim_1/behav/xsim'
INFO: [USF-XSim-98] *** Running xsim
   with args "Top_tb_behav -key {Behavioral:sim_1:Functional:Top_tb} -tclbatch {Top_tb.tcl} -log {simulate.log}"
INFO: [USF-XSim-8] Loading simulator feature
Time resolution is 1 ps
source Top_tb.tcl
# set curr_wave [current_wave_config]
# if { [string length $curr_wave] == 0 } {
#   if { [llength [get_objects]] > 0} {
#     add_wave /
#     set_property needs_save false [current_wave_config]
#   } else {
#      send_msg_id Add_Wave-1 WARNING "No top level signals found. Simulator will start without a wave window. If you want to open a wave window go to 'File->New Waveform Configuration' or type 'create_wave_config' in the TCL console."
#   }
# }
# run 10us
INFO: [USF-XSim-96] XSim completed. Design snapshot 'Top_tb_behav' loaded.
INFO: [USF-XSim-97] XSim simulation ran for 10us
launch_simulation: Time (s): cpu = 00:00:04 ; elapsed = 00:00:10 . Memory (MB): peak = 1314.219 ; gain = 3.543
close_sim
INFO: [Simtcl 6-16] Simulation closed
WARNING: [filemgmt 56-199] Attempt to get parsing info during refresh. "On-the-fly" syntax checking information may be incorrect. [C:\Users\v731v861.HOME\Documents\GitHub\EECS443-FinalProject\waveform_generator\waveform_generator.srcs\sources_1\new\Sine.vhd:]
WARNING: [filemgmt 56-199] Attempt to get parsing info during refresh. "On-the-fly" syntax checking information may be incorrect. [C:\Users\v731v861.HOME\Documents\GitHub\EECS443-FinalProject\waveform_generator\waveform_generator.srcs\sources_1\new\Top.vhd:]
WARNING: [filemgmt 56-199] Attempt to get parsing info during refresh. "On-the-fly" syntax checking information may be incorrect. [C:\Users\v731v861.HOME\Documents\GitHub\EECS443-FinalProject\waveform_generator\waveform_generator.srcs\sources_1\new\PhaseAccumulator.vhd:]
WARNING: [filemgmt 56-199] Attempt to get parsing info during refresh. "On-the-fly" syntax checking information may be incorrect. [C:\Users\v731v861.HOME\Documents\GitHub\EECS443-FinalProject\waveform_generator\waveform_generator.srcs\sources_1\new\Triangle.vhd:]
WARNING: [filemgmt 56-199] Attempt to get parsing info during refresh. "On-the-fly" syntax checking information may be incorrect. [C:\Users\v731v861.HOME\Documents\GitHub\EECS443-FinalProject\waveform_generator\waveform_generator.srcs\sources_1\new\Rectangle.vhd:]
WARNING: [filemgmt 56-199] Attempt to get parsing info during refresh. "On-the-fly" syntax checking information may be incorrect. [C:\Users\v731v861.HOME\Documents\GitHub\EECS443-FinalProject\waveform_generator\waveform_generator.srcs\sources_1\new\Sawtooth.vhd:]
WARNING: [filemgmt 56-199] Attempt to get parsing info during refresh. "On-the-fly" syntax checking information may be incorrect. [C:\Users\v731v861.HOME\Documents\GitHub\EECS443-FinalProject\waveform_generator\waveform_generator.srcs\sim_1\new\Top_tb.vhd:]
WARNING: [filemgmt 56-199] Attempt to get parsing info during refresh. "On-the-fly" syntax checking information may be incorrect. [C:\Users\v731v861.HOME\Documents\GitHub\EECS443-FinalProject\waveform_generator\waveform_generator.srcs\sources_1\new\PhaseAccumulator.vhd:]
WARNING: [filemgmt 56-199] Attempt to get parsing info during refresh. "On-the-fly" syntax checking information may be incorrect. [C:\Users\v731v861.HOME\Documents\GitHub\EECS443-FinalProject\waveform_generator\waveform_generator.srcs\sources_1\new\PhaseAccumulator.vhd:]
WARNING: [filemgmt 56-199] Attempt to get parsing info during refresh. "On-the-fly" syntax checking information may be incorrect. [C:\Users\v731v861.HOME\Documents\GitHub\EECS443-FinalProject\waveform_generator\waveform_generator.srcs\sources_1\new\Sine.vhd:]
WARNING: [filemgmt 56-199] Attempt to get parsing info during refresh. "On-the-fly" syntax checking information may be incorrect. [C:\Users\v731v861.HOME\Documents\GitHub\EECS443-FinalProject\waveform_generator\waveform_generator.srcs\sources_1\new\Top.vhd:]
WARNING: [filemgmt 56-199] Attempt to get parsing info during refresh. "On-the-fly" syntax checking information may be incorrect. [C:\Users\v731v861.HOME\Documents\GitHub\EECS443-FinalProject\waveform_generator\waveform_generator.srcs\sources_1\new\PhaseAccumulator.vhd:]
WARNING: [filemgmt 56-199] Attempt to get parsing info during refresh. "On-the-fly" syntax checking information may be incorrect. [C:\Users\v731v861.HOME\Documents\GitHub\EECS443-FinalProject\waveform_generator\waveform_generator.srcs\sources_1\new\Triangle.vhd:]
WARNING: [filemgmt 56-199] Attempt to get parsing info during refresh. "On-the-fly" syntax checking information may be incorrect. [C:\Users\v731v861.HOME\Documents\GitHub\EECS443-FinalProject\waveform_generator\waveform_generator.srcs\sources_1\new\Rectangle.vhd:]
WARNING: [filemgmt 56-199] Attempt to get parsing info during refresh. "On-the-fly" syntax checking information may be incorrect. [C:\Users\v731v861.HOME\Documents\GitHub\EECS443-FinalProject\waveform_generator\waveform_generator.srcs\sources_1\new\Sawtooth.vhd:]
WARNING: [filemgmt 56-199] Attempt to get parsing info during refresh. "On-the-fly" syntax checking information may be incorrect. [C:\Users\v731v861.HOME\Documents\GitHub\EECS443-FinalProject\waveform_generator\waveform_generator.srcs\sim_1\new\Top_tb.vhd:]
WARNING: [filemgmt 56-199] Attempt to get parsing info during refresh. "On-the-fly" syntax checking information may be incorrect. [C:\Users\v731v861.HOME\Documents\GitHub\EECS443-FinalProject\waveform_generator\waveform_generator.srcs\sim_1\new\Top_tb.vhd:]
WARNING: [filemgmt 56-199] Attempt to get parsing info during refresh. "On-the-fly" syntax checking information may be incorrect. [C:\Users\v731v861.HOME\Documents\GitHub\EECS443-FinalProject\waveform_generator\waveform_generator.srcs\sim_1\new\Top_tb.vhd:]
WARNING: [filemgmt 56-199] Attempt to get parsing info during refresh. "On-the-fly" syntax checking information may be incorrect. [C:\Users\v731v861.HOME\Documents\GitHub\EECS443-FinalProject\waveform_generator\waveform_generator.srcs\sources_1\new\Sine.vhd:]
WARNING: [filemgmt 56-199] Attempt to get parsing info during refresh. "On-the-fly" syntax checking information may be incorrect. [C:\Users\v731v861.HOME\Documents\GitHub\EECS443-FinalProject\waveform_generator\waveform_generator.srcs\sources_1\new\Top.vhd:]
WARNING: [filemgmt 56-199] Attempt to get parsing info during refresh. "On-the-fly" syntax checking information may be incorrect. [C:\Users\v731v861.HOME\Documents\GitHub\EECS443-FinalProject\waveform_generator\waveform_generator.srcs\sources_1\new\PhaseAccumulator.vhd:]
WARNING: [filemgmt 56-199] Attempt to get parsing info during refresh. "On-the-fly" syntax checking information may be incorrect. [C:\Users\v731v861.HOME\Documents\GitHub\EECS443-FinalProject\waveform_generator\waveform_generator.srcs\sources_1\new\Triangle.vhd:]
WARNING: [filemgmt 56-199] Attempt to get parsing info during refresh. "On-the-fly" syntax checking information may be incorrect. [C:\Users\v731v861.HOME\Documents\GitHub\EECS443-FinalProject\waveform_generator\waveform_generator.srcs\sources_1\new\Rectangle.vhd:]
WARNING: [filemgmt 56-199] Attempt to get parsing info during refresh. "On-the-fly" syntax checking information may be incorrect. [C:\Users\v731v861.HOME\Documents\GitHub\EECS443-FinalProject\waveform_generator\waveform_generator.srcs\sources_1\new\Sawtooth.vhd:]
WARNING: [filemgmt 56-199] Attempt to get parsing info during refresh. "On-the-fly" syntax checking information may be incorrect. [C:\Users\v731v861.HOME\Documents\GitHub\EECS443-FinalProject\waveform_generator\waveform_generator.srcs\sim_1\new\Top_tb.vhd:]
WARNING: [filemgmt 56-199] Attempt to get parsing info during refresh. "On-the-fly" syntax checking information may be incorrect. [C:\Users\v731v861.HOME\Documents\GitHub\EECS443-FinalProject\waveform_generator\waveform_generator.srcs\sources_1\new\Sine.vhd:]
WARNING: [filemgmt 56-199] Attempt to get parsing info during refresh. "On-the-fly" syntax checking information may be incorrect. [C:\Users\v731v861.HOME\Documents\GitHub\EECS443-FinalProject\waveform_generator\waveform_generator.srcs\sources_1\new\Sine.vhd:]
WARNING: [filemgmt 56-199] Attempt to get parsing info during refresh. "On-the-fly" syntax checking information may be incorrect. [C:\Users\v731v861.HOME\Documents\GitHub\EECS443-FinalProject\waveform_generator\waveform_generator.srcs\sources_1\new\Sine.vhd:]
WARNING: [filemgmt 56-199] Attempt to get parsing info during refresh. "On-the-fly" syntax checking information may be incorrect. [C:\Users\v731v861.HOME\Documents\GitHub\EECS443-FinalProject\waveform_generator\waveform_generator.srcs\sources_1\new\Top.vhd:]
WARNING: [filemgmt 56-199] Attempt to get parsing info during refresh. "On-the-fly" syntax checking information may be incorrect. [C:\Users\v731v861.HOME\Documents\GitHub\EECS443-FinalProject\waveform_generator\waveform_generator.srcs\sources_1\new\PhaseAccumulator.vhd:]
WARNING: [filemgmt 56-199] Attempt to get parsing info during refresh. "On-the-fly" syntax checking information may be incorrect. [C:\Users\v731v861.HOME\Documents\GitHub\EECS443-FinalProject\waveform_generator\waveform_generator.srcs\sources_1\new\Triangle.vhd:]
WARNING: [filemgmt 56-199] Attempt to get parsing info during refresh. "On-the-fly" syntax checking information may be incorrect. [C:\Users\v731v861.HOME\Documents\GitHub\EECS443-FinalProject\waveform_generator\waveform_generator.srcs\sources_1\new\Rectangle.vhd:]
WARNING: [filemgmt 56-199] Attempt to get parsing info during refresh. "On-the-fly" syntax checking information may be incorrect. [C:\Users\v731v861.HOME\Documents\GitHub\EECS443-FinalProject\waveform_generator\waveform_generator.srcs\sources_1\new\Sawtooth.vhd:]
WARNING: [filemgmt 56-199] Attempt to get parsing info during refresh. "On-the-fly" syntax checking information may be incorrect. [C:\Users\v731v861.HOME\Documents\GitHub\EECS443-FinalProject\waveform_generator\waveform_generator.srcs\sim_1\new\Top_tb.vhd:]
WARNING: [filemgmt 56-199] Attempt to get parsing info during refresh. "On-the-fly" syntax checking information may be incorrect. [C:\Users\v731v861.HOME\Documents\GitHub\EECS443-FinalProject\waveform_generator\waveform_generator.srcs\sources_1\new\Rectangle.vhd:]
WARNING: [filemgmt 56-199] Attempt to get parsing info during refresh. "On-the-fly" syntax checking information may be incorrect. [C:\Users\v731v861.HOME\Documents\GitHub\EECS443-FinalProject\waveform_generator\waveform_generator.srcs\sources_1\new\Rectangle.vhd:]
ERROR: [Common 17-180] Spawn failed: No error
WARNING: [filemgmt 56-199] Attempt to get parsing info during refresh. "On-the-fly" syntax checking information may be incorrect. [C:\Users\v731v861.HOME\Documents\GitHub\EECS443-FinalProject\waveform_generator\waveform_generator.srcs\sources_1\new\Sine.vhd:]
WARNING: [filemgmt 56-199] Attempt to get parsing info during refresh. "On-the-fly" syntax checking information may be incorrect. [C:\Users\v731v861.HOME\Documents\GitHub\EECS443-FinalProject\waveform_generator\waveform_generator.srcs\sources_1\new\Top.vhd:]
WARNING: [filemgmt 56-199] Attempt to get parsing info during refresh. "On-the-fly" syntax checking information may be incorrect. [C:\Users\v731v861.HOME\Documents\GitHub\EECS443-FinalProject\waveform_generator\waveform_generator.srcs\sources_1\new\PhaseAccumulator.vhd:]
WARNING: [filemgmt 56-199] Attempt to get parsing info during refresh. "On-the-fly" syntax checking information may be incorrect. [C:\Users\v731v861.HOME\Documents\GitHub\EECS443-FinalProject\waveform_generator\waveform_generator.srcs\sources_1\new\Triangle.vhd:]
WARNING: [filemgmt 56-199] Attempt to get parsing info during refresh. "On-the-fly" syntax checking information may be incorrect. [C:\Users\v731v861.HOME\Documents\GitHub\EECS443-FinalProject\waveform_generator\waveform_generator.srcs\sources_1\new\Rectangle.vhd:]
WARNING: [filemgmt 56-199] Attempt to get parsing info during refresh. "On-the-fly" syntax checking information may be incorrect. [C:\Users\v731v861.HOME\Documents\GitHub\EECS443-FinalProject\waveform_generator\waveform_generator.srcs\sources_1\new\Sawtooth.vhd:]
WARNING: [filemgmt 56-199] Attempt to get parsing info during refresh. "On-the-fly" syntax checking information may be incorrect. [C:\Users\v731v861.HOME\Documents\GitHub\EECS443-FinalProject\waveform_generator\waveform_generator.srcs\sim_1\new\Top_tb.vhd:]
WARNING: [filemgmt 56-199] Attempt to get parsing info during refresh. "On-the-fly" syntax checking information may be incorrect. [C:\Users\v731v861.HOME\Documents\GitHub\EECS443-FinalProject\waveform_generator\waveform_generator.srcs\sources_1\new\Top.vhd:]
WARNING: [filemgmt 56-199] Attempt to get parsing info during refresh. "On-the-fly" syntax checking information may be incorrect. [C:\Users\v731v861.HOME\Documents\GitHub\EECS443-FinalProject\waveform_generator\waveform_generator.srcs\sources_1\new\Top.vhd:]
ERROR: [Common 17-180] Spawn failed: No error
WARNING: [filemgmt 56-199] Attempt to get parsing info during refresh. "On-the-fly" syntax checking information may be incorrect. [C:\Users\v731v861.HOME\Documents\GitHub\EECS443-FinalProject\waveform_generator\waveform_generator.srcs\sources_1\new\Sine.vhd:]
WARNING: [filemgmt 56-199] Attempt to get parsing info during refresh. "On-the-fly" syntax checking information may be incorrect. [C:\Users\v731v861.HOME\Documents\GitHub\EECS443-FinalProject\waveform_generator\waveform_generator.srcs\sources_1\new\Top.vhd:]
WARNING: [filemgmt 56-199] Attempt to get parsing info during refresh. "On-the-fly" syntax checking information may be incorrect. [C:\Users\v731v861.HOME\Documents\GitHub\EECS443-FinalProject\waveform_generator\waveform_generator.srcs\sources_1\new\PhaseAccumulator.vhd:]
WARNING: [filemgmt 56-199] Attempt to get parsing info during refresh. "On-the-fly" syntax checking information may be incorrect. [C:\Users\v731v861.HOME\Documents\GitHub\EECS443-FinalProject\waveform_generator\waveform_generator.srcs\sources_1\new\Triangle.vhd:]
WARNING: [filemgmt 56-199] Attempt to get parsing info during refresh. "On-the-fly" syntax checking information may be incorrect. [C:\Users\v731v861.HOME\Documents\GitHub\EECS443-FinalProject\waveform_generator\waveform_generator.srcs\sources_1\new\Rectangle.vhd:]
WARNING: [filemgmt 56-199] Attempt to get parsing info during refresh. "On-the-fly" syntax checking information may be incorrect. [C:\Users\v731v861.HOME\Documents\GitHub\EECS443-FinalProject\waveform_generator\waveform_generator.srcs\sources_1\new\Sawtooth.vhd:]
WARNING: [filemgmt 56-199] Attempt to get parsing info during refresh. "On-the-fly" syntax checking information may be incorrect. [C:\Users\v731v861.HOME\Documents\GitHub\EECS443-FinalProject\waveform_generator\waveform_generator.srcs\sim_1\new\Top_tb.vhd:]
WARNING: [filemgmt 56-199] Attempt to get parsing info during refresh. "On-the-fly" syntax checking information may be incorrect. [C:\Users\v731v861.HOME\Documents\GitHub\EECS443-FinalProject\waveform_generator\waveform_generator.srcs\sources_1\new\Triangle.vhd:]
WARNING: [filemgmt 56-199] Attempt to get parsing info during refresh. "On-the-fly" syntax checking information may be incorrect. [C:\Users\v731v861.HOME\Documents\GitHub\EECS443-FinalProject\waveform_generator\waveform_generator.srcs\sources_1\new\Triangle.vhd:]
ERROR: [Common 17-180] Spawn failed: No error
launch_simulation
Command: launch_simulation 
INFO: [Vivado 12-12493] Simulation top is 'Top_tb'
WARNING: [Vivado 12-13340] Unable to auto find GCC executables from simulator install path! (path not set)
INFO: [Vivado 12-5682] Launching behavioral simulation in 'C:/Users/v731v861.HOME/Documents/GitHub/EECS443-FinalProject/waveform_generator/waveform_generator.sim/sim_1/behav/xsim'
INFO: [SIM-utils-51] Simulation object is 'sim_1'
INFO: [SIM-utils-72] Using boost library from 'C:/Xilinx/Vivado/2024.2/tps/boost_1_72_0'
INFO: [SIM-utils-54] Inspecting design source files for 'Top_tb' in fileset 'sim_1'...
INFO: [USF-XSim-97] Finding global include files...
INFO: [USF-XSim-98] Fetching design files from 'sim_1'...
INFO: [USF-XSim-2] XSim::Compile design
INFO: [USF-XSim-61] Executing 'COMPILE and ANALYZE' step in 'C:/Users/v731v861.HOME/Documents/GitHub/EECS443-FinalProject/waveform_generator/waveform_generator.sim/sim_1/behav/xsim'
"xvhdl --incr --relax -prj Top_tb_vhdl.prj"
INFO: [VRFC 10-163] Analyzing VHDL file "C:/Users/v731v861.HOME/Documents/GitHub/EECS443-FinalProject/waveform_generator/waveform_generator.srcs/sim_1/new/Top_tb.vhd" into library xil_defaultlib
INFO: [VRFC 10-3107] analyzing entity 'Top_tb'
INFO: [USF-XSim-69] 'compile' step finished in '2' seconds
INFO: [USF-XSim-3] XSim::Elaborate design
INFO: [USF-XSim-61] Executing 'ELABORATE' step in 'C:/Users/v731v861.HOME/Documents/GitHub/EECS443-FinalProject/waveform_generator/waveform_generator.sim/sim_1/behav/xsim'
"xelab --incr --debug typical --relax --mt 2 -L xil_defaultlib -L secureip --snapshot Top_tb_behav xil_defaultlib.Top_tb -log elaborate.log"
Vivado Simulator v2024.2.0
Copyright 1986-2022 Xilinx, Inc. All Rights Reserved.
Copyright 2022-2024 Advanced Micro Devices, Inc. All Rights Reserved.
Running: C:/Xilinx/Vivado/2024.2/bin/unwrapped/win64.o/xelab.exe --incr --debug typical --relax --mt 2 -L xil_defaultlib -L secureip --snapshot Top_tb_behav xil_defaultlib.Top_tb -log elaborate.log 
Using 2 slave threads.
Starting static elaboration
Completed static elaboration
Starting simulation data flow analysis
Completed simulation data flow analysis
Time Resolution for simulation is 1ps
Compiling package std.standard
Compiling package std.textio
Compiling package ieee.std_logic_1164
Compiling package ieee.numeric_std
Compiling architecture behavioral of entity xil_defaultlib.PhaseAccumulator [phaseaccumulator_default]
Compiling architecture behavioral of entity xil_defaultlib.Rectangle [rectangle_default]
Compiling architecture behavioral of entity xil_defaultlib.Sawtooth [sawtooth_default]
Compiling architecture behavioral of entity xil_defaultlib.Sine [sine_default]
Compiling architecture behavioral of entity xil_defaultlib.Triangle [triangle_default]
Compiling architecture behavioral of entity xil_defaultlib.Top [top_default]
Compiling architecture behavioral of entity xil_defaultlib.top_tb
Built simulation snapshot Top_tb_behav
INFO: [USF-XSim-69] 'elaborate' step finished in '3' seconds
INFO: [USF-XSim-4] XSim::Simulate design
INFO: [USF-XSim-61] Executing 'SIMULATE' step in 'C:/Users/v731v861.HOME/Documents/GitHub/EECS443-FinalProject/waveform_generator/waveform_generator.sim/sim_1/behav/xsim'
INFO: [USF-XSim-98] *** Running xsim
   with args "Top_tb_behav -key {Behavioral:sim_1:Functional:Top_tb} -tclbatch {Top_tb.tcl} -log {simulate.log}"
INFO: [USF-XSim-8] Loading simulator feature
Time resolution is 1 ps
source Top_tb.tcl
# set curr_wave [current_wave_config]
# if { [string length $curr_wave] == 0 } {
#   if { [llength [get_objects]] > 0} {
#     add_wave /
#     set_property needs_save false [current_wave_config]
#   } else {
#      send_msg_id Add_Wave-1 WARNING "No top level signals found. Simulator will start without a wave window. If you want to open a wave window go to 'File->New Waveform Configuration' or type 'create_wave_config' in the TCL console."
#   }
# }
# run 10us
INFO: [USF-XSim-96] XSim completed. Design snapshot 'Top_tb_behav' loaded.
INFO: [USF-XSim-97] XSim simulation ran for 10us
launch_simulation: Time (s): cpu = 00:00:03 ; elapsed = 00:00:09 . Memory (MB): peak = 1373.148 ; gain = 0.000
save_wave_config {C:/Users/v731v861.HOME/Documents/GitHub/EECS443-FinalProject/waveform_generator/Top_tb_behav.wcfg}
add_files -fileset sim_1 -norecurse C:/Users/v731v861.HOME/Documents/GitHub/EECS443-FinalProject/waveform_generator/Top_tb_behav.wcfg
set_property xsim.view C:/Users/v731v861.HOME/Documents/GitHub/EECS443-FinalProject/waveform_generator/Top_tb_behav.wcfg [get_filesets sim_1]
close_sim
WARNING: [filemgmt 56-199] Attempt to get parsing info during refresh. "On-the-fly" syntax checking information may be incorrect. [C:\Users\v731v861.HOME\Documents\GitHub\EECS443-FinalProject\waveform_generator\waveform_generator.srcs\sources_1\new\Sine.vhd:]
WARNING: [filemgmt 56-199] Attempt to get parsing info during refresh. "On-the-fly" syntax checking information may be incorrect. [C:\Users\v731v861.HOME\Documents\GitHub\EECS443-FinalProject\waveform_generator\waveform_generator.srcs\sources_1\new\Top.vhd:]
WARNING: [filemgmt 56-199] Attempt to get parsing info during refresh. "On-the-fly" syntax checking information may be incorrect. [C:\Users\v731v861.HOME\Documents\GitHub\EECS443-FinalProject\waveform_generator\waveform_generator.srcs\sources_1\new\PhaseAccumulator.vhd:]
WARNING: [filemgmt 56-199] Attempt to get parsing info during refresh. "On-the-fly" syntax checking information may be incorrect. [C:\Users\v731v861.HOME\Documents\GitHub\EECS443-FinalProject\waveform_generator\waveform_generator.srcs\sources_1\new\Triangle.vhd:]
WARNING: [filemgmt 56-199] Attempt to get parsing info during refresh. "On-the-fly" syntax checking information may be incorrect. [C:\Users\v731v861.HOME\Documents\GitHub\EECS443-FinalProject\waveform_generator\waveform_generator.srcs\sources_1\new\Rectangle.vhd:]
WARNING: [filemgmt 56-199] Attempt to get parsing info during refresh. "On-the-fly" syntax checking information may be incorrect. [C:\Users\v731v861.HOME\Documents\GitHub\EECS443-FinalProject\waveform_generator\waveform_generator.srcs\sources_1\new\Sawtooth.vhd:]
WARNING: [filemgmt 56-199] Attempt to get parsing info during refresh. "On-the-fly" syntax checking information may be incorrect. [C:\Users\v731v861.HOME\Documents\GitHub\EECS443-FinalProject\waveform_generator\waveform_generator.srcs\sim_1\new\Top_tb.vhd:]
WARNING: [filemgmt 56-199] Attempt to get parsing info during refresh. "On-the-fly" syntax checking information may be incorrect. [C:\Users\v731v861.HOME\Documents\GitHub\EECS443-FinalProject\waveform_generator\waveform_generator.srcs\sources_1\new\PhaseAccumulator.vhd:]
WARNING: [filemgmt 56-199] Attempt to get parsing info during refresh. "On-the-fly" syntax checking information may be incorrect. [C:\Users\v731v861.HOME\Documents\GitHub\EECS443-FinalProject\waveform_generator\waveform_generator.srcs\sources_1\new\PhaseAccumulator.vhd:]
WARNING: [filemgmt 56-199] Attempt to get parsing info during refresh. "On-the-fly" syntax checking information may be incorrect. [C:\Users\v731v861.HOME\Documents\GitHub\EECS443-FinalProject\waveform_generator\waveform_generator.srcs\sources_1\new\Sine.vhd:]
WARNING: [filemgmt 56-199] Attempt to get parsing info during refresh. "On-the-fly" syntax checking information may be incorrect. [C:\Users\v731v861.HOME\Documents\GitHub\EECS443-FinalProject\waveform_generator\waveform_generator.srcs\sources_1\new\Top.vhd:]
WARNING: [filemgmt 56-199] Attempt to get parsing info during refresh. "On-the-fly" syntax checking information may be incorrect. [C:\Users\v731v861.HOME\Documents\GitHub\EECS443-FinalProject\waveform_generator\waveform_generator.srcs\sources_1\new\PhaseAccumulator.vhd:]
WARNING: [filemgmt 56-199] Attempt to get parsing info during refresh. "On-the-fly" syntax checking information may be incorrect. [C:\Users\v731v861.HOME\Documents\GitHub\EECS443-FinalProject\waveform_generator\waveform_generator.srcs\sources_1\new\Triangle.vhd:]
WARNING: [filemgmt 56-199] Attempt to get parsing info during refresh. "On-the-fly" syntax checking information may be incorrect. [C:\Users\v731v861.HOME\Documents\GitHub\EECS443-FinalProject\waveform_generator\waveform_generator.srcs\sources_1\new\Rectangle.vhd:]
WARNING: [filemgmt 56-199] Attempt to get parsing info during refresh. "On-the-fly" syntax checking information may be incorrect. [C:\Users\v731v861.HOME\Documents\GitHub\EECS443-FinalProject\waveform_generator\waveform_generator.srcs\sources_1\new\Sawtooth.vhd:]
WARNING: [filemgmt 56-199] Attempt to get parsing info during refresh. "On-the-fly" syntax checking information may be incorrect. [C:\Users\v731v861.HOME\Documents\GitHub\EECS443-FinalProject\waveform_generator\waveform_generator.srcs\sim_1\new\Top_tb.vhd:]
WARNING: [filemgmt 56-199] Attempt to get parsing info during refresh. "On-the-fly" syntax checking information may be incorrect. [C:\Users\v731v861.HOME\Documents\GitHub\EECS443-FinalProject\waveform_generator\waveform_generator.srcs\sources_1\new\Triangle.vhd:]
WARNING: [filemgmt 56-199] Attempt to get parsing info during refresh. "On-the-fly" syntax checking information may be incorrect. [C:\Users\v731v861.HOME\Documents\GitHub\EECS443-FinalProject\waveform_generator\waveform_generator.srcs\sources_1\new\Triangle.vhd:]
WARNING: [filemgmt 56-199] Attempt to get parsing info during refresh. "On-the-fly" syntax checking information may be incorrect. [C:\Users\v731v861.HOME\Documents\GitHub\EECS443-FinalProject\waveform_generator\waveform_generator.srcs\sources_1\new\Sine.vhd:]
WARNING: [filemgmt 56-199] Attempt to get parsing info during refresh. "On-the-fly" syntax checking information may be incorrect. [C:\Users\v731v861.HOME\Documents\GitHub\EECS443-FinalProject\waveform_generator\waveform_generator.srcs\sources_1\new\Top.vhd:]
WARNING: [filemgmt 56-199] Attempt to get parsing info during refresh. "On-the-fly" syntax checking information may be incorrect. [C:\Users\v731v861.HOME\Documents\GitHub\EECS443-FinalProject\waveform_generator\waveform_generator.srcs\sources_1\new\PhaseAccumulator.vhd:]
WARNING: [filemgmt 56-199] Attempt to get parsing info during refresh. "On-the-fly" syntax checking information may be incorrect. [C:\Users\v731v861.HOME\Documents\GitHub\EECS443-FinalProject\waveform_generator\waveform_generator.srcs\sources_1\new\Triangle.vhd:]
WARNING: [filemgmt 56-199] Attempt to get parsing info during refresh. "On-the-fly" syntax checking information may be incorrect. [C:\Users\v731v861.HOME\Documents\GitHub\EECS443-FinalProject\waveform_generator\waveform_generator.srcs\sources_1\new\Rectangle.vhd:]
WARNING: [filemgmt 56-199] Attempt to get parsing info during refresh. "On-the-fly" syntax checking information may be incorrect. [C:\Users\v731v861.HOME\Documents\GitHub\EECS443-FinalProject\waveform_generator\waveform_generator.srcs\sources_1\new\Sawtooth.vhd:]
WARNING: [filemgmt 56-199] Attempt to get parsing info during refresh. "On-the-fly" syntax checking information may be incorrect. [C:\Users\v731v861.HOME\Documents\GitHub\EECS443-FinalProject\waveform_generator\waveform_generator.srcs\sim_1\new\Top_tb.vhd:]
WARNING: [filemgmt 56-199] Attempt to get parsing info during refresh. "On-the-fly" syntax checking information may be incorrect. [C:\Users\v731v861.HOME\Documents\GitHub\EECS443-FinalProject\waveform_generator\waveform_generator.srcs\sources_1\new\Sawtooth.vhd:]
WARNING: [filemgmt 56-199] Attempt to get parsing info during refresh. "On-the-fly" syntax checking information may be incorrect. [C:\Users\v731v861.HOME\Documents\GitHub\EECS443-FinalProject\waveform_generator\waveform_generator.srcs\sources_1\new\Sawtooth.vhd:]
INFO: [Simtcl 6-16] Simulation closed
WARNING: [filemgmt 56-199] Attempt to get parsing info during refresh. "On-the-fly" syntax checking information may be incorrect. [C:\Users\v731v861.HOME\Documents\GitHub\EECS443-FinalProject\waveform_generator\waveform_generator.srcs\sources_1\new\Sine.vhd:]
WARNING: [filemgmt 56-199] Attempt to get parsing info during refresh. "On-the-fly" syntax checking information may be incorrect. [C:\Users\v731v861.HOME\Documents\GitHub\EECS443-FinalProject\waveform_generator\waveform_generator.srcs\sources_1\new\Top.vhd:]
WARNING: [filemgmt 56-199] Attempt to get parsing info during refresh. "On-the-fly" syntax checking information may be incorrect. [C:\Users\v731v861.HOME\Documents\GitHub\EECS443-FinalProject\waveform_generator\waveform_generator.srcs\sources_1\new\PhaseAccumulator.vhd:]
WARNING: [filemgmt 56-199] Attempt to get parsing info during refresh. "On-the-fly" syntax checking information may be incorrect. [C:\Users\v731v861.HOME\Documents\GitHub\EECS443-FinalProject\waveform_generator\waveform_generator.srcs\sources_1\new\Triangle.vhd:]
WARNING: [filemgmt 56-199] Attempt to get parsing info during refresh. "On-the-fly" syntax checking information may be incorrect. [C:\Users\v731v861.HOME\Documents\GitHub\EECS443-FinalProject\waveform_generator\waveform_generator.srcs\sources_1\new\Rectangle.vhd:]
WARNING: [filemgmt 56-199] Attempt to get parsing info during refresh. "On-the-fly" syntax checking information may be incorrect. [C:\Users\v731v861.HOME\Documents\GitHub\EECS443-FinalProject\waveform_generator\waveform_generator.srcs\sources_1\new\Sawtooth.vhd:]
WARNING: [filemgmt 56-199] Attempt to get parsing info during refresh. "On-the-fly" syntax checking information may be incorrect. [C:\Users\v731v861.HOME\Documents\GitHub\EECS443-FinalProject\waveform_generator\waveform_generator.srcs\sim_1\new\Top_tb.vhd:]
WARNING: [filemgmt 56-199] Attempt to get parsing info during refresh. "On-the-fly" syntax checking information may be incorrect. [C:\Users\v731v861.HOME\Documents\GitHub\EECS443-FinalProject\waveform_generator\waveform_generator.srcs\sources_1\new\Top.vhd:]
WARNING: [filemgmt 56-199] Attempt to get parsing info during refresh. "On-the-fly" syntax checking information may be incorrect. [C:\Users\v731v861.HOME\Documents\GitHub\EECS443-FinalProject\waveform_generator\waveform_generator.srcs\sources_1\new\Top.vhd:]
WARNING: [filemgmt 56-199] Attempt to get parsing info during refresh. "On-the-fly" syntax checking information may be incorrect. [C:\Users\v731v861.HOME\Documents\GitHub\EECS443-FinalProject\waveform_generator\waveform_generator.srcs\sources_1\new\Sine.vhd:]
WARNING: [filemgmt 56-199] Attempt to get parsing info during refresh. "On-the-fly" syntax checking information may be incorrect. [C:\Users\v731v861.HOME\Documents\GitHub\EECS443-FinalProject\waveform_generator\waveform_generator.srcs\sources_1\new\Top.vhd:]
WARNING: [filemgmt 56-199] Attempt to get parsing info during refresh. "On-the-fly" syntax checking information may be incorrect. [C:\Users\v731v861.HOME\Documents\GitHub\EECS443-FinalProject\waveform_generator\waveform_generator.srcs\sources_1\new\PhaseAccumulator.vhd:]
WARNING: [filemgmt 56-199] Attempt to get parsing info during refresh. "On-the-fly" syntax checking information may be incorrect. [C:\Users\v731v861.HOME\Documents\GitHub\EECS443-FinalProject\waveform_generator\waveform_generator.srcs\sources_1\new\Triangle.vhd:]
WARNING: [filemgmt 56-199] Attempt to get parsing info during refresh. "On-the-fly" syntax checking information may be incorrect. [C:\Users\v731v861.HOME\Documents\GitHub\EECS443-FinalProject\waveform_generator\waveform_generator.srcs\sources_1\new\Rectangle.vhd:]
WARNING: [filemgmt 56-199] Attempt to get parsing info during refresh. "On-the-fly" syntax checking information may be incorrect. [C:\Users\v731v861.HOME\Documents\GitHub\EECS443-FinalProject\waveform_generator\waveform_generator.srcs\sources_1\new\Sawtooth.vhd:]
WARNING: [filemgmt 56-199] Attempt to get parsing info during refresh. "On-the-fly" syntax checking information may be incorrect. [C:\Users\v731v861.HOME\Documents\GitHub\EECS443-FinalProject\waveform_generator\waveform_generator.srcs\sim_1\new\Top_tb.vhd:]
WARNING: [filemgmt 56-199] Attempt to get parsing info during refresh. "On-the-fly" syntax checking information may be incorrect. [C:\Users\v731v861.HOME\Documents\GitHub\EECS443-FinalProject\waveform_generator\waveform_generator.srcs\sim_1\new\Top_tb.vhd:]
WARNING: [filemgmt 56-199] Attempt to get parsing info during refresh. "On-the-fly" syntax checking information may be incorrect. [C:\Users\v731v861.HOME\Documents\GitHub\EECS443-FinalProject\waveform_generator\waveform_generator.srcs\sim_1\new\Top_tb.vhd:]
WARNING: [filemgmt 56-199] Attempt to get parsing info during refresh. "On-the-fly" syntax checking information may be incorrect. [C:\Users\v731v861.HOME\Documents\GitHub\EECS443-FinalProject\waveform_generator\waveform_generator.srcs\sources_1\new\Sine.vhd:]
WARNING: [filemgmt 56-199] Attempt to get parsing info during refresh. "On-the-fly" syntax checking information may be incorrect. [C:\Users\v731v861.HOME\Documents\GitHub\EECS443-FinalProject\waveform_generator\waveform_generator.srcs\sources_1\new\Top.vhd:]
WARNING: [filemgmt 56-199] Attempt to get parsing info during refresh. "On-the-fly" syntax checking information may be incorrect. [C:\Users\v731v861.HOME\Documents\GitHub\EECS443-FinalProject\waveform_generator\waveform_generator.srcs\sources_1\new\PhaseAccumulator.vhd:]
WARNING: [filemgmt 56-199] Attempt to get parsing info during refresh. "On-the-fly" syntax checking information may be incorrect. [C:\Users\v731v861.HOME\Documents\GitHub\EECS443-FinalProject\waveform_generator\waveform_generator.srcs\sources_1\new\Triangle.vhd:]
WARNING: [filemgmt 56-199] Attempt to get parsing info during refresh. "On-the-fly" syntax checking information may be incorrect. [C:\Users\v731v861.HOME\Documents\GitHub\EECS443-FinalProject\waveform_generator\waveform_generator.srcs\sources_1\new\Rectangle.vhd:]
WARNING: [filemgmt 56-199] Attempt to get parsing info during refresh. "On-the-fly" syntax checking information may be incorrect. [C:\Users\v731v861.HOME\Documents\GitHub\EECS443-FinalProject\waveform_generator\waveform_generator.srcs\sources_1\new\Sawtooth.vhd:]
WARNING: [filemgmt 56-199] Attempt to get parsing info during refresh. "On-the-fly" syntax checking information may be incorrect. [C:\Users\v731v861.HOME\Documents\GitHub\EECS443-FinalProject\waveform_generator\waveform_generator.srcs\sim_1\new\Top_tb.vhd:]
WARNING: [filemgmt 56-199] Attempt to get parsing info during refresh. "On-the-fly" syntax checking information may be incorrect. [C:\Users\v731v861.HOME\Documents\GitHub\EECS443-FinalProject\waveform_generator\waveform_generator.srcs\sources_1\new\Sine.vhd:]
WARNING: [filemgmt 56-199] Attempt to get parsing info during refresh. "On-the-fly" syntax checking information may be incorrect. [C:\Users\v731v861.HOME\Documents\GitHub\EECS443-FinalProject\waveform_generator\waveform_generator.srcs\sources_1\new\Sine.vhd:]
ERROR: [Common 17-180] Spawn failed: No error
close [ open C:/Users/v731v861.HOME/Documents/GitHub/EECS443-FinalProject/waveform_generator/waveform_generator.srcs/sources_1/new/clock_divider.vhd w ]
add_files C:/Users/v731v861.HOME/Documents/GitHub/EECS443-FinalProject/waveform_generator/waveform_generator.srcs/sources_1/new/clock_divider.vhd
WARNING: [filemgmt 56-199] Attempt to get parsing info during refresh. "On-the-fly" syntax checking information may be incorrect. [C:\Users\v731v861.HOME\Documents\GitHub\EECS443-FinalProject\waveform_generator\waveform_generator.srcs\sources_1\new\Sine.vhd:]
WARNING: [filemgmt 56-199] Attempt to get parsing info during refresh. "On-the-fly" syntax checking information may be incorrect. [C:\Users\v731v861.HOME\Documents\GitHub\EECS443-FinalProject\waveform_generator\waveform_generator.srcs\sources_1\new\Top.vhd:]
WARNING: [filemgmt 56-199] Attempt to get parsing info during refresh. "On-the-fly" syntax checking information may be incorrect. [C:\Users\v731v861.HOME\Documents\GitHub\EECS443-FinalProject\waveform_generator\waveform_generator.srcs\sources_1\new\PhaseAccumulator.vhd:]
WARNING: [filemgmt 56-199] Attempt to get parsing info during refresh. "On-the-fly" syntax checking information may be incorrect. [C:\Users\v731v861.HOME\Documents\GitHub\EECS443-FinalProject\waveform_generator\waveform_generator.srcs\sources_1\new\Triangle.vhd:]
WARNING: [filemgmt 56-199] Attempt to get parsing info during refresh. "On-the-fly" syntax checking information may be incorrect. [C:\Users\v731v861.HOME\Documents\GitHub\EECS443-FinalProject\waveform_generator\waveform_generator.srcs\sources_1\new\Rectangle.vhd:]
WARNING: [filemgmt 56-199] Attempt to get parsing info during refresh. "On-the-fly" syntax checking information may be incorrect. [C:\Users\v731v861.HOME\Documents\GitHub\EECS443-FinalProject\waveform_generator\waveform_generator.srcs\sources_1\new\Sawtooth.vhd:]
WARNING: [filemgmt 56-199] Attempt to get parsing info during refresh. "On-the-fly" syntax checking information may be incorrect. [C:\Users\v731v861.HOME\Documents\GitHub\EECS443-FinalProject\waveform_generator\waveform_generator.srcs\sim_1\new\Top_tb.vhd:]
WARNING: [filemgmt 56-199] Attempt to get parsing info during refresh. "On-the-fly" syntax checking information may be incorrect. [C:\Users\v731v861.HOME\Documents\GitHub\EECS443-FinalProject\waveform_generator\waveform_generator.srcs\sources_1\new\PhaseAccumulator.vhd:]
WARNING: [filemgmt 56-199] Attempt to get parsing info during refresh. "On-the-fly" syntax checking information may be incorrect. [C:\Users\v731v861.HOME\Documents\GitHub\EECS443-FinalProject\waveform_generator\waveform_generator.srcs\sources_1\new\PhaseAccumulator.vhd:]
WARNING: [filemgmt 56-199] Attempt to get parsing info during refresh. "On-the-fly" syntax checking information may be incorrect. [C:\Users\v731v861.HOME\Documents\GitHub\EECS443-FinalProject\waveform_generator\waveform_generator.srcs\sources_1\new\Sine.vhd:]
WARNING: [filemgmt 56-199] Attempt to get parsing info during refresh. "On-the-fly" syntax checking information may be incorrect. [C:\Users\v731v861.HOME\Documents\GitHub\EECS443-FinalProject\waveform_generator\waveform_generator.srcs\sources_1\new\Top.vhd:]
WARNING: [filemgmt 56-199] Attempt to get parsing info during refresh. "On-the-fly" syntax checking information may be incorrect. [C:\Users\v731v861.HOME\Documents\GitHub\EECS443-FinalProject\waveform_generator\waveform_generator.srcs\sources_1\new\PhaseAccumulator.vhd:]
WARNING: [filemgmt 56-199] Attempt to get parsing info during refresh. "On-the-fly" syntax checking information may be incorrect. [C:\Users\v731v861.HOME\Documents\GitHub\EECS443-FinalProject\waveform_generator\waveform_generator.srcs\sources_1\new\Triangle.vhd:]
WARNING: [filemgmt 56-199] Attempt to get parsing info during refresh. "On-the-fly" syntax checking information may be incorrect. [C:\Users\v731v861.HOME\Documents\GitHub\EECS443-FinalProject\waveform_generator\waveform_generator.srcs\sources_1\new\Rectangle.vhd:]
WARNING: [filemgmt 56-199] Attempt to get parsing info during refresh. "On-the-fly" syntax checking information may be incorrect. [C:\Users\v731v861.HOME\Documents\GitHub\EECS443-FinalProject\waveform_generator\waveform_generator.srcs\sources_1\new\Sawtooth.vhd:]
WARNING: [filemgmt 56-199] Attempt to get parsing info during refresh. "On-the-fly" syntax checking information may be incorrect. [C:\Users\v731v861.HOME\Documents\GitHub\EECS443-FinalProject\waveform_generator\waveform_generator.srcs\sim_1\new\Top_tb.vhd:]
WARNING: [filemgmt 56-199] Attempt to get parsing info during refresh. "On-the-fly" syntax checking information may be incorrect. [C:\Users\v731v861.HOME\Documents\GitHub\EECS443-FinalProject\waveform_generator\waveform_generator.srcs\sources_1\new\Triangle.vhd:]
WARNING: [filemgmt 56-199] Attempt to get parsing info during refresh. "On-the-fly" syntax checking information may be incorrect. [C:\Users\v731v861.HOME\Documents\GitHub\EECS443-FinalProject\waveform_generator\waveform_generator.srcs\sources_1\new\Triangle.vhd:]
WARNING: [filemgmt 56-199] Attempt to get parsing info during refresh. "On-the-fly" syntax checking information may be incorrect. [C:\Users\v731v861.HOME\Documents\GitHub\EECS443-FinalProject\waveform_generator\waveform_generator.srcs\sources_1\new\Sine.vhd:]
WARNING: [filemgmt 56-199] Attempt to get parsing info during refresh. "On-the-fly" syntax checking information may be incorrect. [C:\Users\v731v861.HOME\Documents\GitHub\EECS443-FinalProject\waveform_generator\waveform_generator.srcs\sources_1\new\Top.vhd:]
WARNING: [filemgmt 56-199] Attempt to get parsing info during refresh. "On-the-fly" syntax checking information may be incorrect. [C:\Users\v731v861.HOME\Documents\GitHub\EECS443-FinalProject\waveform_generator\waveform_generator.srcs\sources_1\new\PhaseAccumulator.vhd:]
WARNING: [filemgmt 56-199] Attempt to get parsing info during refresh. "On-the-fly" syntax checking information may be incorrect. [C:\Users\v731v861.HOME\Documents\GitHub\EECS443-FinalProject\waveform_generator\waveform_generator.srcs\sources_1\new\Triangle.vhd:]
WARNING: [filemgmt 56-199] Attempt to get parsing info during refresh. "On-the-fly" syntax checking information may be incorrect. [C:\Users\v731v861.HOME\Documents\GitHub\EECS443-FinalProject\waveform_generator\waveform_generator.srcs\sources_1\new\Rectangle.vhd:]
WARNING: [filemgmt 56-199] Attempt to get parsing info during refresh. "On-the-fly" syntax checking information may be incorrect. [C:\Users\v731v861.HOME\Documents\GitHub\EECS443-FinalProject\waveform_generator\waveform_generator.srcs\sources_1\new\Sawtooth.vhd:]
WARNING: [filemgmt 56-199] Attempt to get parsing info during refresh. "On-the-fly" syntax checking information may be incorrect. [C:\Users\v731v861.HOME\Documents\GitHub\EECS443-FinalProject\waveform_generator\waveform_generator.srcs\sim_1\new\Top_tb.vhd:]
WARNING: [filemgmt 56-199] Attempt to get parsing info during refresh. "On-the-fly" syntax checking information may be incorrect. [C:\Users\v731v861.HOME\Documents\GitHub\EECS443-FinalProject\waveform_generator\waveform_generator.srcs\sources_1\new\Sawtooth.vhd:]
WARNING: [filemgmt 56-199] Attempt to get parsing info during refresh. "On-the-fly" syntax checking information may be incorrect. [C:\Users\v731v861.HOME\Documents\GitHub\EECS443-FinalProject\waveform_generator\waveform_generator.srcs\sources_1\new\Sawtooth.vhd:]
WARNING: [filemgmt 56-199] Attempt to get parsing info during refresh. "On-the-fly" syntax checking information may be incorrect. [C:\Users\v731v861.HOME\Documents\GitHub\EECS443-FinalProject\waveform_generator\waveform_generator.srcs\sources_1\new\Sine.vhd:]
WARNING: [filemgmt 56-199] Attempt to get parsing info during refresh. "On-the-fly" syntax checking information may be incorrect. [C:\Users\v731v861.HOME\Documents\GitHub\EECS443-FinalProject\waveform_generator\waveform_generator.srcs\sources_1\new\Top.vhd:]
WARNING: [filemgmt 56-199] Attempt to get parsing info during refresh. "On-the-fly" syntax checking information may be incorrect. [C:\Users\v731v861.HOME\Documents\GitHub\EECS443-FinalProject\waveform_generator\waveform_generator.srcs\sources_1\new\PhaseAccumulator.vhd:]
WARNING: [filemgmt 56-199] Attempt to get parsing info during refresh. "On-the-fly" syntax checking information may be incorrect. [C:\Users\v731v861.HOME\Documents\GitHub\EECS443-FinalProject\waveform_generator\waveform_generator.srcs\sources_1\new\Triangle.vhd:]
WARNING: [filemgmt 56-199] Attempt to get parsing info during refresh. "On-the-fly" syntax checking information may be incorrect. [C:\Users\v731v861.HOME\Documents\GitHub\EECS443-FinalProject\waveform_generator\waveform_generator.srcs\sources_1\new\Rectangle.vhd:]
WARNING: [filemgmt 56-199] Attempt to get parsing info during refresh. "On-the-fly" syntax checking information may be incorrect. [C:\Users\v731v861.HOME\Documents\GitHub\EECS443-FinalProject\waveform_generator\waveform_generator.srcs\sources_1\new\Sawtooth.vhd:]
WARNING: [filemgmt 56-199] Attempt to get parsing info during refresh. "On-the-fly" syntax checking information may be incorrect. [C:\Users\v731v861.HOME\Documents\GitHub\EECS443-FinalProject\waveform_generator\waveform_generator.srcs\sim_1\new\Top_tb.vhd:]
WARNING: [filemgmt 56-199] Attempt to get parsing info during refresh. "On-the-fly" syntax checking information may be incorrect. [C:\Users\v731v861.HOME\Documents\GitHub\EECS443-FinalProject\waveform_generator\waveform_generator.srcs\sim_1\new\Top_tb.vhd:]
WARNING: [filemgmt 56-199] Attempt to get parsing info during refresh. "On-the-fly" syntax checking information may be incorrect. [C:\Users\v731v861.HOME\Documents\GitHub\EECS443-FinalProject\waveform_generator\waveform_generator.srcs\sim_1\new\Top_tb.vhd:]
WARNING: [filemgmt 56-199] Attempt to get parsing info during refresh. "On-the-fly" syntax checking information may be incorrect. [C:\Users\v731v861.HOME\Documents\GitHub\EECS443-FinalProject\waveform_generator\waveform_generator.srcs\sources_1\new\Sine.vhd:]
WARNING: [filemgmt 56-199] Attempt to get parsing info during refresh. "On-the-fly" syntax checking information may be incorrect. [C:\Users\v731v861.HOME\Documents\GitHub\EECS443-FinalProject\waveform_generator\waveform_generator.srcs\sources_1\new\Top.vhd:]
WARNING: [filemgmt 56-199] Attempt to get parsing info during refresh. "On-the-fly" syntax checking information may be incorrect. [C:\Users\v731v861.HOME\Documents\GitHub\EECS443-FinalProject\waveform_generator\waveform_generator.srcs\sources_1\new\PhaseAccumulator.vhd:]
WARNING: [filemgmt 56-199] Attempt to get parsing info during refresh. "On-the-fly" syntax checking information may be incorrect. [C:\Users\v731v861.HOME\Documents\GitHub\EECS443-FinalProject\waveform_generator\waveform_generator.srcs\sources_1\new\Triangle.vhd:]
WARNING: [filemgmt 56-199] Attempt to get parsing info during refresh. "On-the-fly" syntax checking information may be incorrect. [C:\Users\v731v861.HOME\Documents\GitHub\EECS443-FinalProject\waveform_generator\waveform_generator.srcs\sources_1\new\Rectangle.vhd:]
WARNING: [filemgmt 56-199] Attempt to get parsing info during refresh. "On-the-fly" syntax checking information may be incorrect. [C:\Users\v731v861.HOME\Documents\GitHub\EECS443-FinalProject\waveform_generator\waveform_generator.srcs\sources_1\new\Sawtooth.vhd:]
WARNING: [filemgmt 56-199] Attempt to get parsing info during refresh. "On-the-fly" syntax checking information may be incorrect. [C:\Users\v731v861.HOME\Documents\GitHub\EECS443-FinalProject\waveform_generator\waveform_generator.srcs\sim_1\new\Top_tb.vhd:]
WARNING: [filemgmt 56-199] Attempt to get parsing info during refresh. "On-the-fly" syntax checking information may be incorrect. [C:\Users\v731v861.HOME\Documents\GitHub\EECS443-FinalProject\waveform_generator\waveform_generator.srcs\sources_1\new\Top.vhd:]
WARNING: [filemgmt 56-199] Attempt to get parsing info during refresh. "On-the-fly" syntax checking information may be incorrect. [C:\Users\v731v861.HOME\Documents\GitHub\EECS443-FinalProject\waveform_generator\waveform_generator.srcs\sources_1\new\Top.vhd:]
ERROR: [Common 17-180] Spawn failed: No error
WARNING: [filemgmt 56-199] Attempt to get parsing info during refresh. "On-the-fly" syntax checking information may be incorrect. [C:\Users\v731v861.HOME\Documents\GitHub\EECS443-FinalProject\waveform_generator\waveform_generator.srcs\sources_1\new\Sine.vhd:]
WARNING: [filemgmt 56-199] Attempt to get parsing info during refresh. "On-the-fly" syntax checking information may be incorrect. [C:\Users\v731v861.HOME\Documents\GitHub\EECS443-FinalProject\waveform_generator\waveform_generator.srcs\sources_1\new\Top.vhd:]
WARNING: [filemgmt 56-199] Attempt to get parsing info during refresh. "On-the-fly" syntax checking information may be incorrect. [C:\Users\v731v861.HOME\Documents\GitHub\EECS443-FinalProject\waveform_generator\waveform_generator.srcs\sources_1\new\PhaseAccumulator.vhd:]
WARNING: [filemgmt 56-199] Attempt to get parsing info during refresh. "On-the-fly" syntax checking information may be incorrect. [C:\Users\v731v861.HOME\Documents\GitHub\EECS443-FinalProject\waveform_generator\waveform_generator.srcs\sources_1\new\Triangle.vhd:]
WARNING: [filemgmt 56-199] Attempt to get parsing info during refresh. "On-the-fly" syntax checking information may be incorrect. [C:\Users\v731v861.HOME\Documents\GitHub\EECS443-FinalProject\waveform_generator\waveform_generator.srcs\sources_1\new\Rectangle.vhd:]
WARNING: [filemgmt 56-199] Attempt to get parsing info during refresh. "On-the-fly" syntax checking information may be incorrect. [C:\Users\v731v861.HOME\Documents\GitHub\EECS443-FinalProject\waveform_generator\waveform_generator.srcs\sources_1\new\Sawtooth.vhd:]
WARNING: [filemgmt 56-199] Attempt to get parsing info during refresh. "On-the-fly" syntax checking information may be incorrect. [C:\Users\v731v861.HOME\Documents\GitHub\EECS443-FinalProject\waveform_generator\waveform_generator.srcs\sim_1\new\Top_tb.vhd:]
WARNING: [filemgmt 56-199] Attempt to get parsing info during refresh. "On-the-fly" syntax checking information may be incorrect. [C:\Users\v731v861.HOME\Documents\GitHub\EECS443-FinalProject\waveform_generator\waveform_generator.srcs\sources_1\new\Sine.vhd:]
WARNING: [filemgmt 56-199] Attempt to get parsing info during refresh. "On-the-fly" syntax checking information may be incorrect. [C:\Users\v731v861.HOME\Documents\GitHub\EECS443-FinalProject\waveform_generator\waveform_generator.srcs\sources_1\new\Sine.vhd:]
ERROR: [Common 17-180] Spawn failed: No error
WARNING: [filemgmt 56-199] Attempt to get parsing info during refresh. "On-the-fly" syntax checking information may be incorrect. [C:\Users\v731v861.HOME\Documents\GitHub\EECS443-FinalProject\waveform_generator\waveform_generator.srcs\sources_1\new\Sine.vhd:]
WARNING: [filemgmt 56-199] Attempt to get parsing info during refresh. "On-the-fly" syntax checking information may be incorrect. [C:\Users\v731v861.HOME\Documents\GitHub\EECS443-FinalProject\waveform_generator\waveform_generator.srcs\sources_1\new\Top.vhd:]
WARNING: [filemgmt 56-199] Attempt to get parsing info during refresh. "On-the-fly" syntax checking information may be incorrect. [C:\Users\v731v861.HOME\Documents\GitHub\EECS443-FinalProject\waveform_generator\waveform_generator.srcs\sources_1\new\PhaseAccumulator.vhd:]
WARNING: [filemgmt 56-199] Attempt to get parsing info during refresh. "On-the-fly" syntax checking information may be incorrect. [C:\Users\v731v861.HOME\Documents\GitHub\EECS443-FinalProject\waveform_generator\waveform_generator.srcs\sources_1\new\Triangle.vhd:]
WARNING: [filemgmt 56-199] Attempt to get parsing info during refresh. "On-the-fly" syntax checking information may be incorrect. [C:\Users\v731v861.HOME\Documents\GitHub\EECS443-FinalProject\waveform_generator\waveform_generator.srcs\sources_1\new\Rectangle.vhd:]
WARNING: [filemgmt 56-199] Attempt to get parsing info during refresh. "On-the-fly" syntax checking information may be incorrect. [C:\Users\v731v861.HOME\Documents\GitHub\EECS443-FinalProject\waveform_generator\waveform_generator.srcs\sources_1\new\Sawtooth.vhd:]
WARNING: [filemgmt 56-199] Attempt to get parsing info during refresh. "On-the-fly" syntax checking information may be incorrect. [C:\Users\v731v861.HOME\Documents\GitHub\EECS443-FinalProject\waveform_generator\waveform_generator.srcs\sim_1\new\Top_tb.vhd:]
WARNING: [filemgmt 56-199] Attempt to get parsing info during refresh. "On-the-fly" syntax checking information may be incorrect. [C:\Users\v731v861.HOME\Documents\GitHub\EECS443-FinalProject\waveform_generator\waveform_generator.srcs\sources_1\new\PhaseAccumulator.vhd:]
WARNING: [filemgmt 56-199] Attempt to get parsing info during refresh. "On-the-fly" syntax checking information may be incorrect. [C:\Users\v731v861.HOME\Documents\GitHub\EECS443-FinalProject\waveform_generator\waveform_generator.srcs\sources_1\new\PhaseAccumulator.vhd:]
WARNING: [filemgmt 56-199] Attempt to get parsing info during refresh. "On-the-fly" syntax checking information may be incorrect. [C:\Users\v731v861.HOME\Documents\GitHub\EECS443-FinalProject\waveform_generator\waveform_generator.srcs\sources_1\new\Sine.vhd:]
WARNING: [filemgmt 56-199] Attempt to get parsing info during refresh. "On-the-fly" syntax checking information may be incorrect. [C:\Users\v731v861.HOME\Documents\GitHub\EECS443-FinalProject\waveform_generator\waveform_generator.srcs\sources_1\new\Top.vhd:]
WARNING: [filemgmt 56-199] Attempt to get parsing info during refresh. "On-the-fly" syntax checking information may be incorrect. [C:\Users\v731v861.HOME\Documents\GitHub\EECS443-FinalProject\waveform_generator\waveform_generator.srcs\sources_1\new\PhaseAccumulator.vhd:]
WARNING: [filemgmt 56-199] Attempt to get parsing info during refresh. "On-the-fly" syntax checking information may be incorrect. [C:\Users\v731v861.HOME\Documents\GitHub\EECS443-FinalProject\waveform_generator\waveform_generator.srcs\sources_1\new\Triangle.vhd:]
WARNING: [filemgmt 56-199] Attempt to get parsing info during refresh. "On-the-fly" syntax checking information may be incorrect. [C:\Users\v731v861.HOME\Documents\GitHub\EECS443-FinalProject\waveform_generator\waveform_generator.srcs\sources_1\new\Rectangle.vhd:]
WARNING: [filemgmt 56-199] Attempt to get parsing info during refresh. "On-the-fly" syntax checking information may be incorrect. [C:\Users\v731v861.HOME\Documents\GitHub\EECS443-FinalProject\waveform_generator\waveform_generator.srcs\sources_1\new\Sawtooth.vhd:]
WARNING: [filemgmt 56-199] Attempt to get parsing info during refresh. "On-the-fly" syntax checking information may be incorrect. [C:\Users\v731v861.HOME\Documents\GitHub\EECS443-FinalProject\waveform_generator\waveform_generator.srcs\sim_1\new\Top_tb.vhd:]
WARNING: [filemgmt 56-199] Attempt to get parsing info during refresh. "On-the-fly" syntax checking information may be incorrect. [C:\Users\v731v861.HOME\Documents\GitHub\EECS443-FinalProject\waveform_generator\waveform_generator.srcs\sources_1\new\Triangle.vhd:]
WARNING: [filemgmt 56-199] Attempt to get parsing info during refresh. "On-the-fly" syntax checking information may be incorrect. [C:\Users\v731v861.HOME\Documents\GitHub\EECS443-FinalProject\waveform_generator\waveform_generator.srcs\sources_1\new\Triangle.vhd:]
WARNING: [filemgmt 56-199] Attempt to get parsing info during refresh. "On-the-fly" syntax checking information may be incorrect. [C:\Users\v731v861.HOME\Documents\GitHub\EECS443-FinalProject\waveform_generator\waveform_generator.srcs\sources_1\new\Sine.vhd:]
WARNING: [filemgmt 56-199] Attempt to get parsing info during refresh. "On-the-fly" syntax checking information may be incorrect. [C:\Users\v731v861.HOME\Documents\GitHub\EECS443-FinalProject\waveform_generator\waveform_generator.srcs\sources_1\new\Top.vhd:]
WARNING: [filemgmt 56-199] Attempt to get parsing info during refresh. "On-the-fly" syntax checking information may be incorrect. [C:\Users\v731v861.HOME\Documents\GitHub\EECS443-FinalProject\waveform_generator\waveform_generator.srcs\sources_1\new\PhaseAccumulator.vhd:]
WARNING: [filemgmt 56-199] Attempt to get parsing info during refresh. "On-the-fly" syntax checking information may be incorrect. [C:\Users\v731v861.HOME\Documents\GitHub\EECS443-FinalProject\waveform_generator\waveform_generator.srcs\sources_1\new\Triangle.vhd:]
WARNING: [filemgmt 56-199] Attempt to get parsing info during refresh. "On-the-fly" syntax checking information may be incorrect. [C:\Users\v731v861.HOME\Documents\GitHub\EECS443-FinalProject\waveform_generator\waveform_generator.srcs\sources_1\new\Rectangle.vhd:]
WARNING: [filemgmt 56-199] Attempt to get parsing info during refresh. "On-the-fly" syntax checking information may be incorrect. [C:\Users\v731v861.HOME\Documents\GitHub\EECS443-FinalProject\waveform_generator\waveform_generator.srcs\sources_1\new\Sawtooth.vhd:]
WARNING: [filemgmt 56-199] Attempt to get parsing info during refresh. "On-the-fly" syntax checking information may be incorrect. [C:\Users\v731v861.HOME\Documents\GitHub\EECS443-FinalProject\waveform_generator\waveform_generator.srcs\sim_1\new\Top_tb.vhd:]
WARNING: [filemgmt 56-199] Attempt to get parsing info during refresh. "On-the-fly" syntax checking information may be incorrect. [C:\Users\v731v861.HOME\Documents\GitHub\EECS443-FinalProject\waveform_generator\waveform_generator.srcs\sources_1\new\Sawtooth.vhd:]
WARNING: [filemgmt 56-199] Attempt to get parsing info during refresh. "On-the-fly" syntax checking information may be incorrect. [C:\Users\v731v861.HOME\Documents\GitHub\EECS443-FinalProject\waveform_generator\waveform_generator.srcs\sources_1\new\Sawtooth.vhd:]
WARNING: [filemgmt 56-199] Attempt to get parsing info during refresh. "On-the-fly" syntax checking information may be incorrect. [C:\Users\v731v861.HOME\Documents\GitHub\EECS443-FinalProject\waveform_generator\waveform_generator.srcs\sources_1\new\Sine.vhd:]
WARNING: [filemgmt 56-199] Attempt to get parsing info during refresh. "On-the-fly" syntax checking information may be incorrect. [C:\Users\v731v861.HOME\Documents\GitHub\EECS443-FinalProject\waveform_generator\waveform_generator.srcs\sources_1\new\Top.vhd:]
WARNING: [filemgmt 56-199] Attempt to get parsing info during refresh. "On-the-fly" syntax checking information may be incorrect. [C:\Users\v731v861.HOME\Documents\GitHub\EECS443-FinalProject\waveform_generator\waveform_generator.srcs\sources_1\new\PhaseAccumulator.vhd:]
WARNING: [filemgmt 56-199] Attempt to get parsing info during refresh. "On-the-fly" syntax checking information may be incorrect. [C:\Users\v731v861.HOME\Documents\GitHub\EECS443-FinalProject\waveform_generator\waveform_generator.srcs\sources_1\new\Triangle.vhd:]
WARNING: [filemgmt 56-199] Attempt to get parsing info during refresh. "On-the-fly" syntax checking information may be incorrect. [C:\Users\v731v861.HOME\Documents\GitHub\EECS443-FinalProject\waveform_generator\waveform_generator.srcs\sources_1\new\Rectangle.vhd:]
WARNING: [filemgmt 56-199] Attempt to get parsing info during refresh. "On-the-fly" syntax checking information may be incorrect. [C:\Users\v731v861.HOME\Documents\GitHub\EECS443-FinalProject\waveform_generator\waveform_generator.srcs\sources_1\new\Sawtooth.vhd:]
WARNING: [filemgmt 56-199] Attempt to get parsing info during refresh. "On-the-fly" syntax checking information may be incorrect. [C:\Users\v731v861.HOME\Documents\GitHub\EECS443-FinalProject\waveform_generator\waveform_generator.srcs\sim_1\new\Top_tb.vhd:]
WARNING: [filemgmt 56-199] Attempt to get parsing info during refresh. "On-the-fly" syntax checking information may be incorrect. [C:\Users\v731v861.HOME\Documents\GitHub\EECS443-FinalProject\waveform_generator\waveform_generator.srcs\sources_1\new\Top.vhd:]
WARNING: [filemgmt 56-199] Attempt to get parsing info during refresh. "On-the-fly" syntax checking information may be incorrect. [C:\Users\v731v861.HOME\Documents\GitHub\EECS443-FinalProject\waveform_generator\waveform_generator.srcs\sources_1\new\Top.vhd:]
ERROR: [Common 17-180] Spawn failed: No error
WARNING: [filemgmt 56-199] Attempt to get parsing info during refresh. "On-the-fly" syntax checking information may be incorrect. [C:\Users\v731v861.HOME\Documents\GitHub\EECS443-FinalProject\waveform_generator\waveform_generator.srcs\sources_1\new\Sine.vhd:]
WARNING: [filemgmt 56-199] Attempt to get parsing info during refresh. "On-the-fly" syntax checking information may be incorrect. [C:\Users\v731v861.HOME\Documents\GitHub\EECS443-FinalProject\waveform_generator\waveform_generator.srcs\sources_1\new\Top.vhd:]
WARNING: [filemgmt 56-199] Attempt to get parsing info during refresh. "On-the-fly" syntax checking information may be incorrect. [C:\Users\v731v861.HOME\Documents\GitHub\EECS443-FinalProject\waveform_generator\waveform_generator.srcs\sources_1\new\PhaseAccumulator.vhd:]
WARNING: [filemgmt 56-199] Attempt to get parsing info during refresh. "On-the-fly" syntax checking information may be incorrect. [C:\Users\v731v861.HOME\Documents\GitHub\EECS443-FinalProject\waveform_generator\waveform_generator.srcs\sources_1\new\Triangle.vhd:]
WARNING: [filemgmt 56-199] Attempt to get parsing info during refresh. "On-the-fly" syntax checking information may be incorrect. [C:\Users\v731v861.HOME\Documents\GitHub\EECS443-FinalProject\waveform_generator\waveform_generator.srcs\sources_1\new\Rectangle.vhd:]
WARNING: [filemgmt 56-199] Attempt to get parsing info during refresh. "On-the-fly" syntax checking information may be incorrect. [C:\Users\v731v861.HOME\Documents\GitHub\EECS443-FinalProject\waveform_generator\waveform_generator.srcs\sources_1\new\Sawtooth.vhd:]
WARNING: [filemgmt 56-199] Attempt to get parsing info during refresh. "On-the-fly" syntax checking information may be incorrect. [C:\Users\v731v861.HOME\Documents\GitHub\EECS443-FinalProject\waveform_generator\waveform_generator.srcs\sim_1\new\Top_tb.vhd:]
WARNING: [filemgmt 56-199] Attempt to get parsing info during refresh. "On-the-fly" syntax checking information may be incorrect. [C:\Users\v731v861.HOME\Documents\GitHub\EECS443-FinalProject\waveform_generator\waveform_generator.srcs\sim_1\new\Top_tb.vhd:]
WARNING: [filemgmt 56-199] Attempt to get parsing info during refresh. "On-the-fly" syntax checking information may be incorrect. [C:\Users\v731v861.HOME\Documents\GitHub\EECS443-FinalProject\waveform_generator\waveform_generator.srcs\sim_1\new\Top_tb.vhd:]
ERROR: [Common 17-180] Spawn failed: No error
WARNING: [filemgmt 56-199] Attempt to get parsing info during refresh. "On-the-fly" syntax checking information may be incorrect. [C:\Users\v731v861.HOME\Documents\GitHub\EECS443-FinalProject\waveform_generator\waveform_generator.srcs\sources_1\new\Sine.vhd:]
INFO: [Common 17-14] Message 'filemgmt 56-199' appears 100 times and further instances of the messages will be disabled. Use the Tcl command set_msg_config to change the current settings.
ERROR: [Common 17-180] Spawn failed: No error
update_compile_order -fileset sources_1
WARNING: [filemgmt 56-199] Attempt to get parsing info during refresh. "On-the-fly" syntax checking information may be incorrect. [C:\Users\v731v861.HOME\Documents\GitHub\EECS443-FinalProject\waveform_generator\waveform_generator.srcs\sources_1\new\Sine.vhd:]
WARNING: [filemgmt 56-199] Attempt to get parsing info during refresh. "On-the-fly" syntax checking information may be incorrect. [C:\Users\v731v861.HOME\Documents\GitHub\EECS443-FinalProject\waveform_generator\waveform_generator.srcs\sources_1\new\Top.vhd:]
WARNING: [filemgmt 56-199] Attempt to get parsing info during refresh. "On-the-fly" syntax checking information may be incorrect. [C:\Users\v731v861.HOME\Documents\GitHub\EECS443-FinalProject\waveform_generator\waveform_generator.srcs\sources_1\new\PhaseAccumulator.vhd:]
WARNING: [filemgmt 56-199] Attempt to get parsing info during refresh. "On-the-fly" syntax checking information may be incorrect. [C:\Users\v731v861.HOME\Documents\GitHub\EECS443-FinalProject\waveform_generator\waveform_generator.srcs\sources_1\new\Triangle.vhd:]
WARNING: [filemgmt 56-199] Attempt to get parsing info during refresh. "On-the-fly" syntax checking information may be incorrect. [C:\Users\v731v861.HOME\Documents\GitHub\EECS443-FinalProject\waveform_generator\waveform_generator.srcs\sources_1\new\Rectangle.vhd:]
WARNING: [filemgmt 56-199] Attempt to get parsing info during refresh. "On-the-fly" syntax checking information may be incorrect. [C:\Users\v731v861.HOME\Documents\GitHub\EECS443-FinalProject\waveform_generator\waveform_generator.srcs\sources_1\new\Sawtooth.vhd:]
WARNING: [filemgmt 56-199] Attempt to get parsing info during refresh. "On-the-fly" syntax checking information may be incorrect. [C:\Users\v731v861.HOME\Documents\GitHub\EECS443-FinalProject\waveform_generator\waveform_generator.srcs\sim_1\new\Top_tb.vhd:]
WARNING: [filemgmt 56-199] Attempt to get parsing info during refresh. "On-the-fly" syntax checking information may be incorrect. [C:\Users\v731v861.HOME\Documents\GitHub\EECS443-FinalProject\waveform_generator\waveform_generator.srcs\sources_1\new\PhaseAccumulator.vhd:]
WARNING: [filemgmt 56-199] Attempt to get parsing info during refresh. "On-the-fly" syntax checking information may be incorrect. [C:\Users\v731v861.HOME\Documents\GitHub\EECS443-FinalProject\waveform_generator\waveform_generator.srcs\sources_1\new\PhaseAccumulator.vhd:]
WARNING: [filemgmt 56-199] Attempt to get parsing info during refresh. "On-the-fly" syntax checking information may be incorrect. [C:\Users\v731v861.HOME\Documents\GitHub\EECS443-FinalProject\waveform_generator\waveform_generator.srcs\sources_1\new\Sine.vhd:]
WARNING: [filemgmt 56-199] Attempt to get parsing info during refresh. "On-the-fly" syntax checking information may be incorrect. [C:\Users\v731v861.HOME\Documents\GitHub\EECS443-FinalProject\waveform_generator\waveform_generator.srcs\sources_1\new\Top.vhd:]
WARNING: [filemgmt 56-199] Attempt to get parsing info during refresh. "On-the-fly" syntax checking information may be incorrect. [C:\Users\v731v861.HOME\Documents\GitHub\EECS443-FinalProject\waveform_generator\waveform_generator.srcs\sources_1\new\PhaseAccumulator.vhd:]
WARNING: [filemgmt 56-199] Attempt to get parsing info during refresh. "On-the-fly" syntax checking information may be incorrect. [C:\Users\v731v861.HOME\Documents\GitHub\EECS443-FinalProject\waveform_generator\waveform_generator.srcs\sources_1\new\Triangle.vhd:]
WARNING: [filemgmt 56-199] Attempt to get parsing info during refresh. "On-the-fly" syntax checking information may be incorrect. [C:\Users\v731v861.HOME\Documents\GitHub\EECS443-FinalProject\waveform_generator\waveform_generator.srcs\sources_1\new\Rectangle.vhd:]
WARNING: [filemgmt 56-199] Attempt to get parsing info during refresh. "On-the-fly" syntax checking information may be incorrect. [C:\Users\v731v861.HOME\Documents\GitHub\EECS443-FinalProject\waveform_generator\waveform_generator.srcs\sources_1\new\Sawtooth.vhd:]
WARNING: [filemgmt 56-199] Attempt to get parsing info during refresh. "On-the-fly" syntax checking information may be incorrect. [C:\Users\v731v861.HOME\Documents\GitHub\EECS443-FinalProject\waveform_generator\waveform_generator.srcs\sim_1\new\Top_tb.vhd:]
WARNING: [filemgmt 56-199] Attempt to get parsing info during refresh. "On-the-fly" syntax checking information may be incorrect. [C:\Users\v731v861.HOME\Documents\GitHub\EECS443-FinalProject\waveform_generator\waveform_generator.srcs\sources_1\new\Rectangle.vhd:]
WARNING: [filemgmt 56-199] Attempt to get parsing info during refresh. "On-the-fly" syntax checking information may be incorrect. [C:\Users\v731v861.HOME\Documents\GitHub\EECS443-FinalProject\waveform_generator\waveform_generator.srcs\sources_1\new\Rectangle.vhd:]
WARNING: [filemgmt 56-199] Attempt to get parsing info during refresh. "On-the-fly" syntax checking information may be incorrect. [C:\Users\v731v861.HOME\Documents\GitHub\EECS443-FinalProject\waveform_generator\waveform_generator.srcs\sources_1\new\Sine.vhd:]
WARNING: [filemgmt 56-199] Attempt to get parsing info during refresh. "On-the-fly" syntax checking information may be incorrect. [C:\Users\v731v861.HOME\Documents\GitHub\EECS443-FinalProject\waveform_generator\waveform_generator.srcs\sources_1\new\Top.vhd:]
WARNING: [filemgmt 56-199] Attempt to get parsing info during refresh. "On-the-fly" syntax checking information may be incorrect. [C:\Users\v731v861.HOME\Documents\GitHub\EECS443-FinalProject\waveform_generator\waveform_generator.srcs\sources_1\new\PhaseAccumulator.vhd:]
WARNING: [filemgmt 56-199] Attempt to get parsing info during refresh. "On-the-fly" syntax checking information may be incorrect. [C:\Users\v731v861.HOME\Documents\GitHub\EECS443-FinalProject\waveform_generator\waveform_generator.srcs\sources_1\new\Triangle.vhd:]
WARNING: [filemgmt 56-199] Attempt to get parsing info during refresh. "On-the-fly" syntax checking information may be incorrect. [C:\Users\v731v861.HOME\Documents\GitHub\EECS443-FinalProject\waveform_generator\waveform_generator.srcs\sources_1\new\Rectangle.vhd:]
WARNING: [filemgmt 56-199] Attempt to get parsing info during refresh. "On-the-fly" syntax checking information may be incorrect. [C:\Users\v731v861.HOME\Documents\GitHub\EECS443-FinalProject\waveform_generator\waveform_generator.srcs\sources_1\new\Sawtooth.vhd:]
WARNING: [filemgmt 56-199] Attempt to get parsing info during refresh. "On-the-fly" syntax checking information may be incorrect. [C:\Users\v731v861.HOME\Documents\GitHub\EECS443-FinalProject\waveform_generator\waveform_generator.srcs\sim_1\new\Top_tb.vhd:]
WARNING: [filemgmt 56-199] Attempt to get parsing info during refresh. "On-the-fly" syntax checking information may be incorrect. [C:\Users\v731v861.HOME\Documents\GitHub\EECS443-FinalProject\waveform_generator\waveform_generator.srcs\sources_1\new\Sine.vhd:]
WARNING: [filemgmt 56-199] Attempt to get parsing info during refresh. "On-the-fly" syntax checking information may be incorrect. [C:\Users\v731v861.HOME\Documents\GitHub\EECS443-FinalProject\waveform_generator\waveform_generator.srcs\sources_1\new\Sine.vhd:]
WARNING: [filemgmt 56-199] Attempt to get parsing info during refresh. "On-the-fly" syntax checking information may be incorrect. [C:\Users\v731v861.HOME\Documents\GitHub\EECS443-FinalProject\waveform_generator\waveform_generator.srcs\sources_1\new\Sine.vhd:]
WARNING: [filemgmt 56-199] Attempt to get parsing info during refresh. "On-the-fly" syntax checking information may be incorrect. [C:\Users\v731v861.HOME\Documents\GitHub\EECS443-FinalProject\waveform_generator\waveform_generator.srcs\sources_1\new\Top.vhd:]
WARNING: [filemgmt 56-199] Attempt to get parsing info during refresh. "On-the-fly" syntax checking information may be incorrect. [C:\Users\v731v861.HOME\Documents\GitHub\EECS443-FinalProject\waveform_generator\waveform_generator.srcs\sources_1\new\PhaseAccumulator.vhd:]
WARNING: [filemgmt 56-199] Attempt to get parsing info during refresh. "On-the-fly" syntax checking information may be incorrect. [C:\Users\v731v861.HOME\Documents\GitHub\EECS443-FinalProject\waveform_generator\waveform_generator.srcs\sources_1\new\Triangle.vhd:]
WARNING: [filemgmt 56-199] Attempt to get parsing info during refresh. "On-the-fly" syntax checking information may be incorrect. [C:\Users\v731v861.HOME\Documents\GitHub\EECS443-FinalProject\waveform_generator\waveform_generator.srcs\sources_1\new\Rectangle.vhd:]
WARNING: [filemgmt 56-199] Attempt to get parsing info during refresh. "On-the-fly" syntax checking information may be incorrect. [C:\Users\v731v861.HOME\Documents\GitHub\EECS443-FinalProject\waveform_generator\waveform_generator.srcs\sources_1\new\Sawtooth.vhd:]
WARNING: [filemgmt 56-199] Attempt to get parsing info during refresh. "On-the-fly" syntax checking information may be incorrect. [C:\Users\v731v861.HOME\Documents\GitHub\EECS443-FinalProject\waveform_generator\waveform_generator.srcs\sim_1\new\Top_tb.vhd:]
WARNING: [filemgmt 56-199] Attempt to get parsing info during refresh. "On-the-fly" syntax checking information may be incorrect. [C:\Users\v731v861.HOME\Documents\GitHub\EECS443-FinalProject\waveform_generator\waveform_generator.srcs\sim_1\new\Top_tb.vhd:]
WARNING: [filemgmt 56-199] Attempt to get parsing info during refresh. "On-the-fly" syntax checking information may be incorrect. [C:\Users\v731v861.HOME\Documents\GitHub\EECS443-FinalProject\waveform_generator\waveform_generator.srcs\sim_1\new\Top_tb.vhd:]
WARNING: [filemgmt 56-199] Attempt to get parsing info during refresh. "On-the-fly" syntax checking information may be incorrect. [C:\Users\v731v861.HOME\Documents\GitHub\EECS443-FinalProject\waveform_generator\waveform_generator.srcs\sources_1\new\Sine.vhd:]
WARNING: [filemgmt 56-199] Attempt to get parsing info during refresh. "On-the-fly" syntax checking information may be incorrect. [C:\Users\v731v861.HOME\Documents\GitHub\EECS443-FinalProject\waveform_generator\waveform_generator.srcs\sources_1\new\Top.vhd:]
WARNING: [filemgmt 56-199] Attempt to get parsing info during refresh. "On-the-fly" syntax checking information may be incorrect. [C:\Users\v731v861.HOME\Documents\GitHub\EECS443-FinalProject\waveform_generator\waveform_generator.srcs\sources_1\new\PhaseAccumulator.vhd:]
WARNING: [filemgmt 56-199] Attempt to get parsing info during refresh. "On-the-fly" syntax checking information may be incorrect. [C:\Users\v731v861.HOME\Documents\GitHub\EECS443-FinalProject\waveform_generator\waveform_generator.srcs\sources_1\new\Triangle.vhd:]
WARNING: [filemgmt 56-199] Attempt to get parsing info during refresh. "On-the-fly" syntax checking information may be incorrect. [C:\Users\v731v861.HOME\Documents\GitHub\EECS443-FinalProject\waveform_generator\waveform_generator.srcs\sources_1\new\Rectangle.vhd:]
WARNING: [filemgmt 56-199] Attempt to get parsing info during refresh. "On-the-fly" syntax checking information may be incorrect. [C:\Users\v731v861.HOME\Documents\GitHub\EECS443-FinalProject\waveform_generator\waveform_generator.srcs\sources_1\new\Sawtooth.vhd:]
WARNING: [filemgmt 56-199] Attempt to get parsing info during refresh. "On-the-fly" syntax checking information may be incorrect. [C:\Users\v731v861.HOME\Documents\GitHub\EECS443-FinalProject\waveform_generator\waveform_generator.srcs\sim_1\new\Top_tb.vhd:]
WARNING: [filemgmt 56-199] Attempt to get parsing info during refresh. "On-the-fly" syntax checking information may be incorrect. [C:\Users\v731v861.HOME\Documents\GitHub\EECS443-FinalProject\waveform_generator\waveform_generator.srcs\sources_1\new\Top.vhd:]
WARNING: [filemgmt 56-199] Attempt to get parsing info during refresh. "On-the-fly" syntax checking information may be incorrect. [C:\Users\v731v861.HOME\Documents\GitHub\EECS443-FinalProject\waveform_generator\waveform_generator.srcs\sources_1\new\Top.vhd:]
ERROR: [Common 17-180] Spawn failed: No error
WARNING: [filemgmt 56-199] Attempt to get parsing info during refresh. "On-the-fly" syntax checking information may be incorrect. [C:\Users\v731v861.HOME\Documents\GitHub\EECS443-FinalProject\waveform_generator\waveform_generator.srcs\sources_1\new\Sine.vhd:]
WARNING: [filemgmt 56-199] Attempt to get parsing info during refresh. "On-the-fly" syntax checking information may be incorrect. [C:\Users\v731v861.HOME\Documents\GitHub\EECS443-FinalProject\waveform_generator\waveform_generator.srcs\sources_1\new\Top.vhd:]
WARNING: [filemgmt 56-199] Attempt to get parsing info during refresh. "On-the-fly" syntax checking information may be incorrect. [C:\Users\v731v861.HOME\Documents\GitHub\EECS443-FinalProject\waveform_generator\waveform_generator.srcs\sources_1\new\PhaseAccumulator.vhd:]
WARNING: [filemgmt 56-199] Attempt to get parsing info during refresh. "On-the-fly" syntax checking information may be incorrect. [C:\Users\v731v861.HOME\Documents\GitHub\EECS443-FinalProject\waveform_generator\waveform_generator.srcs\sources_1\new\Triangle.vhd:]
WARNING: [filemgmt 56-199] Attempt to get parsing info during refresh. "On-the-fly" syntax checking information may be incorrect. [C:\Users\v731v861.HOME\Documents\GitHub\EECS443-FinalProject\waveform_generator\waveform_generator.srcs\sources_1\new\Rectangle.vhd:]
WARNING: [filemgmt 56-199] Attempt to get parsing info during refresh. "On-the-fly" syntax checking information may be incorrect. [C:\Users\v731v861.HOME\Documents\GitHub\EECS443-FinalProject\waveform_generator\waveform_generator.srcs\sources_1\new\Sawtooth.vhd:]
WARNING: [filemgmt 56-199] Attempt to get parsing info during refresh. "On-the-fly" syntax checking information may be incorrect. [C:\Users\v731v861.HOME\Documents\GitHub\EECS443-FinalProject\waveform_generator\waveform_generator.srcs\sim_1\new\Top_tb.vhd:]
WARNING: [filemgmt 56-199] Attempt to get parsing info during refresh. "On-the-fly" syntax checking information may be incorrect. [C:\Users\v731v861.HOME\Documents\GitHub\EECS443-FinalProject\waveform_generator\waveform_generator.srcs\sources_1\new\Triangle.vhd:]
WARNING: [filemgmt 56-199] Attempt to get parsing info during refresh. "On-the-fly" syntax checking information may be incorrect. [C:\Users\v731v861.HOME\Documents\GitHub\EECS443-FinalProject\waveform_generator\waveform_generator.srcs\sources_1\new\Triangle.vhd:]
ERROR: [Common 17-180] Spawn failed: No error
launch_simulation
Command: launch_simulation 
INFO: [Vivado 12-12493] Simulation top is 'Top_tb'
WARNING: [Vivado 12-13340] Unable to auto find GCC executables from simulator install path! (path not set)
INFO: [Vivado 12-5682] Launching behavioral simulation in 'C:/Users/v731v861.HOME/Documents/GitHub/EECS443-FinalProject/waveform_generator/waveform_generator.sim/sim_1/behav/xsim'
INFO: [SIM-utils-51] Simulation object is 'sim_1'
INFO: [SIM-utils-72] Using boost library from 'C:/Xilinx/Vivado/2024.2/tps/boost_1_72_0'
INFO: [SIM-utils-54] Inspecting design source files for 'Top_tb' in fileset 'sim_1'...
INFO: [USF-XSim-97] Finding global include files...
INFO: [USF-XSim-98] Fetching design files from 'sim_1'...
INFO: [USF-XSim-2] XSim::Compile design
INFO: [USF-XSim-61] Executing 'COMPILE and ANALYZE' step in 'C:/Users/v731v861.HOME/Documents/GitHub/EECS443-FinalProject/waveform_generator/waveform_generator.sim/sim_1/behav/xsim'
"xvhdl --incr --relax -prj Top_tb_vhdl.prj"
INFO: [USF-XSim-69] 'compile' step finished in '2' seconds
INFO: [USF-XSim-3] XSim::Elaborate design
INFO: [USF-XSim-61] Executing 'ELABORATE' step in 'C:/Users/v731v861.HOME/Documents/GitHub/EECS443-FinalProject/waveform_generator/waveform_generator.sim/sim_1/behav/xsim'
"xelab --incr --debug typical --relax --mt 2 -L xil_defaultlib -L secureip --snapshot Top_tb_behav xil_defaultlib.Top_tb -log elaborate.log"
Vivado Simulator v2024.2.0
Copyright 1986-2022 Xilinx, Inc. All Rights Reserved.
Copyright 2022-2024 Advanced Micro Devices, Inc. All Rights Reserved.
Running: C:/Xilinx/Vivado/2024.2/bin/unwrapped/win64.o/xelab.exe --incr --debug typical --relax --mt 2 -L xil_defaultlib -L secureip --snapshot Top_tb_behav xil_defaultlib.Top_tb -log elaborate.log 
Using 2 slave threads.
Starting static elaboration
Completed static elaboration
INFO: [XSIM 43-4323] No Change in HDL. Linking previously generated obj files to create kernel
INFO: [USF-XSim-69] 'elaborate' step finished in '3' seconds
INFO: [USF-XSim-4] XSim::Simulate design
INFO: [USF-XSim-61] Executing 'SIMULATE' step in 'C:/Users/v731v861.HOME/Documents/GitHub/EECS443-FinalProject/waveform_generator/waveform_generator.sim/sim_1/behav/xsim'
INFO: [USF-XSim-98] *** Running xsim
   with args "Top_tb_behav -key {Behavioral:sim_1:Functional:Top_tb} -tclbatch {Top_tb.tcl} -view {C:/Users/v731v861.HOME/Documents/GitHub/EECS443-FinalProject/waveform_generator/Top_tb_behav.wcfg} -log {simulate.log}"
INFO: [USF-XSim-8] Loading simulator feature
Time resolution is 1 ps
open_wave_config C:/Users/v731v861.HOME/Documents/GitHub/EECS443-FinalProject/waveform_generator/Top_tb_behav.wcfg
source Top_tb.tcl
# set curr_wave [current_wave_config]
# if { [string length $curr_wave] == 0 } {
#   if { [llength [get_objects]] > 0} {
#     add_wave /
#     set_property needs_save false [current_wave_config]
#   } else {
#      send_msg_id Add_Wave-1 WARNING "No top level signals found. Simulator will start without a wave window. If you want to open a wave window go to 'File->New Waveform Configuration' or type 'create_wave_config' in the TCL console."
#   }
# }
# run 10us
INFO: [USF-XSim-96] XSim completed. Design snapshot 'Top_tb_behav' loaded.
INFO: [USF-XSim-97] XSim simulation ran for 10us
launch_simulation: Time (s): cpu = 00:00:03 ; elapsed = 00:00:09 . Memory (MB): peak = 2391.137 ; gain = 0.000
WARNING: [filemgmt 56-199] Attempt to get parsing info during refresh. "On-the-fly" syntax checking information may be incorrect. [C:\Users\v731v861.HOME\Documents\GitHub\EECS443-FinalProject\waveform_generator\waveform_generator.srcs\sources_1\new\Sine.vhd:]
WARNING: [filemgmt 56-199] Attempt to get parsing info during refresh. "On-the-fly" syntax checking information may be incorrect. [C:\Users\v731v861.HOME\Documents\GitHub\EECS443-FinalProject\waveform_generator\waveform_generator.srcs\sources_1\new\Top.vhd:]
WARNING: [filemgmt 56-199] Attempt to get parsing info during refresh. "On-the-fly" syntax checking information may be incorrect. [C:\Users\v731v861.HOME\Documents\GitHub\EECS443-FinalProject\waveform_generator\waveform_generator.srcs\sources_1\new\PhaseAccumulator.vhd:]
WARNING: [filemgmt 56-199] Attempt to get parsing info during refresh. "On-the-fly" syntax checking information may be incorrect. [C:\Users\v731v861.HOME\Documents\GitHub\EECS443-FinalProject\waveform_generator\waveform_generator.srcs\sources_1\new\clock_divider.vhd:]
WARNING: [filemgmt 56-199] Attempt to get parsing info during refresh. "On-the-fly" syntax checking information may be incorrect. [C:\Users\v731v861.HOME\Documents\GitHub\EECS443-FinalProject\waveform_generator\waveform_generator.srcs\sources_1\new\Triangle.vhd:]
WARNING: [filemgmt 56-199] Attempt to get parsing info during refresh. "On-the-fly" syntax checking information may be incorrect. [C:\Users\v731v861.HOME\Documents\GitHub\EECS443-FinalProject\waveform_generator\waveform_generator.srcs\sources_1\new\Rectangle.vhd:]
WARNING: [filemgmt 56-199] Attempt to get parsing info during refresh. "On-the-fly" syntax checking information may be incorrect. [C:\Users\v731v861.HOME\Documents\GitHub\EECS443-FinalProject\waveform_generator\waveform_generator.srcs\sources_1\new\Sawtooth.vhd:]
WARNING: [filemgmt 56-199] Attempt to get parsing info during refresh. "On-the-fly" syntax checking information may be incorrect. [C:\Users\v731v861.HOME\Documents\GitHub\EECS443-FinalProject\waveform_generator\waveform_generator.srcs\sim_1\new\Top_tb.vhd:]
WARNING: [filemgmt 56-199] Attempt to get parsing info during refresh. "On-the-fly" syntax checking information may be incorrect. [C:\Users\v731v861.HOME\Documents\GitHub\EECS443-FinalProject\waveform_generator\waveform_generator.srcs\sim_1\new\Top_tb.vhd:]
WARNING: [filemgmt 56-199] Attempt to get parsing info during refresh. "On-the-fly" syntax checking information may be incorrect. [C:\Users\v731v861.HOME\Documents\GitHub\EECS443-FinalProject\waveform_generator\waveform_generator.srcs\sim_1\new\Top_tb.vhd:]
WARNING: [filemgmt 56-199] Attempt to get parsing info during refresh. "On-the-fly" syntax checking information may be incorrect. [C:\Users\v731v861.HOME\Documents\GitHub\EECS443-FinalProject\waveform_generator\waveform_generator.srcs\sources_1\new\Sine.vhd:]
WARNING: [filemgmt 56-199] Attempt to get parsing info during refresh. "On-the-fly" syntax checking information may be incorrect. [C:\Users\v731v861.HOME\Documents\GitHub\EECS443-FinalProject\waveform_generator\waveform_generator.srcs\sources_1\new\Top.vhd:]
WARNING: [filemgmt 56-199] Attempt to get parsing info during refresh. "On-the-fly" syntax checking information may be incorrect. [C:\Users\v731v861.HOME\Documents\GitHub\EECS443-FinalProject\waveform_generator\waveform_generator.srcs\sources_1\new\PhaseAccumulator.vhd:]
WARNING: [filemgmt 56-199] Attempt to get parsing info during refresh. "On-the-fly" syntax checking information may be incorrect. [C:\Users\v731v861.HOME\Documents\GitHub\EECS443-FinalProject\waveform_generator\waveform_generator.srcs\sources_1\new\clock_divider.vhd:]
WARNING: [filemgmt 56-199] Attempt to get parsing info during refresh. "On-the-fly" syntax checking information may be incorrect. [C:\Users\v731v861.HOME\Documents\GitHub\EECS443-FinalProject\waveform_generator\waveform_generator.srcs\sources_1\new\Triangle.vhd:]
WARNING: [filemgmt 56-199] Attempt to get parsing info during refresh. "On-the-fly" syntax checking information may be incorrect. [C:\Users\v731v861.HOME\Documents\GitHub\EECS443-FinalProject\waveform_generator\waveform_generator.srcs\sources_1\new\Rectangle.vhd:]
WARNING: [filemgmt 56-199] Attempt to get parsing info during refresh. "On-the-fly" syntax checking information may be incorrect. [C:\Users\v731v861.HOME\Documents\GitHub\EECS443-FinalProject\waveform_generator\waveform_generator.srcs\sources_1\new\Sawtooth.vhd:]
WARNING: [filemgmt 56-199] Attempt to get parsing info during refresh. "On-the-fly" syntax checking information may be incorrect. [C:\Users\v731v861.HOME\Documents\GitHub\EECS443-FinalProject\waveform_generator\waveform_generator.srcs\sim_1\new\Top_tb.vhd:]
WARNING: [filemgmt 56-199] Attempt to get parsing info during refresh. "On-the-fly" syntax checking information may be incorrect. [C:\Users\v731v861.HOME\Documents\GitHub\EECS443-FinalProject\waveform_generator\waveform_generator.srcs\sources_1\new\PhaseAccumulator.vhd:]
WARNING: [filemgmt 56-199] Attempt to get parsing info during refresh. "On-the-fly" syntax checking information may be incorrect. [C:\Users\v731v861.HOME\Documents\GitHub\EECS443-FinalProject\waveform_generator\waveform_generator.srcs\sources_1\new\PhaseAccumulator.vhd:]
WARNING: [filemgmt 56-199] Attempt to get parsing info during refresh. "On-the-fly" syntax checking information may be incorrect. [C:\Users\v731v861.HOME\Documents\GitHub\EECS443-FinalProject\waveform_generator\waveform_generator.srcs\sources_1\new\Sine.vhd:]
WARNING: [filemgmt 56-199] Attempt to get parsing info during refresh. "On-the-fly" syntax checking information may be incorrect. [C:\Users\v731v861.HOME\Documents\GitHub\EECS443-FinalProject\waveform_generator\waveform_generator.srcs\sources_1\new\Top.vhd:]
WARNING: [filemgmt 56-199] Attempt to get parsing info during refresh. "On-the-fly" syntax checking information may be incorrect. [C:\Users\v731v861.HOME\Documents\GitHub\EECS443-FinalProject\waveform_generator\waveform_generator.srcs\sources_1\new\PhaseAccumulator.vhd:]
WARNING: [filemgmt 56-199] Attempt to get parsing info during refresh. "On-the-fly" syntax checking information may be incorrect. [C:\Users\v731v861.HOME\Documents\GitHub\EECS443-FinalProject\waveform_generator\waveform_generator.srcs\sources_1\new\clock_divider.vhd:]
WARNING: [filemgmt 56-199] Attempt to get parsing info during refresh. "On-the-fly" syntax checking information may be incorrect. [C:\Users\v731v861.HOME\Documents\GitHub\EECS443-FinalProject\waveform_generator\waveform_generator.srcs\sources_1\new\Triangle.vhd:]
WARNING: [filemgmt 56-199] Attempt to get parsing info during refresh. "On-the-fly" syntax checking information may be incorrect. [C:\Users\v731v861.HOME\Documents\GitHub\EECS443-FinalProject\waveform_generator\waveform_generator.srcs\sources_1\new\Rectangle.vhd:]
WARNING: [filemgmt 56-199] Attempt to get parsing info during refresh. "On-the-fly" syntax checking information may be incorrect. [C:\Users\v731v861.HOME\Documents\GitHub\EECS443-FinalProject\waveform_generator\waveform_generator.srcs\sources_1\new\Sawtooth.vhd:]
WARNING: [filemgmt 56-199] Attempt to get parsing info during refresh. "On-the-fly" syntax checking information may be incorrect. [C:\Users\v731v861.HOME\Documents\GitHub\EECS443-FinalProject\waveform_generator\waveform_generator.srcs\sim_1\new\Top_tb.vhd:]
WARNING: [filemgmt 56-199] Attempt to get parsing info during refresh. "On-the-fly" syntax checking information may be incorrect. [C:\Users\v731v861.HOME\Documents\GitHub\EECS443-FinalProject\waveform_generator\waveform_generator.srcs\sources_1\new\Sine.vhd:]
WARNING: [filemgmt 56-199] Attempt to get parsing info during refresh. "On-the-fly" syntax checking information may be incorrect. [C:\Users\v731v861.HOME\Documents\GitHub\EECS443-FinalProject\waveform_generator\waveform_generator.srcs\sources_1\new\Sine.vhd:]
WARNING: [filemgmt 56-199] Attempt to get parsing info during refresh. "On-the-fly" syntax checking information may be incorrect. [C:\Users\v731v861.HOME\Documents\GitHub\EECS443-FinalProject\waveform_generator\waveform_generator.srcs\sources_1\new\Sine.vhd:]
WARNING: [filemgmt 56-199] Attempt to get parsing info during refresh. "On-the-fly" syntax checking information may be incorrect. [C:\Users\v731v861.HOME\Documents\GitHub\EECS443-FinalProject\waveform_generator\waveform_generator.srcs\sources_1\new\Top.vhd:]
WARNING: [filemgmt 56-199] Attempt to get parsing info during refresh. "On-the-fly" syntax checking information may be incorrect. [C:\Users\v731v861.HOME\Documents\GitHub\EECS443-FinalProject\waveform_generator\waveform_generator.srcs\sources_1\new\PhaseAccumulator.vhd:]
WARNING: [filemgmt 56-199] Attempt to get parsing info during refresh. "On-the-fly" syntax checking information may be incorrect. [C:\Users\v731v861.HOME\Documents\GitHub\EECS443-FinalProject\waveform_generator\waveform_generator.srcs\sources_1\new\clock_divider.vhd:]
WARNING: [filemgmt 56-199] Attempt to get parsing info during refresh. "On-the-fly" syntax checking information may be incorrect. [C:\Users\v731v861.HOME\Documents\GitHub\EECS443-FinalProject\waveform_generator\waveform_generator.srcs\sources_1\new\Triangle.vhd:]
WARNING: [filemgmt 56-199] Attempt to get parsing info during refresh. "On-the-fly" syntax checking information may be incorrect. [C:\Users\v731v861.HOME\Documents\GitHub\EECS443-FinalProject\waveform_generator\waveform_generator.srcs\sources_1\new\Rectangle.vhd:]
WARNING: [filemgmt 56-199] Attempt to get parsing info during refresh. "On-the-fly" syntax checking information may be incorrect. [C:\Users\v731v861.HOME\Documents\GitHub\EECS443-FinalProject\waveform_generator\waveform_generator.srcs\sources_1\new\Sawtooth.vhd:]
WARNING: [filemgmt 56-199] Attempt to get parsing info during refresh. "On-the-fly" syntax checking information may be incorrect. [C:\Users\v731v861.HOME\Documents\GitHub\EECS443-FinalProject\waveform_generator\waveform_generator.srcs\sim_1\new\Top_tb.vhd:]
WARNING: [filemgmt 56-199] Attempt to get parsing info during refresh. "On-the-fly" syntax checking information may be incorrect. [C:\Users\v731v861.HOME\Documents\GitHub\EECS443-FinalProject\waveform_generator\waveform_generator.srcs\sources_1\new\Rectangle.vhd:]
WARNING: [filemgmt 56-199] Attempt to get parsing info during refresh. "On-the-fly" syntax checking information may be incorrect. [C:\Users\v731v861.HOME\Documents\GitHub\EECS443-FinalProject\waveform_generator\waveform_generator.srcs\sources_1\new\Rectangle.vhd:]
WARNING: [filemgmt 56-199] Attempt to get parsing info during refresh. "On-the-fly" syntax checking information may be incorrect. [C:\Users\v731v861.HOME\Documents\GitHub\EECS443-FinalProject\waveform_generator\waveform_generator.srcs\sources_1\new\Sine.vhd:]
WARNING: [filemgmt 56-199] Attempt to get parsing info during refresh. "On-the-fly" syntax checking information may be incorrect. [C:\Users\v731v861.HOME\Documents\GitHub\EECS443-FinalProject\waveform_generator\waveform_generator.srcs\sources_1\new\Top.vhd:]
WARNING: [filemgmt 56-199] Attempt to get parsing info during refresh. "On-the-fly" syntax checking information may be incorrect. [C:\Users\v731v861.HOME\Documents\GitHub\EECS443-FinalProject\waveform_generator\waveform_generator.srcs\sources_1\new\PhaseAccumulator.vhd:]
WARNING: [filemgmt 56-199] Attempt to get parsing info during refresh. "On-the-fly" syntax checking information may be incorrect. [C:\Users\v731v861.HOME\Documents\GitHub\EECS443-FinalProject\waveform_generator\waveform_generator.srcs\sources_1\new\clock_divider.vhd:]
WARNING: [filemgmt 56-199] Attempt to get parsing info during refresh. "On-the-fly" syntax checking information may be incorrect. [C:\Users\v731v861.HOME\Documents\GitHub\EECS443-FinalProject\waveform_generator\waveform_generator.srcs\sources_1\new\Triangle.vhd:]
WARNING: [filemgmt 56-199] Attempt to get parsing info during refresh. "On-the-fly" syntax checking information may be incorrect. [C:\Users\v731v861.HOME\Documents\GitHub\EECS443-FinalProject\waveform_generator\waveform_generator.srcs\sources_1\new\Rectangle.vhd:]
WARNING: [filemgmt 56-199] Attempt to get parsing info during refresh. "On-the-fly" syntax checking information may be incorrect. [C:\Users\v731v861.HOME\Documents\GitHub\EECS443-FinalProject\waveform_generator\waveform_generator.srcs\sources_1\new\Sawtooth.vhd:]
WARNING: [filemgmt 56-199] Attempt to get parsing info during refresh. "On-the-fly" syntax checking information may be incorrect. [C:\Users\v731v861.HOME\Documents\GitHub\EECS443-FinalProject\waveform_generator\waveform_generator.srcs\sim_1\new\Top_tb.vhd:]
WARNING: [filemgmt 56-199] Attempt to get parsing info during refresh. "On-the-fly" syntax checking information may be incorrect. [C:\Users\v731v861.HOME\Documents\GitHub\EECS443-FinalProject\waveform_generator\waveform_generator.srcs\sources_1\new\Top.vhd:]
WARNING: [filemgmt 56-199] Attempt to get parsing info during refresh. "On-the-fly" syntax checking information may be incorrect. [C:\Users\v731v861.HOME\Documents\GitHub\EECS443-FinalProject\waveform_generator\waveform_generator.srcs\sources_1\new\Top.vhd:]
ERROR: [Common 17-180] Spawn failed: No error
WARNING: [filemgmt 56-199] Attempt to get parsing info during refresh. "On-the-fly" syntax checking information may be incorrect. [C:\Users\v731v861.HOME\Documents\GitHub\EECS443-FinalProject\waveform_generator\waveform_generator.srcs\sources_1\new\Sine.vhd:]
WARNING: [filemgmt 56-199] Attempt to get parsing info during refresh. "On-the-fly" syntax checking information may be incorrect. [C:\Users\v731v861.HOME\Documents\GitHub\EECS443-FinalProject\waveform_generator\waveform_generator.srcs\sources_1\new\Top.vhd:]
WARNING: [filemgmt 56-199] Attempt to get parsing info during refresh. "On-the-fly" syntax checking information may be incorrect. [C:\Users\v731v861.HOME\Documents\GitHub\EECS443-FinalProject\waveform_generator\waveform_generator.srcs\sources_1\new\PhaseAccumulator.vhd:]
WARNING: [filemgmt 56-199] Attempt to get parsing info during refresh. "On-the-fly" syntax checking information may be incorrect. [C:\Users\v731v861.HOME\Documents\GitHub\EECS443-FinalProject\waveform_generator\waveform_generator.srcs\sources_1\new\clock_divider.vhd:]
WARNING: [filemgmt 56-199] Attempt to get parsing info during refresh. "On-the-fly" syntax checking information may be incorrect. [C:\Users\v731v861.HOME\Documents\GitHub\EECS443-FinalProject\waveform_generator\waveform_generator.srcs\sources_1\new\Triangle.vhd:]
WARNING: [filemgmt 56-199] Attempt to get parsing info during refresh. "On-the-fly" syntax checking information may be incorrect. [C:\Users\v731v861.HOME\Documents\GitHub\EECS443-FinalProject\waveform_generator\waveform_generator.srcs\sources_1\new\Rectangle.vhd:]
WARNING: [filemgmt 56-199] Attempt to get parsing info during refresh. "On-the-fly" syntax checking information may be incorrect. [C:\Users\v731v861.HOME\Documents\GitHub\EECS443-FinalProject\waveform_generator\waveform_generator.srcs\sources_1\new\Sawtooth.vhd:]
WARNING: [filemgmt 56-199] Attempt to get parsing info during refresh. "On-the-fly" syntax checking information may be incorrect. [C:\Users\v731v861.HOME\Documents\GitHub\EECS443-FinalProject\waveform_generator\waveform_generator.srcs\sim_1\new\Top_tb.vhd:]
WARNING: [filemgmt 56-199] Attempt to get parsing info during refresh. "On-the-fly" syntax checking information may be incorrect. [C:\Users\v731v861.HOME\Documents\GitHub\EECS443-FinalProject\waveform_generator\waveform_generator.srcs\sources_1\new\Triangle.vhd:]
WARNING: [filemgmt 56-199] Attempt to get parsing info during refresh. "On-the-fly" syntax checking information may be incorrect. [C:\Users\v731v861.HOME\Documents\GitHub\EECS443-FinalProject\waveform_generator\waveform_generator.srcs\sources_1\new\Triangle.vhd:]
ERROR: [Common 17-180] Spawn failed: No error
WARNING: [filemgmt 56-199] Attempt to get parsing info during refresh. "On-the-fly" syntax checking information may be incorrect. [C:\Users\v731v861.HOME\Documents\GitHub\EECS443-FinalProject\waveform_generator\waveform_generator.srcs\sources_1\new\Sine.vhd:]
WARNING: [filemgmt 56-199] Attempt to get parsing info during refresh. "On-the-fly" syntax checking information may be incorrect. [C:\Users\v731v861.HOME\Documents\GitHub\EECS443-FinalProject\waveform_generator\waveform_generator.srcs\sources_1\new\Top.vhd:]
WARNING: [filemgmt 56-199] Attempt to get parsing info during refresh. "On-the-fly" syntax checking information may be incorrect. [C:\Users\v731v861.HOME\Documents\GitHub\EECS443-FinalProject\waveform_generator\waveform_generator.srcs\sources_1\new\PhaseAccumulator.vhd:]
WARNING: [filemgmt 56-199] Attempt to get parsing info during refresh. "On-the-fly" syntax checking information may be incorrect. [C:\Users\v731v861.HOME\Documents\GitHub\EECS443-FinalProject\waveform_generator\waveform_generator.srcs\sources_1\new\clock_divider.vhd:]
WARNING: [filemgmt 56-199] Attempt to get parsing info during refresh. "On-the-fly" syntax checking information may be incorrect. [C:\Users\v731v861.HOME\Documents\GitHub\EECS443-FinalProject\waveform_generator\waveform_generator.srcs\sources_1\new\Triangle.vhd:]
WARNING: [filemgmt 56-199] Attempt to get parsing info during refresh. "On-the-fly" syntax checking information may be incorrect. [C:\Users\v731v861.HOME\Documents\GitHub\EECS443-FinalProject\waveform_generator\waveform_generator.srcs\sources_1\new\Rectangle.vhd:]
WARNING: [filemgmt 56-199] Attempt to get parsing info during refresh. "On-the-fly" syntax checking information may be incorrect. [C:\Users\v731v861.HOME\Documents\GitHub\EECS443-FinalProject\waveform_generator\waveform_generator.srcs\sources_1\new\Sawtooth.vhd:]
WARNING: [filemgmt 56-199] Attempt to get parsing info during refresh. "On-the-fly" syntax checking information may be incorrect. [C:\Users\v731v861.HOME\Documents\GitHub\EECS443-FinalProject\waveform_generator\waveform_generator.srcs\sim_1\new\Top_tb.vhd:]
WARNING: [filemgmt 56-199] Attempt to get parsing info during refresh. "On-the-fly" syntax checking information may be incorrect. [C:\Users\v731v861.HOME\Documents\GitHub\EECS443-FinalProject\waveform_generator\waveform_generator.srcs\sources_1\new\Sawtooth.vhd:]
WARNING: [filemgmt 56-199] Attempt to get parsing info during refresh. "On-the-fly" syntax checking information may be incorrect. [C:\Users\v731v861.HOME\Documents\GitHub\EECS443-FinalProject\waveform_generator\waveform_generator.srcs\sources_1\new\Sawtooth.vhd:]
ERROR: [Common 17-180] Spawn failed: No error
close_sim
INFO: [Simtcl 6-16] Simulation closed
launch_simulation
Command: launch_simulation 
INFO: [Vivado 12-12493] Simulation top is 'Top_tb'
WARNING: [Vivado 12-13340] Unable to auto find GCC executables from simulator install path! (path not set)
WARNING: [filemgmt 56-199] Attempt to get parsing info during refresh. "On-the-fly" syntax checking information may be incorrect. [C:\Users\v731v861.HOME\Documents\GitHub\EECS443-FinalProject\waveform_generator\waveform_generator.srcs\sources_1\new\Sine.vhd:]
WARNING: [filemgmt 56-199] Attempt to get parsing info during refresh. "On-the-fly" syntax checking information may be incorrect. [C:\Users\v731v861.HOME\Documents\GitHub\EECS443-FinalProject\waveform_generator\waveform_generator.srcs\sources_1\new\Top.vhd:]
WARNING: [filemgmt 56-199] Attempt to get parsing info during refresh. "On-the-fly" syntax checking information may be incorrect. [C:\Users\v731v861.HOME\Documents\GitHub\EECS443-FinalProject\waveform_generator\waveform_generator.srcs\sources_1\new\PhaseAccumulator.vhd:]
WARNING: [filemgmt 56-199] Attempt to get parsing info during refresh. "On-the-fly" syntax checking information may be incorrect. [C:\Users\v731v861.HOME\Documents\GitHub\EECS443-FinalProject\waveform_generator\waveform_generator.srcs\sources_1\new\clock_divider.vhd:]
WARNING: [filemgmt 56-199] Attempt to get parsing info during refresh. "On-the-fly" syntax checking information may be incorrect. [C:\Users\v731v861.HOME\Documents\GitHub\EECS443-FinalProject\waveform_generator\waveform_generator.srcs\sources_1\new\Triangle.vhd:]
WARNING: [filemgmt 56-199] Attempt to get parsing info during refresh. "On-the-fly" syntax checking information may be incorrect. [C:\Users\v731v861.HOME\Documents\GitHub\EECS443-FinalProject\waveform_generator\waveform_generator.srcs\sources_1\new\Rectangle.vhd:]
WARNING: [filemgmt 56-199] Attempt to get parsing info during refresh. "On-the-fly" syntax checking information may be incorrect. [C:\Users\v731v861.HOME\Documents\GitHub\EECS443-FinalProject\waveform_generator\waveform_generator.srcs\sources_1\new\Sawtooth.vhd:]
WARNING: [filemgmt 56-199] Attempt to get parsing info during refresh. "On-the-fly" syntax checking information may be incorrect. [C:\Users\v731v861.HOME\Documents\GitHub\EECS443-FinalProject\waveform_generator\waveform_generator.srcs\sim_1\new\Top_tb.vhd:]
WARNING: [filemgmt 56-199] Attempt to get parsing info during refresh. "On-the-fly" syntax checking information may be incorrect. [C:\Users\v731v861.HOME\Documents\GitHub\EECS443-FinalProject\waveform_generator\waveform_generator.srcs\sources_1\new\PhaseAccumulator.vhd:]
WARNING: [filemgmt 56-199] Attempt to get parsing info during refresh. "On-the-fly" syntax checking information may be incorrect. [C:\Users\v731v861.HOME\Documents\GitHub\EECS443-FinalProject\waveform_generator\waveform_generator.srcs\sources_1\new\PhaseAccumulator.vhd:]
WARNING: [filemgmt 56-199] Attempt to get parsing info during refresh. "On-the-fly" syntax checking information may be incorrect. [C:\Users\v731v861.HOME\Documents\GitHub\EECS443-FinalProject\waveform_generator\waveform_generator.srcs\sources_1\new\Sine.vhd:]
WARNING: [filemgmt 56-199] Attempt to get parsing info during refresh. "On-the-fly" syntax checking information may be incorrect. [C:\Users\v731v861.HOME\Documents\GitHub\EECS443-FinalProject\waveform_generator\waveform_generator.srcs\sources_1\new\Top.vhd:]
WARNING: [filemgmt 56-199] Attempt to get parsing info during refresh. "On-the-fly" syntax checking information may be incorrect. [C:\Users\v731v861.HOME\Documents\GitHub\EECS443-FinalProject\waveform_generator\waveform_generator.srcs\sources_1\new\PhaseAccumulator.vhd:]
WARNING: [filemgmt 56-199] Attempt to get parsing info during refresh. "On-the-fly" syntax checking information may be incorrect. [C:\Users\v731v861.HOME\Documents\GitHub\EECS443-FinalProject\waveform_generator\waveform_generator.srcs\sources_1\new\clock_divider.vhd:]
WARNING: [filemgmt 56-199] Attempt to get parsing info during refresh. "On-the-fly" syntax checking information may be incorrect. [C:\Users\v731v861.HOME\Documents\GitHub\EECS443-FinalProject\waveform_generator\waveform_generator.srcs\sources_1\new\Triangle.vhd:]
WARNING: [filemgmt 56-199] Attempt to get parsing info during refresh. "On-the-fly" syntax checking information may be incorrect. [C:\Users\v731v861.HOME\Documents\GitHub\EECS443-FinalProject\waveform_generator\waveform_generator.srcs\sources_1\new\Rectangle.vhd:]
WARNING: [filemgmt 56-199] Attempt to get parsing info during refresh. "On-the-fly" syntax checking information may be incorrect. [C:\Users\v731v861.HOME\Documents\GitHub\EECS443-FinalProject\waveform_generator\waveform_generator.srcs\sources_1\new\Sawtooth.vhd:]
WARNING: [filemgmt 56-199] Attempt to get parsing info during refresh. "On-the-fly" syntax checking information may be incorrect. [C:\Users\v731v861.HOME\Documents\GitHub\EECS443-FinalProject\waveform_generator\waveform_generator.srcs\sim_1\new\Top_tb.vhd:]
WARNING: [filemgmt 56-199] Attempt to get parsing info during refresh. "On-the-fly" syntax checking information may be incorrect. [C:\Users\v731v861.HOME\Documents\GitHub\EECS443-FinalProject\waveform_generator\waveform_generator.srcs\sources_1\new\Triangle.vhd:]
WARNING: [filemgmt 56-199] Attempt to get parsing info during refresh. "On-the-fly" syntax checking information may be incorrect. [C:\Users\v731v861.HOME\Documents\GitHub\EECS443-FinalProject\waveform_generator\waveform_generator.srcs\sources_1\new\Triangle.vhd:]
WARNING: [filemgmt 56-199] Attempt to get parsing info during refresh. "On-the-fly" syntax checking information may be incorrect. [C:\Users\v731v861.HOME\Documents\GitHub\EECS443-FinalProject\waveform_generator\waveform_generator.srcs\sources_1\new\Sine.vhd:]
WARNING: [filemgmt 56-199] Attempt to get parsing info during refresh. "On-the-fly" syntax checking information may be incorrect. [C:\Users\v731v861.HOME\Documents\GitHub\EECS443-FinalProject\waveform_generator\waveform_generator.srcs\sources_1\new\Top.vhd:]
WARNING: [filemgmt 56-199] Attempt to get parsing info during refresh. "On-the-fly" syntax checking information may be incorrect. [C:\Users\v731v861.HOME\Documents\GitHub\EECS443-FinalProject\waveform_generator\waveform_generator.srcs\sources_1\new\PhaseAccumulator.vhd:]
WARNING: [filemgmt 56-199] Attempt to get parsing info during refresh. "On-the-fly" syntax checking information may be incorrect. [C:\Users\v731v861.HOME\Documents\GitHub\EECS443-FinalProject\waveform_generator\waveform_generator.srcs\sources_1\new\clock_divider.vhd:]
WARNING: [filemgmt 56-199] Attempt to get parsing info during refresh. "On-the-fly" syntax checking information may be incorrect. [C:\Users\v731v861.HOME\Documents\GitHub\EECS443-FinalProject\waveform_generator\waveform_generator.srcs\sources_1\new\Triangle.vhd:]
WARNING: [filemgmt 56-199] Attempt to get parsing info during refresh. "On-the-fly" syntax checking information may be incorrect. [C:\Users\v731v861.HOME\Documents\GitHub\EECS443-FinalProject\waveform_generator\waveform_generator.srcs\sources_1\new\Rectangle.vhd:]
WARNING: [filemgmt 56-199] Attempt to get parsing info during refresh. "On-the-fly" syntax checking information may be incorrect. [C:\Users\v731v861.HOME\Documents\GitHub\EECS443-FinalProject\waveform_generator\waveform_generator.srcs\sources_1\new\Sawtooth.vhd:]
WARNING: [filemgmt 56-199] Attempt to get parsing info during refresh. "On-the-fly" syntax checking information may be incorrect. [C:\Users\v731v861.HOME\Documents\GitHub\EECS443-FinalProject\waveform_generator\waveform_generator.srcs\sim_1\new\Top_tb.vhd:]
WARNING: [filemgmt 56-199] Attempt to get parsing info during refresh. "On-the-fly" syntax checking information may be incorrect. [C:\Users\v731v861.HOME\Documents\GitHub\EECS443-FinalProject\waveform_generator\waveform_generator.srcs\sources_1\new\Sawtooth.vhd:]
WARNING: [filemgmt 56-199] Attempt to get parsing info during refresh. "On-the-fly" syntax checking information may be incorrect. [C:\Users\v731v861.HOME\Documents\GitHub\EECS443-FinalProject\waveform_generator\waveform_generator.srcs\sources_1\new\Sawtooth.vhd:]
INFO: [Vivado 12-5682] Launching behavioral simulation in 'C:/Users/v731v861.HOME/Documents/GitHub/EECS443-FinalProject/waveform_generator/waveform_generator.sim/sim_1/behav/xsim'
INFO: [SIM-utils-51] Simulation object is 'sim_1'
INFO: [SIM-utils-72] Using boost library from 'C:/Xilinx/Vivado/2024.2/tps/boost_1_72_0'
WARNING: [filemgmt 56-199] Attempt to get parsing info during refresh. "On-the-fly" syntax checking information may be incorrect. [C:\Users\v731v861.HOME\Documents\GitHub\EECS443-FinalProject\waveform_generator\waveform_generator.srcs\sources_1\new\Sine.vhd:]
WARNING: [filemgmt 56-199] Attempt to get parsing info during refresh. "On-the-fly" syntax checking information may be incorrect. [C:\Users\v731v861.HOME\Documents\GitHub\EECS443-FinalProject\waveform_generator\waveform_generator.srcs\sources_1\new\Top.vhd:]
WARNING: [filemgmt 56-199] Attempt to get parsing info during refresh. "On-the-fly" syntax checking information may be incorrect. [C:\Users\v731v861.HOME\Documents\GitHub\EECS443-FinalProject\waveform_generator\waveform_generator.srcs\sources_1\new\PhaseAccumulator.vhd:]
WARNING: [filemgmt 56-199] Attempt to get parsing info during refresh. "On-the-fly" syntax checking information may be incorrect. [C:\Users\v731v861.HOME\Documents\GitHub\EECS443-FinalProject\waveform_generator\waveform_generator.srcs\sources_1\new\clock_divider.vhd:]
WARNING: [filemgmt 56-199] Attempt to get parsing info during refresh. "On-the-fly" syntax checking information may be incorrect. [C:\Users\v731v861.HOME\Documents\GitHub\EECS443-FinalProject\waveform_generator\waveform_generator.srcs\sources_1\new\Triangle.vhd:]
WARNING: [filemgmt 56-199] Attempt to get parsing info during refresh. "On-the-fly" syntax checking information may be incorrect. [C:\Users\v731v861.HOME\Documents\GitHub\EECS443-FinalProject\waveform_generator\waveform_generator.srcs\sources_1\new\Rectangle.vhd:]
WARNING: [filemgmt 56-199] Attempt to get parsing info during refresh. "On-the-fly" syntax checking information may be incorrect. [C:\Users\v731v861.HOME\Documents\GitHub\EECS443-FinalProject\waveform_generator\waveform_generator.srcs\sources_1\new\Sawtooth.vhd:]
WARNING: [filemgmt 56-199] Attempt to get parsing info during refresh. "On-the-fly" syntax checking information may be incorrect. [C:\Users\v731v861.HOME\Documents\GitHub\EECS443-FinalProject\waveform_generator\waveform_generator.srcs\sim_1\new\Top_tb.vhd:]
WARNING: [filemgmt 56-199] Attempt to get parsing info during refresh. "On-the-fly" syntax checking information may be incorrect. [C:\Users\v731v861.HOME\Documents\GitHub\EECS443-FinalProject\waveform_generator\waveform_generator.srcs\sources_1\new\clock_divider.vhd:]
WARNING: [filemgmt 56-199] Attempt to get parsing info during refresh. "On-the-fly" syntax checking information may be incorrect. [C:\Users\v731v861.HOME\Documents\GitHub\EECS443-FinalProject\waveform_generator\waveform_generator.srcs\sources_1\new\clock_divider.vhd:]
ERROR: [Common 17-180] Spawn failed: No error
WARNING: [filemgmt 56-199] Attempt to get parsing info during refresh. "On-the-fly" syntax checking information may be incorrect. [C:\Users\v731v861.HOME\Documents\GitHub\EECS443-FinalProject\waveform_generator\waveform_generator.srcs\sources_1\new\Sine.vhd:]
WARNING: [filemgmt 56-199] Attempt to get parsing info during refresh. "On-the-fly" syntax checking information may be incorrect. [C:\Users\v731v861.HOME\Documents\GitHub\EECS443-FinalProject\waveform_generator\waveform_generator.srcs\sources_1\new\Top.vhd:]
WARNING: [filemgmt 56-199] Attempt to get parsing info during refresh. "On-the-fly" syntax checking information may be incorrect. [C:\Users\v731v861.HOME\Documents\GitHub\EECS443-FinalProject\waveform_generator\waveform_generator.srcs\sources_1\new\PhaseAccumulator.vhd:]
WARNING: [filemgmt 56-199] Attempt to get parsing info during refresh. "On-the-fly" syntax checking information may be incorrect. [C:\Users\v731v861.HOME\Documents\GitHub\EECS443-FinalProject\waveform_generator\waveform_generator.srcs\sources_1\new\clock_divider.vhd:]
WARNING: [filemgmt 56-199] Attempt to get parsing info during refresh. "On-the-fly" syntax checking information may be incorrect. [C:\Users\v731v861.HOME\Documents\GitHub\EECS443-FinalProject\waveform_generator\waveform_generator.srcs\sources_1\new\Triangle.vhd:]
WARNING: [filemgmt 56-199] Attempt to get parsing info during refresh. "On-the-fly" syntax checking information may be incorrect. [C:\Users\v731v861.HOME\Documents\GitHub\EECS443-FinalProject\waveform_generator\waveform_generator.srcs\sources_1\new\Rectangle.vhd:]
WARNING: [filemgmt 56-199] Attempt to get parsing info during refresh. "On-the-fly" syntax checking information may be incorrect. [C:\Users\v731v861.HOME\Documents\GitHub\EECS443-FinalProject\waveform_generator\waveform_generator.srcs\sources_1\new\Sawtooth.vhd:]
WARNING: [filemgmt 56-199] Attempt to get parsing info during refresh. "On-the-fly" syntax checking information may be incorrect. [C:\Users\v731v861.HOME\Documents\GitHub\EECS443-FinalProject\waveform_generator\waveform_generator.srcs\sim_1\new\Top_tb.vhd:]
WARNING: [filemgmt 56-199] Attempt to get parsing info during refresh. "On-the-fly" syntax checking information may be incorrect. [C:\Users\v731v861.HOME\Documents\GitHub\EECS443-FinalProject\waveform_generator\waveform_generator.srcs\sources_1\new\Top.vhd:]
WARNING: [filemgmt 56-199] Attempt to get parsing info during refresh. "On-the-fly" syntax checking information may be incorrect. [C:\Users\v731v861.HOME\Documents\GitHub\EECS443-FinalProject\waveform_generator\waveform_generator.srcs\sources_1\new\Top.vhd:]
ERROR: [Common 17-180] Spawn failed: No error
WARNING: [filemgmt 56-199] Attempt to get parsing info during refresh. "On-the-fly" syntax checking information may be incorrect. [C:\Users\v731v861.HOME\Documents\GitHub\EECS443-FinalProject\waveform_generator\waveform_generator.srcs\sources_1\new\Sine.vhd:]
WARNING: [filemgmt 56-199] Attempt to get parsing info during refresh. "On-the-fly" syntax checking information may be incorrect. [C:\Users\v731v861.HOME\Documents\GitHub\EECS443-FinalProject\waveform_generator\waveform_generator.srcs\sources_1\new\Top.vhd:]
WARNING: [filemgmt 56-199] Attempt to get parsing info during refresh. "On-the-fly" syntax checking information may be incorrect. [C:\Users\v731v861.HOME\Documents\GitHub\EECS443-FinalProject\waveform_generator\waveform_generator.srcs\sources_1\new\PhaseAccumulator.vhd:]
WARNING: [filemgmt 56-199] Attempt to get parsing info during refresh. "On-the-fly" syntax checking information may be incorrect. [C:\Users\v731v861.HOME\Documents\GitHub\EECS443-FinalProject\waveform_generator\waveform_generator.srcs\sources_1\new\clock_divider.vhd:]
WARNING: [filemgmt 56-199] Attempt to get parsing info during refresh. "On-the-fly" syntax checking information may be incorrect. [C:\Users\v731v861.HOME\Documents\GitHub\EECS443-FinalProject\waveform_generator\waveform_generator.srcs\sources_1\new\Triangle.vhd:]
WARNING: [filemgmt 56-199] Attempt to get parsing info during refresh. "On-the-fly" syntax checking information may be incorrect. [C:\Users\v731v861.HOME\Documents\GitHub\EECS443-FinalProject\waveform_generator\waveform_generator.srcs\sources_1\new\Rectangle.vhd:]
WARNING: [filemgmt 56-199] Attempt to get parsing info during refresh. "On-the-fly" syntax checking information may be incorrect. [C:\Users\v731v861.HOME\Documents\GitHub\EECS443-FinalProject\waveform_generator\waveform_generator.srcs\sources_1\new\Sawtooth.vhd:]
WARNING: [filemgmt 56-199] Attempt to get parsing info during refresh. "On-the-fly" syntax checking information may be incorrect. [C:\Users\v731v861.HOME\Documents\GitHub\EECS443-FinalProject\waveform_generator\waveform_generator.srcs\sim_1\new\Top_tb.vhd:]
WARNING: [filemgmt 56-199] Attempt to get parsing info during refresh. "On-the-fly" syntax checking information may be incorrect. [C:\Users\v731v861.HOME\Documents\GitHub\EECS443-FinalProject\waveform_generator\waveform_generator.srcs\sim_1\new\Top_tb.vhd:]
WARNING: [filemgmt 56-199] Attempt to get parsing info during refresh. "On-the-fly" syntax checking information may be incorrect. [C:\Users\v731v861.HOME\Documents\GitHub\EECS443-FinalProject\waveform_generator\waveform_generator.srcs\sim_1\new\Top_tb.vhd:]
ERROR: [Common 17-180] Spawn failed: No error
WARNING: [filemgmt 56-199] Attempt to get parsing info during refresh. "On-the-fly" syntax checking information may be incorrect. [C:\Users\v731v861.HOME\Documents\GitHub\EECS443-FinalProject\waveform_generator\waveform_generator.srcs\sources_1\new\Sine.vhd:]
WARNING: [filemgmt 56-199] Attempt to get parsing info during refresh. "On-the-fly" syntax checking information may be incorrect. [C:\Users\v731v861.HOME\Documents\GitHub\EECS443-FinalProject\waveform_generator\waveform_generator.srcs\sources_1\new\Top.vhd:]
WARNING: [filemgmt 56-199] Attempt to get parsing info during refresh. "On-the-fly" syntax checking information may be incorrect. [C:\Users\v731v861.HOME\Documents\GitHub\EECS443-FinalProject\waveform_generator\waveform_generator.srcs\sources_1\new\PhaseAccumulator.vhd:]
WARNING: [filemgmt 56-199] Attempt to get parsing info during refresh. "On-the-fly" syntax checking information may be incorrect. [C:\Users\v731v861.HOME\Documents\GitHub\EECS443-FinalProject\waveform_generator\waveform_generator.srcs\sources_1\new\clock_divider.vhd:]
WARNING: [filemgmt 56-199] Attempt to get parsing info during refresh. "On-the-fly" syntax checking information may be incorrect. [C:\Users\v731v861.HOME\Documents\GitHub\EECS443-FinalProject\waveform_generator\waveform_generator.srcs\sources_1\new\Triangle.vhd:]
WARNING: [filemgmt 56-199] Attempt to get parsing info during refresh. "On-the-fly" syntax checking information may be incorrect. [C:\Users\v731v861.HOME\Documents\GitHub\EECS443-FinalProject\waveform_generator\waveform_generator.srcs\sources_1\new\Rectangle.vhd:]
WARNING: [filemgmt 56-199] Attempt to get parsing info during refresh. "On-the-fly" syntax checking information may be incorrect. [C:\Users\v731v861.HOME\Documents\GitHub\EECS443-FinalProject\waveform_generator\waveform_generator.srcs\sources_1\new\Sawtooth.vhd:]
WARNING: [filemgmt 56-199] Attempt to get parsing info during refresh. "On-the-fly" syntax checking information may be incorrect. [C:\Users\v731v861.HOME\Documents\GitHub\EECS443-FinalProject\waveform_generator\waveform_generator.srcs\sim_1\new\Top_tb.vhd:]
WARNING: [filemgmt 56-199] Attempt to get parsing info during refresh. "On-the-fly" syntax checking information may be incorrect. [C:\Users\v731v861.HOME\Documents\GitHub\EECS443-FinalProject\waveform_generator\waveform_generator.srcs\sources_1\new\Sine.vhd:]
WARNING: [filemgmt 56-199] Attempt to get parsing info during refresh. "On-the-fly" syntax checking information may be incorrect. [C:\Users\v731v861.HOME\Documents\GitHub\EECS443-FinalProject\waveform_generator\waveform_generator.srcs\sources_1\new\Sine.vhd:]
ERROR: [Common 17-39] 'get_xpm_libraries' failed due to earlier errors.

    while executing
"rdi::get_xpm_libraries"
    (procedure "xcs_get_xpm_libraries" line 14)
    invoked from within
"xcs_get_xpm_libraries"
    (procedure "usf_xsim_setup_simulation" line 50)
    invoked from within
"usf_xsim_setup_simulation"
    (procedure "tclapp::xilinx::xsim::setup" line 29)
    invoked from within
"tclapp::xilinx::xsim::setup { -simset sim_1 -mode behavioral -run_dir C:/Users/v731v861.HOME/Documents/GitHub/EECS443-FinalProject/waveform_generator/..."
ERROR: [Vivado 12-4473] Detected error while running simulation. Please correct the issue and retry this operation.
ERROR: [Common 17-39] 'launch_simulation' failed due to earlier errors.
ERROR: [Common 17-180] Spawn failed: No error
launch_simulation
Command: launch_simulation 
INFO: [Vivado 12-12493] Simulation top is 'Top_tb'
WARNING: [Vivado 12-13340] Unable to auto find GCC executables from simulator install path! (path not set)
INFO: [Vivado 12-5682] Launching behavioral simulation in 'C:/Users/v731v861.HOME/Documents/GitHub/EECS443-FinalProject/waveform_generator/waveform_generator.sim/sim_1/behav/xsim'
INFO: [SIM-utils-51] Simulation object is 'sim_1'
INFO: [SIM-utils-72] Using boost library from 'C:/Xilinx/Vivado/2024.2/tps/boost_1_72_0'
INFO: [SIM-utils-54] Inspecting design source files for 'Top_tb' in fileset 'sim_1'...
INFO: [USF-XSim-97] Finding global include files...
INFO: [USF-XSim-98] Fetching design files from 'sim_1'...
INFO: [USF-XSim-2] XSim::Compile design
INFO: [USF-XSim-61] Executing 'COMPILE and ANALYZE' step in 'C:/Users/v731v861.HOME/Documents/GitHub/EECS443-FinalProject/waveform_generator/waveform_generator.sim/sim_1/behav/xsim'
"xvhdl --incr --relax -prj Top_tb_vhdl.prj"
INFO: [VRFC 10-163] Analyzing VHDL file "C:/Users/v731v861.HOME/Documents/GitHub/EECS443-FinalProject/waveform_generator/waveform_generator.srcs/sim_1/new/Top_tb.vhd" into library xil_defaultlib
INFO: [VRFC 10-3107] analyzing entity 'Top_tb'
INFO: [USF-XSim-69] 'compile' step finished in '2' seconds
INFO: [USF-XSim-3] XSim::Elaborate design
INFO: [USF-XSim-61] Executing 'ELABORATE' step in 'C:/Users/v731v861.HOME/Documents/GitHub/EECS443-FinalProject/waveform_generator/waveform_generator.sim/sim_1/behav/xsim'
"xelab --incr --debug typical --relax --mt 2 -L xil_defaultlib -L secureip --snapshot Top_tb_behav xil_defaultlib.Top_tb -log elaborate.log"
Vivado Simulator v2024.2.0
Copyright 1986-2022 Xilinx, Inc. All Rights Reserved.
Copyright 2022-2024 Advanced Micro Devices, Inc. All Rights Reserved.
Running: C:/Xilinx/Vivado/2024.2/bin/unwrapped/win64.o/xelab.exe --incr --debug typical --relax --mt 2 -L xil_defaultlib -L secureip --snapshot Top_tb_behav xil_defaultlib.Top_tb -log elaborate.log 
Using 2 slave threads.
Starting static elaboration
Completed static elaboration
Starting simulation data flow analysis
Completed simulation data flow analysis
Time Resolution for simulation is 1ps
Compiling package std.standard
Compiling package std.textio
Compiling package ieee.std_logic_1164
Compiling package ieee.numeric_std
Compiling architecture behavioral of entity xil_defaultlib.PhaseAccumulator [phaseaccumulator_default]
Compiling architecture behavioral of entity xil_defaultlib.Rectangle [rectangle_default]
Compiling architecture behavioral of entity xil_defaultlib.Sawtooth [sawtooth_default]
Compiling architecture behavioral of entity xil_defaultlib.Sine [sine_default]
Compiling architecture behavioral of entity xil_defaultlib.Triangle [triangle_default]
Compiling architecture behavioral of entity xil_defaultlib.Top [top_default]
Compiling architecture behavioral of entity xil_defaultlib.top_tb
Built simulation snapshot Top_tb_behav
INFO: [USF-XSim-69] 'elaborate' step finished in '2' seconds
INFO: [USF-XSim-4] XSim::Simulate design
INFO: [USF-XSim-61] Executing 'SIMULATE' step in 'C:/Users/v731v861.HOME/Documents/GitHub/EECS443-FinalProject/waveform_generator/waveform_generator.sim/sim_1/behav/xsim'
INFO: [USF-XSim-98] *** Running xsim
   with args "Top_tb_behav -key {Behavioral:sim_1:Functional:Top_tb} -tclbatch {Top_tb.tcl} -view {C:/Users/v731v861.HOME/Documents/GitHub/EECS443-FinalProject/waveform_generator/Top_tb_behav.wcfg} -log {simulate.log}"
INFO: [USF-XSim-8] Loading simulator feature
Time resolution is 1 ps
open_wave_config C:/Users/v731v861.HOME/Documents/GitHub/EECS443-FinalProject/waveform_generator/Top_tb_behav.wcfg
source Top_tb.tcl
# set curr_wave [current_wave_config]
# if { [string length $curr_wave] == 0 } {
#   if { [llength [get_objects]] > 0} {
#     add_wave /
#     set_property needs_save false [current_wave_config]
#   } else {
#      send_msg_id Add_Wave-1 WARNING "No top level signals found. Simulator will start without a wave window. If you want to open a wave window go to 'File->New Waveform Configuration' or type 'create_wave_config' in the TCL console."
#   }
# }
# run 10us
INFO: [USF-XSim-96] XSim completed. Design snapshot 'Top_tb_behav' loaded.
INFO: [USF-XSim-97] XSim simulation ran for 10us
launch_simulation: Time (s): cpu = 00:00:04 ; elapsed = 00:00:09 . Memory (MB): peak = 2407.480 ; gain = 0.000
set_property -name {xsim.simulate.runtime} -value {20s} -objects [get_filesets sim_1]
WARNING: [filemgmt 56-199] Attempt to get parsing info during refresh. "On-the-fly" syntax checking information may be incorrect. [C:\Users\v731v861.HOME\Documents\GitHub\EECS443-FinalProject\waveform_generator\waveform_generator.srcs\sources_1\new\Sine.vhd:]
WARNING: [filemgmt 56-199] Attempt to get parsing info during refresh. "On-the-fly" syntax checking information may be incorrect. [C:\Users\v731v861.HOME\Documents\GitHub\EECS443-FinalProject\waveform_generator\waveform_generator.srcs\sources_1\new\Top.vhd:]
WARNING: [filemgmt 56-199] Attempt to get parsing info during refresh. "On-the-fly" syntax checking information may be incorrect. [C:\Users\v731v861.HOME\Documents\GitHub\EECS443-FinalProject\waveform_generator\waveform_generator.srcs\sources_1\new\PhaseAccumulator.vhd:]
WARNING: [filemgmt 56-199] Attempt to get parsing info during refresh. "On-the-fly" syntax checking information may be incorrect. [C:\Users\v731v861.HOME\Documents\GitHub\EECS443-FinalProject\waveform_generator\waveform_generator.srcs\sources_1\new\clock_divider.vhd:]
WARNING: [filemgmt 56-199] Attempt to get parsing info during refresh. "On-the-fly" syntax checking information may be incorrect. [C:\Users\v731v861.HOME\Documents\GitHub\EECS443-FinalProject\waveform_generator\waveform_generator.srcs\sources_1\new\Triangle.vhd:]
WARNING: [filemgmt 56-199] Attempt to get parsing info during refresh. "On-the-fly" syntax checking information may be incorrect. [C:\Users\v731v861.HOME\Documents\GitHub\EECS443-FinalProject\waveform_generator\waveform_generator.srcs\sources_1\new\Rectangle.vhd:]
WARNING: [filemgmt 56-199] Attempt to get parsing info during refresh. "On-the-fly" syntax checking information may be incorrect. [C:\Users\v731v861.HOME\Documents\GitHub\EECS443-FinalProject\waveform_generator\waveform_generator.srcs\sources_1\new\Sawtooth.vhd:]
WARNING: [filemgmt 56-199] Attempt to get parsing info during refresh. "On-the-fly" syntax checking information may be incorrect. [C:\Users\v731v861.HOME\Documents\GitHub\EECS443-FinalProject\waveform_generator\waveform_generator.srcs\sim_1\new\Top_tb.vhd:]
WARNING: [filemgmt 56-199] Attempt to get parsing info during refresh. "On-the-fly" syntax checking information may be incorrect. [C:\Users\v731v861.HOME\Documents\GitHub\EECS443-FinalProject\waveform_generator\waveform_generator.srcs\sources_1\new\PhaseAccumulator.vhd:]
WARNING: [filemgmt 56-199] Attempt to get parsing info during refresh. "On-the-fly" syntax checking information may be incorrect. [C:\Users\v731v861.HOME\Documents\GitHub\EECS443-FinalProject\waveform_generator\waveform_generator.srcs\sources_1\new\PhaseAccumulator.vhd:]
WARNING: [filemgmt 56-199] Attempt to get parsing info during refresh. "On-the-fly" syntax checking information may be incorrect. [C:\Users\v731v861.HOME\Documents\GitHub\EECS443-FinalProject\waveform_generator\waveform_generator.srcs\sources_1\new\Sine.vhd:]
WARNING: [filemgmt 56-199] Attempt to get parsing info during refresh. "On-the-fly" syntax checking information may be incorrect. [C:\Users\v731v861.HOME\Documents\GitHub\EECS443-FinalProject\waveform_generator\waveform_generator.srcs\sources_1\new\Top.vhd:]
WARNING: [filemgmt 56-199] Attempt to get parsing info during refresh. "On-the-fly" syntax checking information may be incorrect. [C:\Users\v731v861.HOME\Documents\GitHub\EECS443-FinalProject\waveform_generator\waveform_generator.srcs\sources_1\new\PhaseAccumulator.vhd:]
WARNING: [filemgmt 56-199] Attempt to get parsing info during refresh. "On-the-fly" syntax checking information may be incorrect. [C:\Users\v731v861.HOME\Documents\GitHub\EECS443-FinalProject\waveform_generator\waveform_generator.srcs\sources_1\new\clock_divider.vhd:]
WARNING: [filemgmt 56-199] Attempt to get parsing info during refresh. "On-the-fly" syntax checking information may be incorrect. [C:\Users\v731v861.HOME\Documents\GitHub\EECS443-FinalProject\waveform_generator\waveform_generator.srcs\sources_1\new\Triangle.vhd:]
WARNING: [filemgmt 56-199] Attempt to get parsing info during refresh. "On-the-fly" syntax checking information may be incorrect. [C:\Users\v731v861.HOME\Documents\GitHub\EECS443-FinalProject\waveform_generator\waveform_generator.srcs\sources_1\new\Rectangle.vhd:]
WARNING: [filemgmt 56-199] Attempt to get parsing info during refresh. "On-the-fly" syntax checking information may be incorrect. [C:\Users\v731v861.HOME\Documents\GitHub\EECS443-FinalProject\waveform_generator\waveform_generator.srcs\sources_1\new\Sawtooth.vhd:]
WARNING: [filemgmt 56-199] Attempt to get parsing info during refresh. "On-the-fly" syntax checking information may be incorrect. [C:\Users\v731v861.HOME\Documents\GitHub\EECS443-FinalProject\waveform_generator\waveform_generator.srcs\sim_1\new\Top_tb.vhd:]
WARNING: [filemgmt 56-199] Attempt to get parsing info during refresh. "On-the-fly" syntax checking information may be incorrect. [C:\Users\v731v861.HOME\Documents\GitHub\EECS443-FinalProject\waveform_generator\waveform_generator.srcs\sources_1\new\Top.vhd:]
WARNING: [filemgmt 56-199] Attempt to get parsing info during refresh. "On-the-fly" syntax checking information may be incorrect. [C:\Users\v731v861.HOME\Documents\GitHub\EECS443-FinalProject\waveform_generator\waveform_generator.srcs\sources_1\new\Top.vhd:]
WARNING: [filemgmt 56-199] Attempt to get parsing info during refresh. "On-the-fly" syntax checking information may be incorrect. [C:\Users\v731v861.HOME\Documents\GitHub\EECS443-FinalProject\waveform_generator\waveform_generator.srcs\sources_1\new\Sine.vhd:]
WARNING: [filemgmt 56-199] Attempt to get parsing info during refresh. "On-the-fly" syntax checking information may be incorrect. [C:\Users\v731v861.HOME\Documents\GitHub\EECS443-FinalProject\waveform_generator\waveform_generator.srcs\sources_1\new\Top.vhd:]
WARNING: [filemgmt 56-199] Attempt to get parsing info during refresh. "On-the-fly" syntax checking information may be incorrect. [C:\Users\v731v861.HOME\Documents\GitHub\EECS443-FinalProject\waveform_generator\waveform_generator.srcs\sources_1\new\PhaseAccumulator.vhd:]
WARNING: [filemgmt 56-199] Attempt to get parsing info during refresh. "On-the-fly" syntax checking information may be incorrect. [C:\Users\v731v861.HOME\Documents\GitHub\EECS443-FinalProject\waveform_generator\waveform_generator.srcs\sources_1\new\clock_divider.vhd:]
WARNING: [filemgmt 56-199] Attempt to get parsing info during refresh. "On-the-fly" syntax checking information may be incorrect. [C:\Users\v731v861.HOME\Documents\GitHub\EECS443-FinalProject\waveform_generator\waveform_generator.srcs\sources_1\new\Triangle.vhd:]
WARNING: [filemgmt 56-199] Attempt to get parsing info during refresh. "On-the-fly" syntax checking information may be incorrect. [C:\Users\v731v861.HOME\Documents\GitHub\EECS443-FinalProject\waveform_generator\waveform_generator.srcs\sources_1\new\Rectangle.vhd:]
WARNING: [filemgmt 56-199] Attempt to get parsing info during refresh. "On-the-fly" syntax checking information may be incorrect. [C:\Users\v731v861.HOME\Documents\GitHub\EECS443-FinalProject\waveform_generator\waveform_generator.srcs\sources_1\new\Sawtooth.vhd:]
WARNING: [filemgmt 56-199] Attempt to get parsing info during refresh. "On-the-fly" syntax checking information may be incorrect. [C:\Users\v731v861.HOME\Documents\GitHub\EECS443-FinalProject\waveform_generator\waveform_generator.srcs\sim_1\new\Top_tb.vhd:]
WARNING: [filemgmt 56-199] Attempt to get parsing info during refresh. "On-the-fly" syntax checking information may be incorrect. [C:\Users\v731v861.HOME\Documents\GitHub\EECS443-FinalProject\waveform_generator\waveform_generator.srcs\sources_1\new\Triangle.vhd:]
WARNING: [filemgmt 56-199] Attempt to get parsing info during refresh. "On-the-fly" syntax checking information may be incorrect. [C:\Users\v731v861.HOME\Documents\GitHub\EECS443-FinalProject\waveform_generator\waveform_generator.srcs\sources_1\new\Triangle.vhd:]
WARNING: [filemgmt 56-199] Attempt to get parsing info during refresh. "On-the-fly" syntax checking information may be incorrect. [C:\Users\v731v861.HOME\Documents\GitHub\EECS443-FinalProject\waveform_generator\waveform_generator.srcs\sources_1\new\Sine.vhd:]
WARNING: [filemgmt 56-199] Attempt to get parsing info during refresh. "On-the-fly" syntax checking information may be incorrect. [C:\Users\v731v861.HOME\Documents\GitHub\EECS443-FinalProject\waveform_generator\waveform_generator.srcs\sources_1\new\Top.vhd:]
WARNING: [filemgmt 56-199] Attempt to get parsing info during refresh. "On-the-fly" syntax checking information may be incorrect. [C:\Users\v731v861.HOME\Documents\GitHub\EECS443-FinalProject\waveform_generator\waveform_generator.srcs\sources_1\new\PhaseAccumulator.vhd:]
WARNING: [filemgmt 56-199] Attempt to get parsing info during refresh. "On-the-fly" syntax checking information may be incorrect. [C:\Users\v731v861.HOME\Documents\GitHub\EECS443-FinalProject\waveform_generator\waveform_generator.srcs\sources_1\new\clock_divider.vhd:]
WARNING: [filemgmt 56-199] Attempt to get parsing info during refresh. "On-the-fly" syntax checking information may be incorrect. [C:\Users\v731v861.HOME\Documents\GitHub\EECS443-FinalProject\waveform_generator\waveform_generator.srcs\sources_1\new\Triangle.vhd:]
WARNING: [filemgmt 56-199] Attempt to get parsing info during refresh. "On-the-fly" syntax checking information may be incorrect. [C:\Users\v731v861.HOME\Documents\GitHub\EECS443-FinalProject\waveform_generator\waveform_generator.srcs\sources_1\new\Rectangle.vhd:]
WARNING: [filemgmt 56-199] Attempt to get parsing info during refresh. "On-the-fly" syntax checking information may be incorrect. [C:\Users\v731v861.HOME\Documents\GitHub\EECS443-FinalProject\waveform_generator\waveform_generator.srcs\sources_1\new\Sawtooth.vhd:]
WARNING: [filemgmt 56-199] Attempt to get parsing info during refresh. "On-the-fly" syntax checking information may be incorrect. [C:\Users\v731v861.HOME\Documents\GitHub\EECS443-FinalProject\waveform_generator\waveform_generator.srcs\sim_1\new\Top_tb.vhd:]
WARNING: [filemgmt 56-199] Attempt to get parsing info during refresh. "On-the-fly" syntax checking information may be incorrect. [C:\Users\v731v861.HOME\Documents\GitHub\EECS443-FinalProject\waveform_generator\waveform_generator.srcs\sources_1\new\Sine.vhd:]
WARNING: [filemgmt 56-199] Attempt to get parsing info during refresh. "On-the-fly" syntax checking information may be incorrect. [C:\Users\v731v861.HOME\Documents\GitHub\EECS443-FinalProject\waveform_generator\waveform_generator.srcs\sources_1\new\Sine.vhd:]
WARNING: [filemgmt 56-199] Attempt to get parsing info during refresh. "On-the-fly" syntax checking information may be incorrect. [C:\Users\v731v861.HOME\Documents\GitHub\EECS443-FinalProject\waveform_generator\waveform_generator.srcs\sources_1\new\Sine.vhd:]
WARNING: [filemgmt 56-199] Attempt to get parsing info during refresh. "On-the-fly" syntax checking information may be incorrect. [C:\Users\v731v861.HOME\Documents\GitHub\EECS443-FinalProject\waveform_generator\waveform_generator.srcs\sources_1\new\Top.vhd:]
WARNING: [filemgmt 56-199] Attempt to get parsing info during refresh. "On-the-fly" syntax checking information may be incorrect. [C:\Users\v731v861.HOME\Documents\GitHub\EECS443-FinalProject\waveform_generator\waveform_generator.srcs\sources_1\new\PhaseAccumulator.vhd:]
WARNING: [filemgmt 56-199] Attempt to get parsing info during refresh. "On-the-fly" syntax checking information may be incorrect. [C:\Users\v731v861.HOME\Documents\GitHub\EECS443-FinalProject\waveform_generator\waveform_generator.srcs\sources_1\new\clock_divider.vhd:]
WARNING: [filemgmt 56-199] Attempt to get parsing info during refresh. "On-the-fly" syntax checking information may be incorrect. [C:\Users\v731v861.HOME\Documents\GitHub\EECS443-FinalProject\waveform_generator\waveform_generator.srcs\sources_1\new\Triangle.vhd:]
WARNING: [filemgmt 56-199] Attempt to get parsing info during refresh. "On-the-fly" syntax checking information may be incorrect. [C:\Users\v731v861.HOME\Documents\GitHub\EECS443-FinalProject\waveform_generator\waveform_generator.srcs\sources_1\new\Rectangle.vhd:]
WARNING: [filemgmt 56-199] Attempt to get parsing info during refresh. "On-the-fly" syntax checking information may be incorrect. [C:\Users\v731v861.HOME\Documents\GitHub\EECS443-FinalProject\waveform_generator\waveform_generator.srcs\sources_1\new\Sawtooth.vhd:]
WARNING: [filemgmt 56-199] Attempt to get parsing info during refresh. "On-the-fly" syntax checking information may be incorrect. [C:\Users\v731v861.HOME\Documents\GitHub\EECS443-FinalProject\waveform_generator\waveform_generator.srcs\sim_1\new\Top_tb.vhd:]
WARNING: [filemgmt 56-199] Attempt to get parsing info during refresh. "On-the-fly" syntax checking information may be incorrect. [C:\Users\v731v861.HOME\Documents\GitHub\EECS443-FinalProject\waveform_generator\waveform_generator.srcs\sources_1\new\Sawtooth.vhd:]
WARNING: [filemgmt 56-199] Attempt to get parsing info during refresh. "On-the-fly" syntax checking information may be incorrect. [C:\Users\v731v861.HOME\Documents\GitHub\EECS443-FinalProject\waveform_generator\waveform_generator.srcs\sources_1\new\Sawtooth.vhd:]
WARNING: [filemgmt 56-199] Attempt to get parsing info during refresh. "On-the-fly" syntax checking information may be incorrect. [C:\Users\v731v861.HOME\Documents\GitHub\EECS443-FinalProject\waveform_generator\waveform_generator.srcs\sources_1\new\Sine.vhd:]
WARNING: [filemgmt 56-199] Attempt to get parsing info during refresh. "On-the-fly" syntax checking information may be incorrect. [C:\Users\v731v861.HOME\Documents\GitHub\EECS443-FinalProject\waveform_generator\waveform_generator.srcs\sources_1\new\Top.vhd:]
WARNING: [filemgmt 56-199] Attempt to get parsing info during refresh. "On-the-fly" syntax checking information may be incorrect. [C:\Users\v731v861.HOME\Documents\GitHub\EECS443-FinalProject\waveform_generator\waveform_generator.srcs\sources_1\new\PhaseAccumulator.vhd:]
WARNING: [filemgmt 56-199] Attempt to get parsing info during refresh. "On-the-fly" syntax checking information may be incorrect. [C:\Users\v731v861.HOME\Documents\GitHub\EECS443-FinalProject\waveform_generator\waveform_generator.srcs\sources_1\new\clock_divider.vhd:]
WARNING: [filemgmt 56-199] Attempt to get parsing info during refresh. "On-the-fly" syntax checking information may be incorrect. [C:\Users\v731v861.HOME\Documents\GitHub\EECS443-FinalProject\waveform_generator\waveform_generator.srcs\sources_1\new\Triangle.vhd:]
WARNING: [filemgmt 56-199] Attempt to get parsing info during refresh. "On-the-fly" syntax checking information may be incorrect. [C:\Users\v731v861.HOME\Documents\GitHub\EECS443-FinalProject\waveform_generator\waveform_generator.srcs\sources_1\new\Rectangle.vhd:]
WARNING: [filemgmt 56-199] Attempt to get parsing info during refresh. "On-the-fly" syntax checking information may be incorrect. [C:\Users\v731v861.HOME\Documents\GitHub\EECS443-FinalProject\waveform_generator\waveform_generator.srcs\sources_1\new\Sawtooth.vhd:]
WARNING: [filemgmt 56-199] Attempt to get parsing info during refresh. "On-the-fly" syntax checking information may be incorrect. [C:\Users\v731v861.HOME\Documents\GitHub\EECS443-FinalProject\waveform_generator\waveform_generator.srcs\sim_1\new\Top_tb.vhd:]
WARNING: [filemgmt 56-199] Attempt to get parsing info during refresh. "On-the-fly" syntax checking information may be incorrect. [C:\Users\v731v861.HOME\Documents\GitHub\EECS443-FinalProject\waveform_generator\waveform_generator.srcs\sources_1\new\Rectangle.vhd:]
WARNING: [filemgmt 56-199] Attempt to get parsing info during refresh. "On-the-fly" syntax checking information may be incorrect. [C:\Users\v731v861.HOME\Documents\GitHub\EECS443-FinalProject\waveform_generator\waveform_generator.srcs\sources_1\new\Rectangle.vhd:]
WARNING: [filemgmt 56-199] Attempt to get parsing info during refresh. "On-the-fly" syntax checking information may be incorrect. [C:\Users\v731v861.HOME\Documents\GitHub\EECS443-FinalProject\waveform_generator\waveform_generator.srcs\sources_1\new\Sine.vhd:]
WARNING: [filemgmt 56-199] Attempt to get parsing info during refresh. "On-the-fly" syntax checking information may be incorrect. [C:\Users\v731v861.HOME\Documents\GitHub\EECS443-FinalProject\waveform_generator\waveform_generator.srcs\sources_1\new\Top.vhd:]
WARNING: [filemgmt 56-199] Attempt to get parsing info during refresh. "On-the-fly" syntax checking information may be incorrect. [C:\Users\v731v861.HOME\Documents\GitHub\EECS443-FinalProject\waveform_generator\waveform_generator.srcs\sources_1\new\PhaseAccumulator.vhd:]
WARNING: [filemgmt 56-199] Attempt to get parsing info during refresh. "On-the-fly" syntax checking information may be incorrect. [C:\Users\v731v861.HOME\Documents\GitHub\EECS443-FinalProject\waveform_generator\waveform_generator.srcs\sources_1\new\clock_divider.vhd:]
WARNING: [filemgmt 56-199] Attempt to get parsing info during refresh. "On-the-fly" syntax checking information may be incorrect. [C:\Users\v731v861.HOME\Documents\GitHub\EECS443-FinalProject\waveform_generator\waveform_generator.srcs\sources_1\new\Triangle.vhd:]
WARNING: [filemgmt 56-199] Attempt to get parsing info during refresh. "On-the-fly" syntax checking information may be incorrect. [C:\Users\v731v861.HOME\Documents\GitHub\EECS443-FinalProject\waveform_generator\waveform_generator.srcs\sources_1\new\Rectangle.vhd:]
WARNING: [filemgmt 56-199] Attempt to get parsing info during refresh. "On-the-fly" syntax checking information may be incorrect. [C:\Users\v731v861.HOME\Documents\GitHub\EECS443-FinalProject\waveform_generator\waveform_generator.srcs\sources_1\new\Sawtooth.vhd:]
WARNING: [filemgmt 56-199] Attempt to get parsing info during refresh. "On-the-fly" syntax checking information may be incorrect. [C:\Users\v731v861.HOME\Documents\GitHub\EECS443-FinalProject\waveform_generator\waveform_generator.srcs\sim_1\new\Top_tb.vhd:]
WARNING: [filemgmt 56-199] Attempt to get parsing info during refresh. "On-the-fly" syntax checking information may be incorrect. [C:\Users\v731v861.HOME\Documents\GitHub\EECS443-FinalProject\waveform_generator\waveform_generator.srcs\sources_1\new\clock_divider.vhd:]
WARNING: [filemgmt 56-199] Attempt to get parsing info during refresh. "On-the-fly" syntax checking information may be incorrect. [C:\Users\v731v861.HOME\Documents\GitHub\EECS443-FinalProject\waveform_generator\waveform_generator.srcs\sources_1\new\clock_divider.vhd:]
close_sim
INFO: [Simtcl 6-16] Simulation closed
launch_simulation
Command: launch_simulation 
INFO: [Vivado 12-12493] Simulation top is 'Top_tb'
WARNING: [Vivado 12-13340] Unable to auto find GCC executables from simulator install path! (path not set)
INFO: [Vivado 12-5682] Launching behavioral simulation in 'C:/Users/v731v861.HOME/Documents/GitHub/EECS443-FinalProject/waveform_generator/waveform_generator.sim/sim_1/behav/xsim'
INFO: [SIM-utils-51] Simulation object is 'sim_1'
INFO: [SIM-utils-72] Using boost library from 'C:/Xilinx/Vivado/2024.2/tps/boost_1_72_0'
INFO: [SIM-utils-54] Inspecting design source files for 'Top_tb' in fileset 'sim_1'...
INFO: [USF-XSim-97] Finding global include files...
INFO: [USF-XSim-98] Fetching design files from 'sim_1'...
INFO: [USF-XSim-2] XSim::Compile design
INFO: [USF-XSim-61] Executing 'COMPILE and ANALYZE' step in 'C:/Users/v731v861.HOME/Documents/GitHub/EECS443-FinalProject/waveform_generator/waveform_generator.sim/sim_1/behav/xsim'
"xvhdl --incr --relax -prj Top_tb_vhdl.prj"
INFO: [USF-XSim-69] 'compile' step finished in '2' seconds
INFO: [USF-XSim-3] XSim::Elaborate design
INFO: [USF-XSim-61] Executing 'ELABORATE' step in 'C:/Users/v731v861.HOME/Documents/GitHub/EECS443-FinalProject/waveform_generator/waveform_generator.sim/sim_1/behav/xsim'
"xelab --incr --debug typical --relax --mt 2 -L xil_defaultlib -L secureip --snapshot Top_tb_behav xil_defaultlib.Top_tb -log elaborate.log"
Vivado Simulator v2024.2.0
Copyright 1986-2022 Xilinx, Inc. All Rights Reserved.
Copyright 2022-2024 Advanced Micro Devices, Inc. All Rights Reserved.
Running: C:/Xilinx/Vivado/2024.2/bin/unwrapped/win64.o/xelab.exe --incr --debug typical --relax --mt 2 -L xil_defaultlib -L secureip --snapshot Top_tb_behav xil_defaultlib.Top_tb -log elaborate.log 
Using 2 slave threads.
Starting static elaboration
Completed static elaboration
INFO: [XSIM 43-4323] No Change in HDL. Linking previously generated obj files to create kernel
INFO: [USF-XSim-69] 'elaborate' step finished in '3' seconds
INFO: [USF-XSim-4] XSim::Simulate design
INFO: [USF-XSim-61] Executing 'SIMULATE' step in 'C:/Users/v731v861.HOME/Documents/GitHub/EECS443-FinalProject/waveform_generator/waveform_generator.sim/sim_1/behav/xsim'
INFO: [USF-XSim-98] *** Running xsim
   with args "Top_tb_behav -key {Behavioral:sim_1:Functional:Top_tb} -tclbatch {Top_tb.tcl} -view {C:/Users/v731v861.HOME/Documents/GitHub/EECS443-FinalProject/waveform_generator/Top_tb_behav.wcfg} -log {simulate.log}"
INFO: [USF-XSim-8] Loading simulator feature
Time resolution is 1 ps
open_wave_config C:/Users/v731v861.HOME/Documents/GitHub/EECS443-FinalProject/waveform_generator/Top_tb_behav.wcfg
source Top_tb.tcl
# set curr_wave [current_wave_config]
# if { [string length $curr_wave] == 0 } {
#   if { [llength [get_objects]] > 0} {
#     add_wave /
#     set_property needs_save false [current_wave_config]
#   } else {
#      send_msg_id Add_Wave-1 WARNING "No top level signals found. Simulator will start without a wave window. If you want to open a wave window go to 'File->New Waveform Configuration' or type 'create_wave_config' in the TCL console."
#   }
# }
# run 20s
INFO: [Common 17-41] Interrupt caught. Command should exit soon.
run: Time (s): cpu = 00:03:49 ; elapsed = 00:03:31 . Memory (MB): peak = 2411.242 ; gain = 1.848
INFO: [Common 17-344] 'run' was cancelled
INFO: [Common 17-344] 'source' was cancelled
xsim: Time (s): cpu = 00:03:50 ; elapsed = 00:03:34 . Memory (MB): peak = 2411.242 ; gain = 1.848
INFO: [Common 17-344] 'xsim' was cancelled
INFO: [Vivado 12-5357] 'simulate' step aborted
launch_simulation: Time (s): cpu = 00:03:51 ; elapsed = 00:03:38 . Memory (MB): peak = 2411.242 ; gain = 1.848
INFO: [Common 17-344] 'launch_simulation' was cancelled
set_property -name {xsim.simulate.runtime} -value {1s} -objects [get_filesets sim_1]
WARNING: [filemgmt 56-199] Attempt to get parsing info during refresh. "On-the-fly" syntax checking information may be incorrect. [C:\Users\v731v861.HOME\Documents\GitHub\EECS443-FinalProject\waveform_generator\waveform_generator.srcs\sources_1\new\Sine.vhd:]
WARNING: [filemgmt 56-199] Attempt to get parsing info during refresh. "On-the-fly" syntax checking information may be incorrect. [C:\Users\v731v861.HOME\Documents\GitHub\EECS443-FinalProject\waveform_generator\waveform_generator.srcs\sources_1\new\Top.vhd:]
WARNING: [filemgmt 56-199] Attempt to get parsing info during refresh. "On-the-fly" syntax checking information may be incorrect. [C:\Users\v731v861.HOME\Documents\GitHub\EECS443-FinalProject\waveform_generator\waveform_generator.srcs\sources_1\new\PhaseAccumulator.vhd:]
WARNING: [filemgmt 56-199] Attempt to get parsing info during refresh. "On-the-fly" syntax checking information may be incorrect. [C:\Users\v731v861.HOME\Documents\GitHub\EECS443-FinalProject\waveform_generator\waveform_generator.srcs\sources_1\new\clock_divider.vhd:]
WARNING: [filemgmt 56-199] Attempt to get parsing info during refresh. "On-the-fly" syntax checking information may be incorrect. [C:\Users\v731v861.HOME\Documents\GitHub\EECS443-FinalProject\waveform_generator\waveform_generator.srcs\sources_1\new\Triangle.vhd:]
WARNING: [filemgmt 56-199] Attempt to get parsing info during refresh. "On-the-fly" syntax checking information may be incorrect. [C:\Users\v731v861.HOME\Documents\GitHub\EECS443-FinalProject\waveform_generator\waveform_generator.srcs\sources_1\new\Rectangle.vhd:]
WARNING: [filemgmt 56-199] Attempt to get parsing info during refresh. "On-the-fly" syntax checking information may be incorrect. [C:\Users\v731v861.HOME\Documents\GitHub\EECS443-FinalProject\waveform_generator\waveform_generator.srcs\sources_1\new\Sawtooth.vhd:]
WARNING: [filemgmt 56-199] Attempt to get parsing info during refresh. "On-the-fly" syntax checking information may be incorrect. [C:\Users\v731v861.HOME\Documents\GitHub\EECS443-FinalProject\waveform_generator\waveform_generator.srcs\sim_1\new\Top_tb.vhd:]
WARNING: [filemgmt 56-199] Attempt to get parsing info during refresh. "On-the-fly" syntax checking information may be incorrect. [C:\Users\v731v861.HOME\Documents\GitHub\EECS443-FinalProject\waveform_generator\waveform_generator.srcs\sources_1\new\PhaseAccumulator.vhd:]
WARNING: [filemgmt 56-199] Attempt to get parsing info during refresh. "On-the-fly" syntax checking information may be incorrect. [C:\Users\v731v861.HOME\Documents\GitHub\EECS443-FinalProject\waveform_generator\waveform_generator.srcs\sources_1\new\PhaseAccumulator.vhd:]
WARNING: [filemgmt 56-199] Attempt to get parsing info during refresh. "On-the-fly" syntax checking information may be incorrect. [C:\Users\v731v861.HOME\Documents\GitHub\EECS443-FinalProject\waveform_generator\waveform_generator.srcs\sources_1\new\Sine.vhd:]
WARNING: [filemgmt 56-199] Attempt to get parsing info during refresh. "On-the-fly" syntax checking information may be incorrect. [C:\Users\v731v861.HOME\Documents\GitHub\EECS443-FinalProject\waveform_generator\waveform_generator.srcs\sources_1\new\Top.vhd:]
WARNING: [filemgmt 56-199] Attempt to get parsing info during refresh. "On-the-fly" syntax checking information may be incorrect. [C:\Users\v731v861.HOME\Documents\GitHub\EECS443-FinalProject\waveform_generator\waveform_generator.srcs\sources_1\new\PhaseAccumulator.vhd:]
WARNING: [filemgmt 56-199] Attempt to get parsing info during refresh. "On-the-fly" syntax checking information may be incorrect. [C:\Users\v731v861.HOME\Documents\GitHub\EECS443-FinalProject\waveform_generator\waveform_generator.srcs\sources_1\new\clock_divider.vhd:]
WARNING: [filemgmt 56-199] Attempt to get parsing info during refresh. "On-the-fly" syntax checking information may be incorrect. [C:\Users\v731v861.HOME\Documents\GitHub\EECS443-FinalProject\waveform_generator\waveform_generator.srcs\sources_1\new\Triangle.vhd:]
WARNING: [filemgmt 56-199] Attempt to get parsing info during refresh. "On-the-fly" syntax checking information may be incorrect. [C:\Users\v731v861.HOME\Documents\GitHub\EECS443-FinalProject\waveform_generator\waveform_generator.srcs\sources_1\new\Rectangle.vhd:]
WARNING: [filemgmt 56-199] Attempt to get parsing info during refresh. "On-the-fly" syntax checking information may be incorrect. [C:\Users\v731v861.HOME\Documents\GitHub\EECS443-FinalProject\waveform_generator\waveform_generator.srcs\sources_1\new\Sawtooth.vhd:]
WARNING: [filemgmt 56-199] Attempt to get parsing info during refresh. "On-the-fly" syntax checking information may be incorrect. [C:\Users\v731v861.HOME\Documents\GitHub\EECS443-FinalProject\waveform_generator\waveform_generator.srcs\sim_1\new\Top_tb.vhd:]
WARNING: [filemgmt 56-199] Attempt to get parsing info during refresh. "On-the-fly" syntax checking information may be incorrect. [C:\Users\v731v861.HOME\Documents\GitHub\EECS443-FinalProject\waveform_generator\waveform_generator.srcs\sources_1\new\clock_divider.vhd:]
WARNING: [filemgmt 56-199] Attempt to get parsing info during refresh. "On-the-fly" syntax checking information may be incorrect. [C:\Users\v731v861.HOME\Documents\GitHub\EECS443-FinalProject\waveform_generator\waveform_generator.srcs\sources_1\new\clock_divider.vhd:]
WARNING: [filemgmt 56-199] Attempt to get parsing info during refresh. "On-the-fly" syntax checking information may be incorrect. [C:\Users\v731v861.HOME\Documents\GitHub\EECS443-FinalProject\waveform_generator\waveform_generator.srcs\sources_1\new\Sine.vhd:]
WARNING: [filemgmt 56-199] Attempt to get parsing info during refresh. "On-the-fly" syntax checking information may be incorrect. [C:\Users\v731v861.HOME\Documents\GitHub\EECS443-FinalProject\waveform_generator\waveform_generator.srcs\sources_1\new\Top.vhd:]
WARNING: [filemgmt 56-199] Attempt to get parsing info during refresh. "On-the-fly" syntax checking information may be incorrect. [C:\Users\v731v861.HOME\Documents\GitHub\EECS443-FinalProject\waveform_generator\waveform_generator.srcs\sources_1\new\PhaseAccumulator.vhd:]
WARNING: [filemgmt 56-199] Attempt to get parsing info during refresh. "On-the-fly" syntax checking information may be incorrect. [C:\Users\v731v861.HOME\Documents\GitHub\EECS443-FinalProject\waveform_generator\waveform_generator.srcs\sources_1\new\clock_divider.vhd:]
WARNING: [filemgmt 56-199] Attempt to get parsing info during refresh. "On-the-fly" syntax checking information may be incorrect. [C:\Users\v731v861.HOME\Documents\GitHub\EECS443-FinalProject\waveform_generator\waveform_generator.srcs\sources_1\new\Triangle.vhd:]
WARNING: [filemgmt 56-199] Attempt to get parsing info during refresh. "On-the-fly" syntax checking information may be incorrect. [C:\Users\v731v861.HOME\Documents\GitHub\EECS443-FinalProject\waveform_generator\waveform_generator.srcs\sources_1\new\Rectangle.vhd:]
WARNING: [filemgmt 56-199] Attempt to get parsing info during refresh. "On-the-fly" syntax checking information may be incorrect. [C:\Users\v731v861.HOME\Documents\GitHub\EECS443-FinalProject\waveform_generator\waveform_generator.srcs\sources_1\new\Sawtooth.vhd:]
WARNING: [filemgmt 56-199] Attempt to get parsing info during refresh. "On-the-fly" syntax checking information may be incorrect. [C:\Users\v731v861.HOME\Documents\GitHub\EECS443-FinalProject\waveform_generator\waveform_generator.srcs\sim_1\new\Top_tb.vhd:]
WARNING: [filemgmt 56-199] Attempt to get parsing info during refresh. "On-the-fly" syntax checking information may be incorrect. [C:\Users\v731v861.HOME\Documents\GitHub\EECS443-FinalProject\waveform_generator\waveform_generator.srcs\sources_1\new\Triangle.vhd:]
WARNING: [filemgmt 56-199] Attempt to get parsing info during refresh. "On-the-fly" syntax checking information may be incorrect. [C:\Users\v731v861.HOME\Documents\GitHub\EECS443-FinalProject\waveform_generator\waveform_generator.srcs\sources_1\new\Triangle.vhd:]
WARNING: [filemgmt 56-199] Attempt to get parsing info during refresh. "On-the-fly" syntax checking information may be incorrect. [C:\Users\v731v861.HOME\Documents\GitHub\EECS443-FinalProject\waveform_generator\waveform_generator.srcs\sources_1\new\Sine.vhd:]
WARNING: [filemgmt 56-199] Attempt to get parsing info during refresh. "On-the-fly" syntax checking information may be incorrect. [C:\Users\v731v861.HOME\Documents\GitHub\EECS443-FinalProject\waveform_generator\waveform_generator.srcs\sources_1\new\Top.vhd:]
WARNING: [filemgmt 56-199] Attempt to get parsing info during refresh. "On-the-fly" syntax checking information may be incorrect. [C:\Users\v731v861.HOME\Documents\GitHub\EECS443-FinalProject\waveform_generator\waveform_generator.srcs\sources_1\new\PhaseAccumulator.vhd:]
WARNING: [filemgmt 56-199] Attempt to get parsing info during refresh. "On-the-fly" syntax checking information may be incorrect. [C:\Users\v731v861.HOME\Documents\GitHub\EECS443-FinalProject\waveform_generator\waveform_generator.srcs\sources_1\new\clock_divider.vhd:]
WARNING: [filemgmt 56-199] Attempt to get parsing info during refresh. "On-the-fly" syntax checking information may be incorrect. [C:\Users\v731v861.HOME\Documents\GitHub\EECS443-FinalProject\waveform_generator\waveform_generator.srcs\sources_1\new\Triangle.vhd:]
WARNING: [filemgmt 56-199] Attempt to get parsing info during refresh. "On-the-fly" syntax checking information may be incorrect. [C:\Users\v731v861.HOME\Documents\GitHub\EECS443-FinalProject\waveform_generator\waveform_generator.srcs\sources_1\new\Rectangle.vhd:]
WARNING: [filemgmt 56-199] Attempt to get parsing info during refresh. "On-the-fly" syntax checking information may be incorrect. [C:\Users\v731v861.HOME\Documents\GitHub\EECS443-FinalProject\waveform_generator\waveform_generator.srcs\sources_1\new\Sawtooth.vhd:]
WARNING: [filemgmt 56-199] Attempt to get parsing info during refresh. "On-the-fly" syntax checking information may be incorrect. [C:\Users\v731v861.HOME\Documents\GitHub\EECS443-FinalProject\waveform_generator\waveform_generator.srcs\sim_1\new\Top_tb.vhd:]
WARNING: [filemgmt 56-199] Attempt to get parsing info during refresh. "On-the-fly" syntax checking information may be incorrect. [C:\Users\v731v861.HOME\Documents\GitHub\EECS443-FinalProject\waveform_generator\waveform_generator.srcs\sources_1\new\Sawtooth.vhd:]
WARNING: [filemgmt 56-199] Attempt to get parsing info during refresh. "On-the-fly" syntax checking information may be incorrect. [C:\Users\v731v861.HOME\Documents\GitHub\EECS443-FinalProject\waveform_generator\waveform_generator.srcs\sources_1\new\Sawtooth.vhd:]
WARNING: [filemgmt 56-199] Attempt to get parsing info during refresh. "On-the-fly" syntax checking information may be incorrect. [C:\Users\v731v861.HOME\Documents\GitHub\EECS443-FinalProject\waveform_generator\waveform_generator.srcs\sources_1\new\Sine.vhd:]
WARNING: [filemgmt 56-199] Attempt to get parsing info during refresh. "On-the-fly" syntax checking information may be incorrect. [C:\Users\v731v861.HOME\Documents\GitHub\EECS443-FinalProject\waveform_generator\waveform_generator.srcs\sources_1\new\Top.vhd:]
WARNING: [filemgmt 56-199] Attempt to get parsing info during refresh. "On-the-fly" syntax checking information may be incorrect. [C:\Users\v731v861.HOME\Documents\GitHub\EECS443-FinalProject\waveform_generator\waveform_generator.srcs\sources_1\new\PhaseAccumulator.vhd:]
WARNING: [filemgmt 56-199] Attempt to get parsing info during refresh. "On-the-fly" syntax checking information may be incorrect. [C:\Users\v731v861.HOME\Documents\GitHub\EECS443-FinalProject\waveform_generator\waveform_generator.srcs\sources_1\new\clock_divider.vhd:]
WARNING: [filemgmt 56-199] Attempt to get parsing info during refresh. "On-the-fly" syntax checking information may be incorrect. [C:\Users\v731v861.HOME\Documents\GitHub\EECS443-FinalProject\waveform_generator\waveform_generator.srcs\sources_1\new\Triangle.vhd:]
WARNING: [filemgmt 56-199] Attempt to get parsing info during refresh. "On-the-fly" syntax checking information may be incorrect. [C:\Users\v731v861.HOME\Documents\GitHub\EECS443-FinalProject\waveform_generator\waveform_generator.srcs\sources_1\new\Rectangle.vhd:]
WARNING: [filemgmt 56-199] Attempt to get parsing info during refresh. "On-the-fly" syntax checking information may be incorrect. [C:\Users\v731v861.HOME\Documents\GitHub\EECS443-FinalProject\waveform_generator\waveform_generator.srcs\sources_1\new\Sawtooth.vhd:]
WARNING: [filemgmt 56-199] Attempt to get parsing info during refresh. "On-the-fly" syntax checking information may be incorrect. [C:\Users\v731v861.HOME\Documents\GitHub\EECS443-FinalProject\waveform_generator\waveform_generator.srcs\sim_1\new\Top_tb.vhd:]
WARNING: [filemgmt 56-199] Attempt to get parsing info during refresh. "On-the-fly" syntax checking information may be incorrect. [C:\Users\v731v861.HOME\Documents\GitHub\EECS443-FinalProject\waveform_generator\waveform_generator.srcs\sim_1\new\Top_tb.vhd:]
WARNING: [filemgmt 56-199] Attempt to get parsing info during refresh. "On-the-fly" syntax checking information may be incorrect. [C:\Users\v731v861.HOME\Documents\GitHub\EECS443-FinalProject\waveform_generator\waveform_generator.srcs\sim_1\new\Top_tb.vhd:]
ERROR: [Common 17-180] Spawn failed: No error
WARNING: [filemgmt 56-199] Attempt to get parsing info during refresh. "On-the-fly" syntax checking information may be incorrect. [C:\Users\v731v861.HOME\Documents\GitHub\EECS443-FinalProject\waveform_generator\waveform_generator.srcs\sources_1\new\Sine.vhd:]
WARNING: [filemgmt 56-199] Attempt to get parsing info during refresh. "On-the-fly" syntax checking information may be incorrect. [C:\Users\v731v861.HOME\Documents\GitHub\EECS443-FinalProject\waveform_generator\waveform_generator.srcs\sources_1\new\Top.vhd:]
WARNING: [filemgmt 56-199] Attempt to get parsing info during refresh. "On-the-fly" syntax checking information may be incorrect. [C:\Users\v731v861.HOME\Documents\GitHub\EECS443-FinalProject\waveform_generator\waveform_generator.srcs\sources_1\new\PhaseAccumulator.vhd:]
WARNING: [filemgmt 56-199] Attempt to get parsing info during refresh. "On-the-fly" syntax checking information may be incorrect. [C:\Users\v731v861.HOME\Documents\GitHub\EECS443-FinalProject\waveform_generator\waveform_generator.srcs\sources_1\new\clock_divider.vhd:]
WARNING: [filemgmt 56-199] Attempt to get parsing info during refresh. "On-the-fly" syntax checking information may be incorrect. [C:\Users\v731v861.HOME\Documents\GitHub\EECS443-FinalProject\waveform_generator\waveform_generator.srcs\sources_1\new\Triangle.vhd:]
WARNING: [filemgmt 56-199] Attempt to get parsing info during refresh. "On-the-fly" syntax checking information may be incorrect. [C:\Users\v731v861.HOME\Documents\GitHub\EECS443-FinalProject\waveform_generator\waveform_generator.srcs\sources_1\new\Rectangle.vhd:]
WARNING: [filemgmt 56-199] Attempt to get parsing info during refresh. "On-the-fly" syntax checking information may be incorrect. [C:\Users\v731v861.HOME\Documents\GitHub\EECS443-FinalProject\waveform_generator\waveform_generator.srcs\sources_1\new\Sawtooth.vhd:]
WARNING: [filemgmt 56-199] Attempt to get parsing info during refresh. "On-the-fly" syntax checking information may be incorrect. [C:\Users\v731v861.HOME\Documents\GitHub\EECS443-FinalProject\waveform_generator\waveform_generator.srcs\sim_1\new\Top_tb.vhd:]
WARNING: [filemgmt 56-199] Attempt to get parsing info during refresh. "On-the-fly" syntax checking information may be incorrect. [C:\Users\v731v861.HOME\Documents\GitHub\EECS443-FinalProject\waveform_generator\waveform_generator.srcs\sources_1\new\Sine.vhd:]
WARNING: [filemgmt 56-199] Attempt to get parsing info during refresh. "On-the-fly" syntax checking information may be incorrect. [C:\Users\v731v861.HOME\Documents\GitHub\EECS443-FinalProject\waveform_generator\waveform_generator.srcs\sources_1\new\Sine.vhd:]
ERROR: [Common 17-180] Spawn failed: No error
close_sim
INFO: xsimkernel Simulation Memory Usage: 37416 KB (Peak: 37416 KB), Simulation CPU Usage: 108296 ms
INFO: [Simtcl 6-16] Simulation closed
WARNING: [filemgmt 56-199] Attempt to get parsing info during refresh. "On-the-fly" syntax checking information may be incorrect. [C:\Users\v731v861.HOME\Documents\GitHub\EECS443-FinalProject\waveform_generator\waveform_generator.srcs\sources_1\new\Sine.vhd:]
WARNING: [filemgmt 56-199] Attempt to get parsing info during refresh. "On-the-fly" syntax checking information may be incorrect. [C:\Users\v731v861.HOME\Documents\GitHub\EECS443-FinalProject\waveform_generator\waveform_generator.srcs\sources_1\new\Top.vhd:]
WARNING: [filemgmt 56-199] Attempt to get parsing info during refresh. "On-the-fly" syntax checking information may be incorrect. [C:\Users\v731v861.HOME\Documents\GitHub\EECS443-FinalProject\waveform_generator\waveform_generator.srcs\sources_1\new\PhaseAccumulator.vhd:]
WARNING: [filemgmt 56-199] Attempt to get parsing info during refresh. "On-the-fly" syntax checking information may be incorrect. [C:\Users\v731v861.HOME\Documents\GitHub\EECS443-FinalProject\waveform_generator\waveform_generator.srcs\sources_1\new\clock_divider.vhd:]
WARNING: [filemgmt 56-199] Attempt to get parsing info during refresh. "On-the-fly" syntax checking information may be incorrect. [C:\Users\v731v861.HOME\Documents\GitHub\EECS443-FinalProject\waveform_generator\waveform_generator.srcs\sources_1\new\Triangle.vhd:]
WARNING: [filemgmt 56-199] Attempt to get parsing info during refresh. "On-the-fly" syntax checking information may be incorrect. [C:\Users\v731v861.HOME\Documents\GitHub\EECS443-FinalProject\waveform_generator\waveform_generator.srcs\sources_1\new\Rectangle.vhd:]
WARNING: [filemgmt 56-199] Attempt to get parsing info during refresh. "On-the-fly" syntax checking information may be incorrect. [C:\Users\v731v861.HOME\Documents\GitHub\EECS443-FinalProject\waveform_generator\waveform_generator.srcs\sources_1\new\Sawtooth.vhd:]
WARNING: [filemgmt 56-199] Attempt to get parsing info during refresh. "On-the-fly" syntax checking information may be incorrect. [C:\Users\v731v861.HOME\Documents\GitHub\EECS443-FinalProject\waveform_generator\waveform_generator.srcs\sim_1\new\Top_tb.vhd:]
WARNING: [filemgmt 56-199] Attempt to get parsing info during refresh. "On-the-fly" syntax checking information may be incorrect. [C:\Users\v731v861.HOME\Documents\GitHub\EECS443-FinalProject\waveform_generator\waveform_generator.srcs\sources_1\new\PhaseAccumulator.vhd:]
WARNING: [filemgmt 56-199] Attempt to get parsing info during refresh. "On-the-fly" syntax checking information may be incorrect. [C:\Users\v731v861.HOME\Documents\GitHub\EECS443-FinalProject\waveform_generator\waveform_generator.srcs\sources_1\new\PhaseAccumulator.vhd:]
WARNING: [filemgmt 56-199] Attempt to get parsing info during refresh. "On-the-fly" syntax checking information may be incorrect. [C:\Users\v731v861.HOME\Documents\GitHub\EECS443-FinalProject\waveform_generator\waveform_generator.srcs\sources_1\new\Sine.vhd:]
WARNING: [filemgmt 56-199] Attempt to get parsing info during refresh. "On-the-fly" syntax checking information may be incorrect. [C:\Users\v731v861.HOME\Documents\GitHub\EECS443-FinalProject\waveform_generator\waveform_generator.srcs\sources_1\new\Top.vhd:]
WARNING: [filemgmt 56-199] Attempt to get parsing info during refresh. "On-the-fly" syntax checking information may be incorrect. [C:\Users\v731v861.HOME\Documents\GitHub\EECS443-FinalProject\waveform_generator\waveform_generator.srcs\sources_1\new\PhaseAccumulator.vhd:]
WARNING: [filemgmt 56-199] Attempt to get parsing info during refresh. "On-the-fly" syntax checking information may be incorrect. [C:\Users\v731v861.HOME\Documents\GitHub\EECS443-FinalProject\waveform_generator\waveform_generator.srcs\sources_1\new\clock_divider.vhd:]
WARNING: [filemgmt 56-199] Attempt to get parsing info during refresh. "On-the-fly" syntax checking information may be incorrect. [C:\Users\v731v861.HOME\Documents\GitHub\EECS443-FinalProject\waveform_generator\waveform_generator.srcs\sources_1\new\Triangle.vhd:]
WARNING: [filemgmt 56-199] Attempt to get parsing info during refresh. "On-the-fly" syntax checking information may be incorrect. [C:\Users\v731v861.HOME\Documents\GitHub\EECS443-FinalProject\waveform_generator\waveform_generator.srcs\sources_1\new\Rectangle.vhd:]
WARNING: [filemgmt 56-199] Attempt to get parsing info during refresh. "On-the-fly" syntax checking information may be incorrect. [C:\Users\v731v861.HOME\Documents\GitHub\EECS443-FinalProject\waveform_generator\waveform_generator.srcs\sources_1\new\Sawtooth.vhd:]
WARNING: [filemgmt 56-199] Attempt to get parsing info during refresh. "On-the-fly" syntax checking information may be incorrect. [C:\Users\v731v861.HOME\Documents\GitHub\EECS443-FinalProject\waveform_generator\waveform_generator.srcs\sim_1\new\Top_tb.vhd:]
WARNING: [filemgmt 56-199] Attempt to get parsing info during refresh. "On-the-fly" syntax checking information may be incorrect. [C:\Users\v731v861.HOME\Documents\GitHub\EECS443-FinalProject\waveform_generator\waveform_generator.srcs\sources_1\new\Triangle.vhd:]
WARNING: [filemgmt 56-199] Attempt to get parsing info during refresh. "On-the-fly" syntax checking information may be incorrect. [C:\Users\v731v861.HOME\Documents\GitHub\EECS443-FinalProject\waveform_generator\waveform_generator.srcs\sources_1\new\Triangle.vhd:]
WARNING: [filemgmt 56-199] Attempt to get parsing info during refresh. "On-the-fly" syntax checking information may be incorrect. [C:\Users\v731v861.HOME\Documents\GitHub\EECS443-FinalProject\waveform_generator\waveform_generator.srcs\sources_1\new\Sine.vhd:]
WARNING: [filemgmt 56-199] Attempt to get parsing info during refresh. "On-the-fly" syntax checking information may be incorrect. [C:\Users\v731v861.HOME\Documents\GitHub\EECS443-FinalProject\waveform_generator\waveform_generator.srcs\sources_1\new\Top.vhd:]
WARNING: [filemgmt 56-199] Attempt to get parsing info during refresh. "On-the-fly" syntax checking information may be incorrect. [C:\Users\v731v861.HOME\Documents\GitHub\EECS443-FinalProject\waveform_generator\waveform_generator.srcs\sources_1\new\PhaseAccumulator.vhd:]
WARNING: [filemgmt 56-199] Attempt to get parsing info during refresh. "On-the-fly" syntax checking information may be incorrect. [C:\Users\v731v861.HOME\Documents\GitHub\EECS443-FinalProject\waveform_generator\waveform_generator.srcs\sources_1\new\clock_divider.vhd:]
WARNING: [filemgmt 56-199] Attempt to get parsing info during refresh. "On-the-fly" syntax checking information may be incorrect. [C:\Users\v731v861.HOME\Documents\GitHub\EECS443-FinalProject\waveform_generator\waveform_generator.srcs\sources_1\new\Triangle.vhd:]
WARNING: [filemgmt 56-199] Attempt to get parsing info during refresh. "On-the-fly" syntax checking information may be incorrect. [C:\Users\v731v861.HOME\Documents\GitHub\EECS443-FinalProject\waveform_generator\waveform_generator.srcs\sources_1\new\Rectangle.vhd:]
WARNING: [filemgmt 56-199] Attempt to get parsing info during refresh. "On-the-fly" syntax checking information may be incorrect. [C:\Users\v731v861.HOME\Documents\GitHub\EECS443-FinalProject\waveform_generator\waveform_generator.srcs\sources_1\new\Sawtooth.vhd:]
WARNING: [filemgmt 56-199] Attempt to get parsing info during refresh. "On-the-fly" syntax checking information may be incorrect. [C:\Users\v731v861.HOME\Documents\GitHub\EECS443-FinalProject\waveform_generator\waveform_generator.srcs\sim_1\new\Top_tb.vhd:]
WARNING: [filemgmt 56-199] Attempt to get parsing info during refresh. "On-the-fly" syntax checking information may be incorrect. [C:\Users\v731v861.HOME\Documents\GitHub\EECS443-FinalProject\waveform_generator\waveform_generator.srcs\sources_1\new\Sawtooth.vhd:]
WARNING: [filemgmt 56-199] Attempt to get parsing info during refresh. "On-the-fly" syntax checking information may be incorrect. [C:\Users\v731v861.HOME\Documents\GitHub\EECS443-FinalProject\waveform_generator\waveform_generator.srcs\sources_1\new\Sawtooth.vhd:]
WARNING: [filemgmt 56-199] Attempt to get parsing info during refresh. "On-the-fly" syntax checking information may be incorrect. [C:\Users\v731v861.HOME\Documents\GitHub\EECS443-FinalProject\waveform_generator\waveform_generator.srcs\sources_1\new\Sine.vhd:]
WARNING: [filemgmt 56-199] Attempt to get parsing info during refresh. "On-the-fly" syntax checking information may be incorrect. [C:\Users\v731v861.HOME\Documents\GitHub\EECS443-FinalProject\waveform_generator\waveform_generator.srcs\sources_1\new\Top.vhd:]
WARNING: [filemgmt 56-199] Attempt to get parsing info during refresh. "On-the-fly" syntax checking information may be incorrect. [C:\Users\v731v861.HOME\Documents\GitHub\EECS443-FinalProject\waveform_generator\waveform_generator.srcs\sources_1\new\PhaseAccumulator.vhd:]
WARNING: [filemgmt 56-199] Attempt to get parsing info during refresh. "On-the-fly" syntax checking information may be incorrect. [C:\Users\v731v861.HOME\Documents\GitHub\EECS443-FinalProject\waveform_generator\waveform_generator.srcs\sources_1\new\clock_divider.vhd:]
WARNING: [filemgmt 56-199] Attempt to get parsing info during refresh. "On-the-fly" syntax checking information may be incorrect. [C:\Users\v731v861.HOME\Documents\GitHub\EECS443-FinalProject\waveform_generator\waveform_generator.srcs\sources_1\new\Triangle.vhd:]
WARNING: [filemgmt 56-199] Attempt to get parsing info during refresh. "On-the-fly" syntax checking information may be incorrect. [C:\Users\v731v861.HOME\Documents\GitHub\EECS443-FinalProject\waveform_generator\waveform_generator.srcs\sources_1\new\Rectangle.vhd:]
WARNING: [filemgmt 56-199] Attempt to get parsing info during refresh. "On-the-fly" syntax checking information may be incorrect. [C:\Users\v731v861.HOME\Documents\GitHub\EECS443-FinalProject\waveform_generator\waveform_generator.srcs\sources_1\new\Sawtooth.vhd:]
WARNING: [filemgmt 56-199] Attempt to get parsing info during refresh. "On-the-fly" syntax checking information may be incorrect. [C:\Users\v731v861.HOME\Documents\GitHub\EECS443-FinalProject\waveform_generator\waveform_generator.srcs\sim_1\new\Top_tb.vhd:]
WARNING: [filemgmt 56-199] Attempt to get parsing info during refresh. "On-the-fly" syntax checking information may be incorrect. [C:\Users\v731v861.HOME\Documents\GitHub\EECS443-FinalProject\waveform_generator\waveform_generator.srcs\sources_1\new\clock_divider.vhd:]
WARNING: [filemgmt 56-199] Attempt to get parsing info during refresh. "On-the-fly" syntax checking information may be incorrect. [C:\Users\v731v861.HOME\Documents\GitHub\EECS443-FinalProject\waveform_generator\waveform_generator.srcs\sources_1\new\clock_divider.vhd:]
ERROR: [Common 17-180] Spawn failed: No error
WARNING: [filemgmt 56-199] Attempt to get parsing info during refresh. "On-the-fly" syntax checking information may be incorrect. [C:\Users\v731v861.HOME\Documents\GitHub\EECS443-FinalProject\waveform_generator\waveform_generator.srcs\sources_1\new\Sine.vhd:]
WARNING: [filemgmt 56-199] Attempt to get parsing info during refresh. "On-the-fly" syntax checking information may be incorrect. [C:\Users\v731v861.HOME\Documents\GitHub\EECS443-FinalProject\waveform_generator\waveform_generator.srcs\sources_1\new\Top.vhd:]
WARNING: [filemgmt 56-199] Attempt to get parsing info during refresh. "On-the-fly" syntax checking information may be incorrect. [C:\Users\v731v861.HOME\Documents\GitHub\EECS443-FinalProject\waveform_generator\waveform_generator.srcs\sources_1\new\PhaseAccumulator.vhd:]
WARNING: [filemgmt 56-199] Attempt to get parsing info during refresh. "On-the-fly" syntax checking information may be incorrect. [C:\Users\v731v861.HOME\Documents\GitHub\EECS443-FinalProject\waveform_generator\waveform_generator.srcs\sources_1\new\clock_divider.vhd:]
WARNING: [filemgmt 56-199] Attempt to get parsing info during refresh. "On-the-fly" syntax checking information may be incorrect. [C:\Users\v731v861.HOME\Documents\GitHub\EECS443-FinalProject\waveform_generator\waveform_generator.srcs\sources_1\new\Triangle.vhd:]
WARNING: [filemgmt 56-199] Attempt to get parsing info during refresh. "On-the-fly" syntax checking information may be incorrect. [C:\Users\v731v861.HOME\Documents\GitHub\EECS443-FinalProject\waveform_generator\waveform_generator.srcs\sources_1\new\Rectangle.vhd:]
WARNING: [filemgmt 56-199] Attempt to get parsing info during refresh. "On-the-fly" syntax checking information may be incorrect. [C:\Users\v731v861.HOME\Documents\GitHub\EECS443-FinalProject\waveform_generator\waveform_generator.srcs\sources_1\new\Sawtooth.vhd:]
WARNING: [filemgmt 56-199] Attempt to get parsing info during refresh. "On-the-fly" syntax checking information may be incorrect. [C:\Users\v731v861.HOME\Documents\GitHub\EECS443-FinalProject\waveform_generator\waveform_generator.srcs\sim_1\new\Top_tb.vhd:]
WARNING: [filemgmt 56-199] Attempt to get parsing info during refresh. "On-the-fly" syntax checking information may be incorrect. [C:\Users\v731v861.HOME\Documents\GitHub\EECS443-FinalProject\waveform_generator\waveform_generator.srcs\sim_1\new\Top_tb.vhd:]
WARNING: [filemgmt 56-199] Attempt to get parsing info during refresh. "On-the-fly" syntax checking information may be incorrect. [C:\Users\v731v861.HOME\Documents\GitHub\EECS443-FinalProject\waveform_generator\waveform_generator.srcs\sim_1\new\Top_tb.vhd:]
ERROR: [Common 17-180] Spawn failed: No error
WARNING: [filemgmt 56-199] Attempt to get parsing info during refresh. "On-the-fly" syntax checking information may be incorrect. [C:\Users\v731v861.HOME\Documents\GitHub\EECS443-FinalProject\waveform_generator\waveform_generator.srcs\sources_1\new\Sine.vhd:]
WARNING: [filemgmt 56-199] Attempt to get parsing info during refresh. "On-the-fly" syntax checking information may be incorrect. [C:\Users\v731v861.HOME\Documents\GitHub\EECS443-FinalProject\waveform_generator\waveform_generator.srcs\sources_1\new\Top.vhd:]
WARNING: [filemgmt 56-199] Attempt to get parsing info during refresh. "On-the-fly" syntax checking information may be incorrect. [C:\Users\v731v861.HOME\Documents\GitHub\EECS443-FinalProject\waveform_generator\waveform_generator.srcs\sources_1\new\PhaseAccumulator.vhd:]
WARNING: [filemgmt 56-199] Attempt to get parsing info during refresh. "On-the-fly" syntax checking information may be incorrect. [C:\Users\v731v861.HOME\Documents\GitHub\EECS443-FinalProject\waveform_generator\waveform_generator.srcs\sources_1\new\clock_divider.vhd:]
WARNING: [filemgmt 56-199] Attempt to get parsing info during refresh. "On-the-fly" syntax checking information may be incorrect. [C:\Users\v731v861.HOME\Documents\GitHub\EECS443-FinalProject\waveform_generator\waveform_generator.srcs\sources_1\new\Triangle.vhd:]
WARNING: [filemgmt 56-199] Attempt to get parsing info during refresh. "On-the-fly" syntax checking information may be incorrect. [C:\Users\v731v861.HOME\Documents\GitHub\EECS443-FinalProject\waveform_generator\waveform_generator.srcs\sources_1\new\Rectangle.vhd:]
WARNING: [filemgmt 56-199] Attempt to get parsing info during refresh. "On-the-fly" syntax checking information may be incorrect. [C:\Users\v731v861.HOME\Documents\GitHub\EECS443-FinalProject\waveform_generator\waveform_generator.srcs\sources_1\new\Sawtooth.vhd:]
WARNING: [filemgmt 56-199] Attempt to get parsing info during refresh. "On-the-fly" syntax checking information may be incorrect. [C:\Users\v731v861.HOME\Documents\GitHub\EECS443-FinalProject\waveform_generator\waveform_generator.srcs\sim_1\new\Top_tb.vhd:]
WARNING: [filemgmt 56-199] Attempt to get parsing info during refresh. "On-the-fly" syntax checking information may be incorrect. [C:\Users\v731v861.HOME\Documents\GitHub\EECS443-FinalProject\waveform_generator\waveform_generator.srcs\sources_1\new\Top.vhd:]
WARNING: [filemgmt 56-199] Attempt to get parsing info during refresh. "On-the-fly" syntax checking information may be incorrect. [C:\Users\v731v861.HOME\Documents\GitHub\EECS443-FinalProject\waveform_generator\waveform_generator.srcs\sources_1\new\Top.vhd:]
WARNING: [filemgmt 56-199] Attempt to get parsing info during refresh. "On-the-fly" syntax checking information may be incorrect. [C:\Users\v731v861.HOME\Documents\GitHub\EECS443-FinalProject\waveform_generator\waveform_generator.srcs\sources_1\new\Sine.vhd:]
WARNING: [filemgmt 56-199] Attempt to get parsing info during refresh. "On-the-fly" syntax checking information may be incorrect. [C:\Users\v731v861.HOME\Documents\GitHub\EECS443-FinalProject\waveform_generator\waveform_generator.srcs\sources_1\new\Top.vhd:]
WARNING: [filemgmt 56-199] Attempt to get parsing info during refresh. "On-the-fly" syntax checking information may be incorrect. [C:\Users\v731v861.HOME\Documents\GitHub\EECS443-FinalProject\waveform_generator\waveform_generator.srcs\sources_1\new\PhaseAccumulator.vhd:]
WARNING: [filemgmt 56-199] Attempt to get parsing info during refresh. "On-the-fly" syntax checking information may be incorrect. [C:\Users\v731v861.HOME\Documents\GitHub\EECS443-FinalProject\waveform_generator\waveform_generator.srcs\sources_1\new\clock_divider.vhd:]
WARNING: [filemgmt 56-199] Attempt to get parsing info during refresh. "On-the-fly" syntax checking information may be incorrect. [C:\Users\v731v861.HOME\Documents\GitHub\EECS443-FinalProject\waveform_generator\waveform_generator.srcs\sources_1\new\Triangle.vhd:]
WARNING: [filemgmt 56-199] Attempt to get parsing info during refresh. "On-the-fly" syntax checking information may be incorrect. [C:\Users\v731v861.HOME\Documents\GitHub\EECS443-FinalProject\waveform_generator\waveform_generator.srcs\sources_1\new\Rectangle.vhd:]
WARNING: [filemgmt 56-199] Attempt to get parsing info during refresh. "On-the-fly" syntax checking information may be incorrect. [C:\Users\v731v861.HOME\Documents\GitHub\EECS443-FinalProject\waveform_generator\waveform_generator.srcs\sources_1\new\Sawtooth.vhd:]
WARNING: [filemgmt 56-199] Attempt to get parsing info during refresh. "On-the-fly" syntax checking information may be incorrect. [C:\Users\v731v861.HOME\Documents\GitHub\EECS443-FinalProject\waveform_generator\waveform_generator.srcs\sim_1\new\Top_tb.vhd:]
WARNING: [filemgmt 56-199] Attempt to get parsing info during refresh. "On-the-fly" syntax checking information may be incorrect. [C:\Users\v731v861.HOME\Documents\GitHub\EECS443-FinalProject\waveform_generator\waveform_generator.srcs\sources_1\new\PhaseAccumulator.vhd:]
WARNING: [filemgmt 56-199] Attempt to get parsing info during refresh. "On-the-fly" syntax checking information may be incorrect. [C:\Users\v731v861.HOME\Documents\GitHub\EECS443-FinalProject\waveform_generator\waveform_generator.srcs\sources_1\new\PhaseAccumulator.vhd:]
WARNING: [filemgmt 56-199] Attempt to get parsing info during refresh. "On-the-fly" syntax checking information may be incorrect. [C:\Users\v731v861.HOME\Documents\GitHub\EECS443-FinalProject\waveform_generator\waveform_generator.srcs\sources_1\new\Sine.vhd:]
WARNING: [filemgmt 56-199] Attempt to get parsing info during refresh. "On-the-fly" syntax checking information may be incorrect. [C:\Users\v731v861.HOME\Documents\GitHub\EECS443-FinalProject\waveform_generator\waveform_generator.srcs\sources_1\new\Top.vhd:]
WARNING: [filemgmt 56-199] Attempt to get parsing info during refresh. "On-the-fly" syntax checking information may be incorrect. [C:\Users\v731v861.HOME\Documents\GitHub\EECS443-FinalProject\waveform_generator\waveform_generator.srcs\sources_1\new\PhaseAccumulator.vhd:]
WARNING: [filemgmt 56-199] Attempt to get parsing info during refresh. "On-the-fly" syntax checking information may be incorrect. [C:\Users\v731v861.HOME\Documents\GitHub\EECS443-FinalProject\waveform_generator\waveform_generator.srcs\sources_1\new\clock_divider.vhd:]
WARNING: [filemgmt 56-199] Attempt to get parsing info during refresh. "On-the-fly" syntax checking information may be incorrect. [C:\Users\v731v861.HOME\Documents\GitHub\EECS443-FinalProject\waveform_generator\waveform_generator.srcs\sources_1\new\Triangle.vhd:]
WARNING: [filemgmt 56-199] Attempt to get parsing info during refresh. "On-the-fly" syntax checking information may be incorrect. [C:\Users\v731v861.HOME\Documents\GitHub\EECS443-FinalProject\waveform_generator\waveform_generator.srcs\sources_1\new\Rectangle.vhd:]
WARNING: [filemgmt 56-199] Attempt to get parsing info during refresh. "On-the-fly" syntax checking information may be incorrect. [C:\Users\v731v861.HOME\Documents\GitHub\EECS443-FinalProject\waveform_generator\waveform_generator.srcs\sources_1\new\Sawtooth.vhd:]
WARNING: [filemgmt 56-199] Attempt to get parsing info during refresh. "On-the-fly" syntax checking information may be incorrect. [C:\Users\v731v861.HOME\Documents\GitHub\EECS443-FinalProject\waveform_generator\waveform_generator.srcs\sim_1\new\Top_tb.vhd:]
WARNING: [filemgmt 56-199] Attempt to get parsing info during refresh. "On-the-fly" syntax checking information may be incorrect. [C:\Users\v731v861.HOME\Documents\GitHub\EECS443-FinalProject\waveform_generator\waveform_generator.srcs\sources_1\new\Triangle.vhd:]
WARNING: [filemgmt 56-199] Attempt to get parsing info during refresh. "On-the-fly" syntax checking information may be incorrect. [C:\Users\v731v861.HOME\Documents\GitHub\EECS443-FinalProject\waveform_generator\waveform_generator.srcs\sources_1\new\Triangle.vhd:]
ERROR: [Common 17-180] Spawn failed: No error
WARNING: [filemgmt 56-199] Attempt to get parsing info during refresh. "On-the-fly" syntax checking information may be incorrect. [C:\Users\v731v861.HOME\Documents\GitHub\EECS443-FinalProject\waveform_generator\waveform_generator.srcs\sources_1\new\Sine.vhd:]
WARNING: [filemgmt 56-199] Attempt to get parsing info during refresh. "On-the-fly" syntax checking information may be incorrect. [C:\Users\v731v861.HOME\Documents\GitHub\EECS443-FinalProject\waveform_generator\waveform_generator.srcs\sources_1\new\Top.vhd:]
WARNING: [filemgmt 56-199] Attempt to get parsing info during refresh. "On-the-fly" syntax checking information may be incorrect. [C:\Users\v731v861.HOME\Documents\GitHub\EECS443-FinalProject\waveform_generator\waveform_generator.srcs\sources_1\new\PhaseAccumulator.vhd:]
WARNING: [filemgmt 56-199] Attempt to get parsing info during refresh. "On-the-fly" syntax checking information may be incorrect. [C:\Users\v731v861.HOME\Documents\GitHub\EECS443-FinalProject\waveform_generator\waveform_generator.srcs\sources_1\new\clock_divider.vhd:]
WARNING: [filemgmt 56-199] Attempt to get parsing info during refresh. "On-the-fly" syntax checking information may be incorrect. [C:\Users\v731v861.HOME\Documents\GitHub\EECS443-FinalProject\waveform_generator\waveform_generator.srcs\sources_1\new\Triangle.vhd:]
WARNING: [filemgmt 56-199] Attempt to get parsing info during refresh. "On-the-fly" syntax checking information may be incorrect. [C:\Users\v731v861.HOME\Documents\GitHub\EECS443-FinalProject\waveform_generator\waveform_generator.srcs\sources_1\new\Rectangle.vhd:]
WARNING: [filemgmt 56-199] Attempt to get parsing info during refresh. "On-the-fly" syntax checking information may be incorrect. [C:\Users\v731v861.HOME\Documents\GitHub\EECS443-FinalProject\waveform_generator\waveform_generator.srcs\sources_1\new\Sawtooth.vhd:]
WARNING: [filemgmt 56-199] Attempt to get parsing info during refresh. "On-the-fly" syntax checking information may be incorrect. [C:\Users\v731v861.HOME\Documents\GitHub\EECS443-FinalProject\waveform_generator\waveform_generator.srcs\sim_1\new\Top_tb.vhd:]
WARNING: [filemgmt 56-199] Attempt to get parsing info during refresh. "On-the-fly" syntax checking information may be incorrect. [C:\Users\v731v861.HOME\Documents\GitHub\EECS443-FinalProject\waveform_generator\waveform_generator.srcs\sources_1\new\Sine.vhd:]
WARNING: [filemgmt 56-199] Attempt to get parsing info during refresh. "On-the-fly" syntax checking information may be incorrect. [C:\Users\v731v861.HOME\Documents\GitHub\EECS443-FinalProject\waveform_generator\waveform_generator.srcs\sources_1\new\Sine.vhd:]
WARNING: [filemgmt 56-199] Attempt to get parsing info during refresh. "On-the-fly" syntax checking information may be incorrect. [C:\Users\v731v861.HOME\Documents\GitHub\EECS443-FinalProject\waveform_generator\waveform_generator.srcs\sources_1\new\Sine.vhd:]
WARNING: [filemgmt 56-199] Attempt to get parsing info during refresh. "On-the-fly" syntax checking information may be incorrect. [C:\Users\v731v861.HOME\Documents\GitHub\EECS443-FinalProject\waveform_generator\waveform_generator.srcs\sources_1\new\Top.vhd:]
WARNING: [filemgmt 56-199] Attempt to get parsing info during refresh. "On-the-fly" syntax checking information may be incorrect. [C:\Users\v731v861.HOME\Documents\GitHub\EECS443-FinalProject\waveform_generator\waveform_generator.srcs\sources_1\new\PhaseAccumulator.vhd:]
WARNING: [filemgmt 56-199] Attempt to get parsing info during refresh. "On-the-fly" syntax checking information may be incorrect. [C:\Users\v731v861.HOME\Documents\GitHub\EECS443-FinalProject\waveform_generator\waveform_generator.srcs\sources_1\new\clock_divider.vhd:]
WARNING: [filemgmt 56-199] Attempt to get parsing info during refresh. "On-the-fly" syntax checking information may be incorrect. [C:\Users\v731v861.HOME\Documents\GitHub\EECS443-FinalProject\waveform_generator\waveform_generator.srcs\sources_1\new\Triangle.vhd:]
WARNING: [filemgmt 56-199] Attempt to get parsing info during refresh. "On-the-fly" syntax checking information may be incorrect. [C:\Users\v731v861.HOME\Documents\GitHub\EECS443-FinalProject\waveform_generator\waveform_generator.srcs\sources_1\new\Rectangle.vhd:]
WARNING: [filemgmt 56-199] Attempt to get parsing info during refresh. "On-the-fly" syntax checking information may be incorrect. [C:\Users\v731v861.HOME\Documents\GitHub\EECS443-FinalProject\waveform_generator\waveform_generator.srcs\sources_1\new\Sawtooth.vhd:]
WARNING: [filemgmt 56-199] Attempt to get parsing info during refresh. "On-the-fly" syntax checking information may be incorrect. [C:\Users\v731v861.HOME\Documents\GitHub\EECS443-FinalProject\waveform_generator\waveform_generator.srcs\sim_1\new\Top_tb.vhd:]
WARNING: [filemgmt 56-199] Attempt to get parsing info during refresh. "On-the-fly" syntax checking information may be incorrect. [C:\Users\v731v861.HOME\Documents\GitHub\EECS443-FinalProject\waveform_generator\waveform_generator.srcs\sources_1\new\Rectangle.vhd:]
WARNING: [filemgmt 56-199] Attempt to get parsing info during refresh. "On-the-fly" syntax checking information may be incorrect. [C:\Users\v731v861.HOME\Documents\GitHub\EECS443-FinalProject\waveform_generator\waveform_generator.srcs\sources_1\new\Rectangle.vhd:]
WARNING: [filemgmt 56-199] Attempt to get parsing info during refresh. "On-the-fly" syntax checking information may be incorrect. [C:\Users\v731v861.HOME\Documents\GitHub\EECS443-FinalProject\waveform_generator\waveform_generator.srcs\sources_1\new\Sine.vhd:]
WARNING: [filemgmt 56-199] Attempt to get parsing info during refresh. "On-the-fly" syntax checking information may be incorrect. [C:\Users\v731v861.HOME\Documents\GitHub\EECS443-FinalProject\waveform_generator\waveform_generator.srcs\sources_1\new\Top.vhd:]
WARNING: [filemgmt 56-199] Attempt to get parsing info during refresh. "On-the-fly" syntax checking information may be incorrect. [C:\Users\v731v861.HOME\Documents\GitHub\EECS443-FinalProject\waveform_generator\waveform_generator.srcs\sources_1\new\PhaseAccumulator.vhd:]
WARNING: [filemgmt 56-199] Attempt to get parsing info during refresh. "On-the-fly" syntax checking information may be incorrect. [C:\Users\v731v861.HOME\Documents\GitHub\EECS443-FinalProject\waveform_generator\waveform_generator.srcs\sources_1\new\clock_divider.vhd:]
WARNING: [filemgmt 56-199] Attempt to get parsing info during refresh. "On-the-fly" syntax checking information may be incorrect. [C:\Users\v731v861.HOME\Documents\GitHub\EECS443-FinalProject\waveform_generator\waveform_generator.srcs\sources_1\new\Triangle.vhd:]
WARNING: [filemgmt 56-199] Attempt to get parsing info during refresh. "On-the-fly" syntax checking information may be incorrect. [C:\Users\v731v861.HOME\Documents\GitHub\EECS443-FinalProject\waveform_generator\waveform_generator.srcs\sources_1\new\Rectangle.vhd:]
WARNING: [filemgmt 56-199] Attempt to get parsing info during refresh. "On-the-fly" syntax checking information may be incorrect. [C:\Users\v731v861.HOME\Documents\GitHub\EECS443-FinalProject\waveform_generator\waveform_generator.srcs\sources_1\new\Sawtooth.vhd:]
WARNING: [filemgmt 56-199] Attempt to get parsing info during refresh. "On-the-fly" syntax checking information may be incorrect. [C:\Users\v731v861.HOME\Documents\GitHub\EECS443-FinalProject\waveform_generator\waveform_generator.srcs\sim_1\new\Top_tb.vhd:]
WARNING: [filemgmt 56-199] Attempt to get parsing info during refresh. "On-the-fly" syntax checking information may be incorrect. [C:\Users\v731v861.HOME\Documents\GitHub\EECS443-FinalProject\waveform_generator\waveform_generator.srcs\sources_1\new\Sawtooth.vhd:]
WARNING: [filemgmt 56-199] Attempt to get parsing info during refresh. "On-the-fly" syntax checking information may be incorrect. [C:\Users\v731v861.HOME\Documents\GitHub\EECS443-FinalProject\waveform_generator\waveform_generator.srcs\sources_1\new\Sawtooth.vhd:]
WARNING: [filemgmt 56-199] Attempt to get parsing info during refresh. "On-the-fly" syntax checking information may be incorrect. [C:\Users\v731v861.HOME\Documents\GitHub\EECS443-FinalProject\waveform_generator\waveform_generator.srcs\sources_1\new\Sine.vhd:]
WARNING: [filemgmt 56-199] Attempt to get parsing info during refresh. "On-the-fly" syntax checking information may be incorrect. [C:\Users\v731v861.HOME\Documents\GitHub\EECS443-FinalProject\waveform_generator\waveform_generator.srcs\sources_1\new\Top.vhd:]
WARNING: [filemgmt 56-199] Attempt to get parsing info during refresh. "On-the-fly" syntax checking information may be incorrect. [C:\Users\v731v861.HOME\Documents\GitHub\EECS443-FinalProject\waveform_generator\waveform_generator.srcs\sources_1\new\PhaseAccumulator.vhd:]
WARNING: [filemgmt 56-199] Attempt to get parsing info during refresh. "On-the-fly" syntax checking information may be incorrect. [C:\Users\v731v861.HOME\Documents\GitHub\EECS443-FinalProject\waveform_generator\waveform_generator.srcs\sources_1\new\clock_divider.vhd:]
WARNING: [filemgmt 56-199] Attempt to get parsing info during refresh. "On-the-fly" syntax checking information may be incorrect. [C:\Users\v731v861.HOME\Documents\GitHub\EECS443-FinalProject\waveform_generator\waveform_generator.srcs\sources_1\new\Triangle.vhd:]
WARNING: [filemgmt 56-199] Attempt to get parsing info during refresh. "On-the-fly" syntax checking information may be incorrect. [C:\Users\v731v861.HOME\Documents\GitHub\EECS443-FinalProject\waveform_generator\waveform_generator.srcs\sources_1\new\Rectangle.vhd:]
WARNING: [filemgmt 56-199] Attempt to get parsing info during refresh. "On-the-fly" syntax checking information may be incorrect. [C:\Users\v731v861.HOME\Documents\GitHub\EECS443-FinalProject\waveform_generator\waveform_generator.srcs\sources_1\new\Sawtooth.vhd:]
WARNING: [filemgmt 56-199] Attempt to get parsing info during refresh. "On-the-fly" syntax checking information may be incorrect. [C:\Users\v731v861.HOME\Documents\GitHub\EECS443-FinalProject\waveform_generator\waveform_generator.srcs\sim_1\new\Top_tb.vhd:]
WARNING: [filemgmt 56-199] Attempt to get parsing info during refresh. "On-the-fly" syntax checking information may be incorrect. [C:\Users\v731v861.HOME\Documents\GitHub\EECS443-FinalProject\waveform_generator\waveform_generator.srcs\sources_1\new\clock_divider.vhd:]
WARNING: [filemgmt 56-199] Attempt to get parsing info during refresh. "On-the-fly" syntax checking information may be incorrect. [C:\Users\v731v861.HOME\Documents\GitHub\EECS443-FinalProject\waveform_generator\waveform_generator.srcs\sources_1\new\clock_divider.vhd:]
ERROR: [Common 17-180] Spawn failed: No error
WARNING: [filemgmt 56-199] Attempt to get parsing info during refresh. "On-the-fly" syntax checking information may be incorrect. [C:\Users\v731v861.HOME\Documents\GitHub\EECS443-FinalProject\waveform_generator\waveform_generator.srcs\sources_1\new\Sine.vhd:]
WARNING: [filemgmt 56-199] Attempt to get parsing info during refresh. "On-the-fly" syntax checking information may be incorrect. [C:\Users\v731v861.HOME\Documents\GitHub\EECS443-FinalProject\waveform_generator\waveform_generator.srcs\sources_1\new\Top.vhd:]
WARNING: [filemgmt 56-199] Attempt to get parsing info during refresh. "On-the-fly" syntax checking information may be incorrect. [C:\Users\v731v861.HOME\Documents\GitHub\EECS443-FinalProject\waveform_generator\waveform_generator.srcs\sources_1\new\PhaseAccumulator.vhd:]
WARNING: [filemgmt 56-199] Attempt to get parsing info during refresh. "On-the-fly" syntax checking information may be incorrect. [C:\Users\v731v861.HOME\Documents\GitHub\EECS443-FinalProject\waveform_generator\waveform_generator.srcs\sources_1\new\clock_divider.vhd:]
WARNING: [filemgmt 56-199] Attempt to get parsing info during refresh. "On-the-fly" syntax checking information may be incorrect. [C:\Users\v731v861.HOME\Documents\GitHub\EECS443-FinalProject\waveform_generator\waveform_generator.srcs\sources_1\new\Triangle.vhd:]
WARNING: [filemgmt 56-199] Attempt to get parsing info during refresh. "On-the-fly" syntax checking information may be incorrect. [C:\Users\v731v861.HOME\Documents\GitHub\EECS443-FinalProject\waveform_generator\waveform_generator.srcs\sources_1\new\Rectangle.vhd:]
WARNING: [filemgmt 56-199] Attempt to get parsing info during refresh. "On-the-fly" syntax checking information may be incorrect. [C:\Users\v731v861.HOME\Documents\GitHub\EECS443-FinalProject\waveform_generator\waveform_generator.srcs\sources_1\new\Sawtooth.vhd:]
WARNING: [filemgmt 56-199] Attempt to get parsing info during refresh. "On-the-fly" syntax checking information may be incorrect. [C:\Users\v731v861.HOME\Documents\GitHub\EECS443-FinalProject\waveform_generator\waveform_generator.srcs\sim_1\new\Top_tb.vhd:]
WARNING: [filemgmt 56-199] Attempt to get parsing info during refresh. "On-the-fly" syntax checking information may be incorrect. [C:\Users\v731v861.HOME\Documents\GitHub\EECS443-FinalProject\waveform_generator\waveform_generator.srcs\sources_1\new\Top.vhd:]
WARNING: [filemgmt 56-199] Attempt to get parsing info during refresh. "On-the-fly" syntax checking information may be incorrect. [C:\Users\v731v861.HOME\Documents\GitHub\EECS443-FinalProject\waveform_generator\waveform_generator.srcs\sources_1\new\Top.vhd:]
ERROR: [Common 17-180] Spawn failed: No error
WARNING: [filemgmt 56-199] Attempt to get parsing info during refresh. "On-the-fly" syntax checking information may be incorrect. [C:\Users\v731v861.HOME\Documents\GitHub\EECS443-FinalProject\waveform_generator\waveform_generator.srcs\sources_1\new\Sine.vhd:]
WARNING: [filemgmt 56-199] Attempt to get parsing info during refresh. "On-the-fly" syntax checking information may be incorrect. [C:\Users\v731v861.HOME\Documents\GitHub\EECS443-FinalProject\waveform_generator\waveform_generator.srcs\sources_1\new\Top.vhd:]
WARNING: [filemgmt 56-199] Attempt to get parsing info during refresh. "On-the-fly" syntax checking information may be incorrect. [C:\Users\v731v861.HOME\Documents\GitHub\EECS443-FinalProject\waveform_generator\waveform_generator.srcs\sources_1\new\PhaseAccumulator.vhd:]
WARNING: [filemgmt 56-199] Attempt to get parsing info during refresh. "On-the-fly" syntax checking information may be incorrect. [C:\Users\v731v861.HOME\Documents\GitHub\EECS443-FinalProject\waveform_generator\waveform_generator.srcs\sources_1\new\clock_divider.vhd:]
WARNING: [filemgmt 56-199] Attempt to get parsing info during refresh. "On-the-fly" syntax checking information may be incorrect. [C:\Users\v731v861.HOME\Documents\GitHub\EECS443-FinalProject\waveform_generator\waveform_generator.srcs\sources_1\new\Triangle.vhd:]
WARNING: [filemgmt 56-199] Attempt to get parsing info during refresh. "On-the-fly" syntax checking information may be incorrect. [C:\Users\v731v861.HOME\Documents\GitHub\EECS443-FinalProject\waveform_generator\waveform_generator.srcs\sources_1\new\Rectangle.vhd:]
WARNING: [filemgmt 56-199] Attempt to get parsing info during refresh. "On-the-fly" syntax checking information may be incorrect. [C:\Users\v731v861.HOME\Documents\GitHub\EECS443-FinalProject\waveform_generator\waveform_generator.srcs\sources_1\new\Sawtooth.vhd:]
WARNING: [filemgmt 56-199] Attempt to get parsing info during refresh. "On-the-fly" syntax checking information may be incorrect. [C:\Users\v731v861.HOME\Documents\GitHub\EECS443-FinalProject\waveform_generator\waveform_generator.srcs\sim_1\new\Top_tb.vhd:]
WARNING: [filemgmt 56-199] Attempt to get parsing info during refresh. "On-the-fly" syntax checking information may be incorrect. [C:\Users\v731v861.HOME\Documents\GitHub\EECS443-FinalProject\waveform_generator\waveform_generator.srcs\sim_1\new\Top_tb.vhd:]
WARNING: [filemgmt 56-199] Attempt to get parsing info during refresh. "On-the-fly" syntax checking information may be incorrect. [C:\Users\v731v861.HOME\Documents\GitHub\EECS443-FinalProject\waveform_generator\waveform_generator.srcs\sim_1\new\Top_tb.vhd:]
INFO: [Common 17-14] Message 'filemgmt 56-199' appears 100 times and further instances of the messages will be disabled. Use the Tcl command set_msg_config to change the current settings.
ERROR: [Common 17-180] Spawn failed: No error
WARNING: [filemgmt 56-199] Attempt to get parsing info during refresh. "On-the-fly" syntax checking information may be incorrect. [C:\Users\v731v861.HOME\Documents\GitHub\EECS443-FinalProject\waveform_generator\waveform_generator.srcs\sources_1\new\Sine.vhd:]
WARNING: [filemgmt 56-199] Attempt to get parsing info during refresh. "On-the-fly" syntax checking information may be incorrect. [C:\Users\v731v861.HOME\Documents\GitHub\EECS443-FinalProject\waveform_generator\waveform_generator.srcs\sources_1\new\Top.vhd:]
WARNING: [filemgmt 56-199] Attempt to get parsing info during refresh. "On-the-fly" syntax checking information may be incorrect. [C:\Users\v731v861.HOME\Documents\GitHub\EECS443-FinalProject\waveform_generator\waveform_generator.srcs\sources_1\new\PhaseAccumulator.vhd:]
WARNING: [filemgmt 56-199] Attempt to get parsing info during refresh. "On-the-fly" syntax checking information may be incorrect. [C:\Users\v731v861.HOME\Documents\GitHub\EECS443-FinalProject\waveform_generator\waveform_generator.srcs\sources_1\new\clock_divider.vhd:]
WARNING: [filemgmt 56-199] Attempt to get parsing info during refresh. "On-the-fly" syntax checking information may be incorrect. [C:\Users\v731v861.HOME\Documents\GitHub\EECS443-FinalProject\waveform_generator\waveform_generator.srcs\sources_1\new\Triangle.vhd:]
WARNING: [filemgmt 56-199] Attempt to get parsing info during refresh. "On-the-fly" syntax checking information may be incorrect. [C:\Users\v731v861.HOME\Documents\GitHub\EECS443-FinalProject\waveform_generator\waveform_generator.srcs\sources_1\new\Rectangle.vhd:]
WARNING: [filemgmt 56-199] Attempt to get parsing info during refresh. "On-the-fly" syntax checking information may be incorrect. [C:\Users\v731v861.HOME\Documents\GitHub\EECS443-FinalProject\waveform_generator\waveform_generator.srcs\sources_1\new\Sawtooth.vhd:]
WARNING: [filemgmt 56-199] Attempt to get parsing info during refresh. "On-the-fly" syntax checking information may be incorrect. [C:\Users\v731v861.HOME\Documents\GitHub\EECS443-FinalProject\waveform_generator\waveform_generator.srcs\sim_1\new\Top_tb.vhd:]
WARNING: [filemgmt 56-199] Attempt to get parsing info during refresh. "On-the-fly" syntax checking information may be incorrect. [C:\Users\v731v861.HOME\Documents\GitHub\EECS443-FinalProject\waveform_generator\waveform_generator.srcs\sources_1\new\Sine.vhd:]
WARNING: [filemgmt 56-199] Attempt to get parsing info during refresh. "On-the-fly" syntax checking information may be incorrect. [C:\Users\v731v861.HOME\Documents\GitHub\EECS443-FinalProject\waveform_generator\waveform_generator.srcs\sources_1\new\Sine.vhd:]
ERROR: [Common 17-180] Spawn failed: No error
update_compile_order -fileset sources_1
WARNING: [filemgmt 56-199] Attempt to get parsing info during refresh. "On-the-fly" syntax checking information may be incorrect. [C:\Users\v731v861.HOME\Documents\GitHub\EECS443-FinalProject\waveform_generator\waveform_generator.srcs\sources_1\new\Sine.vhd:]
WARNING: [filemgmt 56-199] Attempt to get parsing info during refresh. "On-the-fly" syntax checking information may be incorrect. [C:\Users\v731v861.HOME\Documents\GitHub\EECS443-FinalProject\waveform_generator\waveform_generator.srcs\sources_1\new\Top.vhd:]
WARNING: [filemgmt 56-199] Attempt to get parsing info during refresh. "On-the-fly" syntax checking information may be incorrect. [C:\Users\v731v861.HOME\Documents\GitHub\EECS443-FinalProject\waveform_generator\waveform_generator.srcs\sources_1\new\PhaseAccumulator.vhd:]
WARNING: [filemgmt 56-199] Attempt to get parsing info during refresh. "On-the-fly" syntax checking information may be incorrect. [C:\Users\v731v861.HOME\Documents\GitHub\EECS443-FinalProject\waveform_generator\waveform_generator.srcs\sources_1\new\clock_divider.vhd:]
WARNING: [filemgmt 56-199] Attempt to get parsing info during refresh. "On-the-fly" syntax checking information may be incorrect. [C:\Users\v731v861.HOME\Documents\GitHub\EECS443-FinalProject\waveform_generator\waveform_generator.srcs\sources_1\new\Triangle.vhd:]
WARNING: [filemgmt 56-199] Attempt to get parsing info during refresh. "On-the-fly" syntax checking information may be incorrect. [C:\Users\v731v861.HOME\Documents\GitHub\EECS443-FinalProject\waveform_generator\waveform_generator.srcs\sources_1\new\Rectangle.vhd:]
WARNING: [filemgmt 56-199] Attempt to get parsing info during refresh. "On-the-fly" syntax checking information may be incorrect. [C:\Users\v731v861.HOME\Documents\GitHub\EECS443-FinalProject\waveform_generator\waveform_generator.srcs\sources_1\new\Sawtooth.vhd:]
WARNING: [filemgmt 56-199] Attempt to get parsing info during refresh. "On-the-fly" syntax checking information may be incorrect. [C:\Users\v731v861.HOME\Documents\GitHub\EECS443-FinalProject\waveform_generator\waveform_generator.srcs\sim_1\new\Top_tb.vhd:]
WARNING: [filemgmt 56-199] Attempt to get parsing info during refresh. "On-the-fly" syntax checking information may be incorrect. [C:\Users\v731v861.HOME\Documents\GitHub\EECS443-FinalProject\waveform_generator\waveform_generator.srcs\sources_1\new\PhaseAccumulator.vhd:]
WARNING: [filemgmt 56-199] Attempt to get parsing info during refresh. "On-the-fly" syntax checking information may be incorrect. [C:\Users\v731v861.HOME\Documents\GitHub\EECS443-FinalProject\waveform_generator\waveform_generator.srcs\sources_1\new\PhaseAccumulator.vhd:]
WARNING: [filemgmt 56-199] Attempt to get parsing info during refresh. "On-the-fly" syntax checking information may be incorrect. [C:\Users\v731v861.HOME\Documents\GitHub\EECS443-FinalProject\waveform_generator\waveform_generator.srcs\sources_1\new\Sine.vhd:]
WARNING: [filemgmt 56-199] Attempt to get parsing info during refresh. "On-the-fly" syntax checking information may be incorrect. [C:\Users\v731v861.HOME\Documents\GitHub\EECS443-FinalProject\waveform_generator\waveform_generator.srcs\sources_1\new\Top.vhd:]
WARNING: [filemgmt 56-199] Attempt to get parsing info during refresh. "On-the-fly" syntax checking information may be incorrect. [C:\Users\v731v861.HOME\Documents\GitHub\EECS443-FinalProject\waveform_generator\waveform_generator.srcs\sources_1\new\PhaseAccumulator.vhd:]
WARNING: [filemgmt 56-199] Attempt to get parsing info during refresh. "On-the-fly" syntax checking information may be incorrect. [C:\Users\v731v861.HOME\Documents\GitHub\EECS443-FinalProject\waveform_generator\waveform_generator.srcs\sources_1\new\clock_divider.vhd:]
WARNING: [filemgmt 56-199] Attempt to get parsing info during refresh. "On-the-fly" syntax checking information may be incorrect. [C:\Users\v731v861.HOME\Documents\GitHub\EECS443-FinalProject\waveform_generator\waveform_generator.srcs\sources_1\new\Triangle.vhd:]
WARNING: [filemgmt 56-199] Attempt to get parsing info during refresh. "On-the-fly" syntax checking information may be incorrect. [C:\Users\v731v861.HOME\Documents\GitHub\EECS443-FinalProject\waveform_generator\waveform_generator.srcs\sources_1\new\Rectangle.vhd:]
WARNING: [filemgmt 56-199] Attempt to get parsing info during refresh. "On-the-fly" syntax checking information may be incorrect. [C:\Users\v731v861.HOME\Documents\GitHub\EECS443-FinalProject\waveform_generator\waveform_generator.srcs\sources_1\new\Sawtooth.vhd:]
WARNING: [filemgmt 56-199] Attempt to get parsing info during refresh. "On-the-fly" syntax checking information may be incorrect. [C:\Users\v731v861.HOME\Documents\GitHub\EECS443-FinalProject\waveform_generator\waveform_generator.srcs\sim_1\new\Top_tb.vhd:]
WARNING: [filemgmt 56-199] Attempt to get parsing info during refresh. "On-the-fly" syntax checking information may be incorrect. [C:\Users\v731v861.HOME\Documents\GitHub\EECS443-FinalProject\waveform_generator\waveform_generator.srcs\sim_1\new\Top_tb.vhd:]
WARNING: [filemgmt 56-199] Attempt to get parsing info during refresh. "On-the-fly" syntax checking information may be incorrect. [C:\Users\v731v861.HOME\Documents\GitHub\EECS443-FinalProject\waveform_generator\waveform_generator.srcs\sim_1\new\Top_tb.vhd:]
WARNING: [filemgmt 56-199] Attempt to get parsing info during refresh. "On-the-fly" syntax checking information may be incorrect. [C:\Users\v731v861.HOME\Documents\GitHub\EECS443-FinalProject\waveform_generator\waveform_generator.srcs\sources_1\new\Sine.vhd:]
WARNING: [filemgmt 56-199] Attempt to get parsing info during refresh. "On-the-fly" syntax checking information may be incorrect. [C:\Users\v731v861.HOME\Documents\GitHub\EECS443-FinalProject\waveform_generator\waveform_generator.srcs\sources_1\new\Top.vhd:]
WARNING: [filemgmt 56-199] Attempt to get parsing info during refresh. "On-the-fly" syntax checking information may be incorrect. [C:\Users\v731v861.HOME\Documents\GitHub\EECS443-FinalProject\waveform_generator\waveform_generator.srcs\sources_1\new\PhaseAccumulator.vhd:]
WARNING: [filemgmt 56-199] Attempt to get parsing info during refresh. "On-the-fly" syntax checking information may be incorrect. [C:\Users\v731v861.HOME\Documents\GitHub\EECS443-FinalProject\waveform_generator\waveform_generator.srcs\sources_1\new\clock_divider.vhd:]
WARNING: [filemgmt 56-199] Attempt to get parsing info during refresh. "On-the-fly" syntax checking information may be incorrect. [C:\Users\v731v861.HOME\Documents\GitHub\EECS443-FinalProject\waveform_generator\waveform_generator.srcs\sources_1\new\Triangle.vhd:]
WARNING: [filemgmt 56-199] Attempt to get parsing info during refresh. "On-the-fly" syntax checking information may be incorrect. [C:\Users\v731v861.HOME\Documents\GitHub\EECS443-FinalProject\waveform_generator\waveform_generator.srcs\sources_1\new\Rectangle.vhd:]
WARNING: [filemgmt 56-199] Attempt to get parsing info during refresh. "On-the-fly" syntax checking information may be incorrect. [C:\Users\v731v861.HOME\Documents\GitHub\EECS443-FinalProject\waveform_generator\waveform_generator.srcs\sources_1\new\Sawtooth.vhd:]
WARNING: [filemgmt 56-199] Attempt to get parsing info during refresh. "On-the-fly" syntax checking information may be incorrect. [C:\Users\v731v861.HOME\Documents\GitHub\EECS443-FinalProject\waveform_generator\waveform_generator.srcs\sim_1\new\Top_tb.vhd:]
WARNING: [filemgmt 56-199] Attempt to get parsing info during refresh. "On-the-fly" syntax checking information may be incorrect. [C:\Users\v731v861.HOME\Documents\GitHub\EECS443-FinalProject\waveform_generator\waveform_generator.srcs\sources_1\new\Sawtooth.vhd:]
WARNING: [filemgmt 56-199] Attempt to get parsing info during refresh. "On-the-fly" syntax checking information may be incorrect. [C:\Users\v731v861.HOME\Documents\GitHub\EECS443-FinalProject\waveform_generator\waveform_generator.srcs\sources_1\new\Sawtooth.vhd:]
WARNING: [filemgmt 56-199] Attempt to get parsing info during refresh. "On-the-fly" syntax checking information may be incorrect. [C:\Users\v731v861.HOME\Documents\GitHub\EECS443-FinalProject\waveform_generator\waveform_generator.srcs\sources_1\new\Sine.vhd:]
WARNING: [filemgmt 56-199] Attempt to get parsing info during refresh. "On-the-fly" syntax checking information may be incorrect. [C:\Users\v731v861.HOME\Documents\GitHub\EECS443-FinalProject\waveform_generator\waveform_generator.srcs\sources_1\new\Top.vhd:]
WARNING: [filemgmt 56-199] Attempt to get parsing info during refresh. "On-the-fly" syntax checking information may be incorrect. [C:\Users\v731v861.HOME\Documents\GitHub\EECS443-FinalProject\waveform_generator\waveform_generator.srcs\sources_1\new\PhaseAccumulator.vhd:]
WARNING: [filemgmt 56-199] Attempt to get parsing info during refresh. "On-the-fly" syntax checking information may be incorrect. [C:\Users\v731v861.HOME\Documents\GitHub\EECS443-FinalProject\waveform_generator\waveform_generator.srcs\sources_1\new\clock_divider.vhd:]
WARNING: [filemgmt 56-199] Attempt to get parsing info during refresh. "On-the-fly" syntax checking information may be incorrect. [C:\Users\v731v861.HOME\Documents\GitHub\EECS443-FinalProject\waveform_generator\waveform_generator.srcs\sources_1\new\Triangle.vhd:]
WARNING: [filemgmt 56-199] Attempt to get parsing info during refresh. "On-the-fly" syntax checking information may be incorrect. [C:\Users\v731v861.HOME\Documents\GitHub\EECS443-FinalProject\waveform_generator\waveform_generator.srcs\sources_1\new\Rectangle.vhd:]
WARNING: [filemgmt 56-199] Attempt to get parsing info during refresh. "On-the-fly" syntax checking information may be incorrect. [C:\Users\v731v861.HOME\Documents\GitHub\EECS443-FinalProject\waveform_generator\waveform_generator.srcs\sources_1\new\Sawtooth.vhd:]
WARNING: [filemgmt 56-199] Attempt to get parsing info during refresh. "On-the-fly" syntax checking information may be incorrect. [C:\Users\v731v861.HOME\Documents\GitHub\EECS443-FinalProject\waveform_generator\waveform_generator.srcs\sim_1\new\Top_tb.vhd:]
WARNING: [filemgmt 56-199] Attempt to get parsing info during refresh. "On-the-fly" syntax checking information may be incorrect. [C:\Users\v731v861.HOME\Documents\GitHub\EECS443-FinalProject\waveform_generator\waveform_generator.srcs\sources_1\new\Sine.vhd:]
WARNING: [filemgmt 56-199] Attempt to get parsing info during refresh. "On-the-fly" syntax checking information may be incorrect. [C:\Users\v731v861.HOME\Documents\GitHub\EECS443-FinalProject\waveform_generator\waveform_generator.srcs\sources_1\new\Sine.vhd:]
WARNING: [filemgmt 56-199] Attempt to get parsing info during refresh. "On-the-fly" syntax checking information may be incorrect. [C:\Users\v731v861.HOME\Documents\GitHub\EECS443-FinalProject\waveform_generator\waveform_generator.srcs\sources_1\new\Sine.vhd:]
WARNING: [filemgmt 56-199] Attempt to get parsing info during refresh. "On-the-fly" syntax checking information may be incorrect. [C:\Users\v731v861.HOME\Documents\GitHub\EECS443-FinalProject\waveform_generator\waveform_generator.srcs\sources_1\new\Top.vhd:]
WARNING: [filemgmt 56-199] Attempt to get parsing info during refresh. "On-the-fly" syntax checking information may be incorrect. [C:\Users\v731v861.HOME\Documents\GitHub\EECS443-FinalProject\waveform_generator\waveform_generator.srcs\sources_1\new\PhaseAccumulator.vhd:]
WARNING: [filemgmt 56-199] Attempt to get parsing info during refresh. "On-the-fly" syntax checking information may be incorrect. [C:\Users\v731v861.HOME\Documents\GitHub\EECS443-FinalProject\waveform_generator\waveform_generator.srcs\sources_1\new\clock_divider.vhd:]
WARNING: [filemgmt 56-199] Attempt to get parsing info during refresh. "On-the-fly" syntax checking information may be incorrect. [C:\Users\v731v861.HOME\Documents\GitHub\EECS443-FinalProject\waveform_generator\waveform_generator.srcs\sources_1\new\Triangle.vhd:]
WARNING: [filemgmt 56-199] Attempt to get parsing info during refresh. "On-the-fly" syntax checking information may be incorrect. [C:\Users\v731v861.HOME\Documents\GitHub\EECS443-FinalProject\waveform_generator\waveform_generator.srcs\sources_1\new\Rectangle.vhd:]
WARNING: [filemgmt 56-199] Attempt to get parsing info during refresh. "On-the-fly" syntax checking information may be incorrect. [C:\Users\v731v861.HOME\Documents\GitHub\EECS443-FinalProject\waveform_generator\waveform_generator.srcs\sources_1\new\Sawtooth.vhd:]
WARNING: [filemgmt 56-199] Attempt to get parsing info during refresh. "On-the-fly" syntax checking information may be incorrect. [C:\Users\v731v861.HOME\Documents\GitHub\EECS443-FinalProject\waveform_generator\waveform_generator.srcs\sim_1\new\Top_tb.vhd:]
WARNING: [filemgmt 56-199] Attempt to get parsing info during refresh. "On-the-fly" syntax checking information may be incorrect. [C:\Users\v731v861.HOME\Documents\GitHub\EECS443-FinalProject\waveform_generator\waveform_generator.srcs\sources_1\new\clock_divider.vhd:]
WARNING: [filemgmt 56-199] Attempt to get parsing info during refresh. "On-the-fly" syntax checking information may be incorrect. [C:\Users\v731v861.HOME\Documents\GitHub\EECS443-FinalProject\waveform_generator\waveform_generator.srcs\sources_1\new\clock_divider.vhd:]
ERROR: [Common 17-180] Spawn failed: No error
WARNING: [filemgmt 56-199] Attempt to get parsing info during refresh. "On-the-fly" syntax checking information may be incorrect. [C:\Users\v731v861.HOME\Documents\GitHub\EECS443-FinalProject\waveform_generator\waveform_generator.srcs\sources_1\new\Sine.vhd:]
WARNING: [filemgmt 56-199] Attempt to get parsing info during refresh. "On-the-fly" syntax checking information may be incorrect. [C:\Users\v731v861.HOME\Documents\GitHub\EECS443-FinalProject\waveform_generator\waveform_generator.srcs\sources_1\new\Top.vhd:]
WARNING: [filemgmt 56-199] Attempt to get parsing info during refresh. "On-the-fly" syntax checking information may be incorrect. [C:\Users\v731v861.HOME\Documents\GitHub\EECS443-FinalProject\waveform_generator\waveform_generator.srcs\sources_1\new\PhaseAccumulator.vhd:]
WARNING: [filemgmt 56-199] Attempt to get parsing info during refresh. "On-the-fly" syntax checking information may be incorrect. [C:\Users\v731v861.HOME\Documents\GitHub\EECS443-FinalProject\waveform_generator\waveform_generator.srcs\sources_1\new\clock_divider.vhd:]
WARNING: [filemgmt 56-199] Attempt to get parsing info during refresh. "On-the-fly" syntax checking information may be incorrect. [C:\Users\v731v861.HOME\Documents\GitHub\EECS443-FinalProject\waveform_generator\waveform_generator.srcs\sources_1\new\Triangle.vhd:]
WARNING: [filemgmt 56-199] Attempt to get parsing info during refresh. "On-the-fly" syntax checking information may be incorrect. [C:\Users\v731v861.HOME\Documents\GitHub\EECS443-FinalProject\waveform_generator\waveform_generator.srcs\sources_1\new\Rectangle.vhd:]
WARNING: [filemgmt 56-199] Attempt to get parsing info during refresh. "On-the-fly" syntax checking information may be incorrect. [C:\Users\v731v861.HOME\Documents\GitHub\EECS443-FinalProject\waveform_generator\waveform_generator.srcs\sources_1\new\Sawtooth.vhd:]
WARNING: [filemgmt 56-199] Attempt to get parsing info during refresh. "On-the-fly" syntax checking information may be incorrect. [C:\Users\v731v861.HOME\Documents\GitHub\EECS443-FinalProject\waveform_generator\waveform_generator.srcs\sim_1\new\Top_tb.vhd:]
WARNING: [filemgmt 56-199] Attempt to get parsing info during refresh. "On-the-fly" syntax checking information may be incorrect. [C:\Users\v731v861.HOME\Documents\GitHub\EECS443-FinalProject\waveform_generator\waveform_generator.srcs\sources_1\new\Top.vhd:]
WARNING: [filemgmt 56-199] Attempt to get parsing info during refresh. "On-the-fly" syntax checking information may be incorrect. [C:\Users\v731v861.HOME\Documents\GitHub\EECS443-FinalProject\waveform_generator\waveform_generator.srcs\sources_1\new\Top.vhd:]
ERROR: [Common 17-180] Spawn failed: No error
WARNING: [filemgmt 56-199] Attempt to get parsing info during refresh. "On-the-fly" syntax checking information may be incorrect. [C:\Users\v731v861.HOME\Documents\GitHub\EECS443-FinalProject\waveform_generator\waveform_generator.srcs\sources_1\new\Sine.vhd:]
WARNING: [filemgmt 56-199] Attempt to get parsing info during refresh. "On-the-fly" syntax checking information may be incorrect. [C:\Users\v731v861.HOME\Documents\GitHub\EECS443-FinalProject\waveform_generator\waveform_generator.srcs\sources_1\new\Top.vhd:]
WARNING: [filemgmt 56-199] Attempt to get parsing info during refresh. "On-the-fly" syntax checking information may be incorrect. [C:\Users\v731v861.HOME\Documents\GitHub\EECS443-FinalProject\waveform_generator\waveform_generator.srcs\sources_1\new\PhaseAccumulator.vhd:]
WARNING: [filemgmt 56-199] Attempt to get parsing info during refresh. "On-the-fly" syntax checking information may be incorrect. [C:\Users\v731v861.HOME\Documents\GitHub\EECS443-FinalProject\waveform_generator\waveform_generator.srcs\sources_1\new\clock_divider.vhd:]
WARNING: [filemgmt 56-199] Attempt to get parsing info during refresh. "On-the-fly" syntax checking information may be incorrect. [C:\Users\v731v861.HOME\Documents\GitHub\EECS443-FinalProject\waveform_generator\waveform_generator.srcs\sources_1\new\Triangle.vhd:]
WARNING: [filemgmt 56-199] Attempt to get parsing info during refresh. "On-the-fly" syntax checking information may be incorrect. [C:\Users\v731v861.HOME\Documents\GitHub\EECS443-FinalProject\waveform_generator\waveform_generator.srcs\sources_1\new\Rectangle.vhd:]
WARNING: [filemgmt 56-199] Attempt to get parsing info during refresh. "On-the-fly" syntax checking information may be incorrect. [C:\Users\v731v861.HOME\Documents\GitHub\EECS443-FinalProject\waveform_generator\waveform_generator.srcs\sources_1\new\Sawtooth.vhd:]
WARNING: [filemgmt 56-199] Attempt to get parsing info during refresh. "On-the-fly" syntax checking information may be incorrect. [C:\Users\v731v861.HOME\Documents\GitHub\EECS443-FinalProject\waveform_generator\waveform_generator.srcs\sim_1\new\Top_tb.vhd:]
WARNING: [filemgmt 56-199] Attempt to get parsing info during refresh. "On-the-fly" syntax checking information may be incorrect. [C:\Users\v731v861.HOME\Documents\GitHub\EECS443-FinalProject\waveform_generator\waveform_generator.srcs\sources_1\new\Triangle.vhd:]
WARNING: [filemgmt 56-199] Attempt to get parsing info during refresh. "On-the-fly" syntax checking information may be incorrect. [C:\Users\v731v861.HOME\Documents\GitHub\EECS443-FinalProject\waveform_generator\waveform_generator.srcs\sources_1\new\Triangle.vhd:]
ERROR: [Common 17-180] Spawn failed: No error
WARNING: [filemgmt 56-199] Attempt to get parsing info during refresh. "On-the-fly" syntax checking information may be incorrect. [C:\Users\v731v861.HOME\Documents\GitHub\EECS443-FinalProject\waveform_generator\waveform_generator.srcs\sources_1\new\Sine.vhd:]
WARNING: [filemgmt 56-199] Attempt to get parsing info during refresh. "On-the-fly" syntax checking information may be incorrect. [C:\Users\v731v861.HOME\Documents\GitHub\EECS443-FinalProject\waveform_generator\waveform_generator.srcs\sources_1\new\Top.vhd:]
WARNING: [filemgmt 56-199] Attempt to get parsing info during refresh. "On-the-fly" syntax checking information may be incorrect. [C:\Users\v731v861.HOME\Documents\GitHub\EECS443-FinalProject\waveform_generator\waveform_generator.srcs\sources_1\new\PhaseAccumulator.vhd:]
WARNING: [filemgmt 56-199] Attempt to get parsing info during refresh. "On-the-fly" syntax checking information may be incorrect. [C:\Users\v731v861.HOME\Documents\GitHub\EECS443-FinalProject\waveform_generator\waveform_generator.srcs\sources_1\new\clock_divider.vhd:]
WARNING: [filemgmt 56-199] Attempt to get parsing info during refresh. "On-the-fly" syntax checking information may be incorrect. [C:\Users\v731v861.HOME\Documents\GitHub\EECS443-FinalProject\waveform_generator\waveform_generator.srcs\sources_1\new\Triangle.vhd:]
WARNING: [filemgmt 56-199] Attempt to get parsing info during refresh. "On-the-fly" syntax checking information may be incorrect. [C:\Users\v731v861.HOME\Documents\GitHub\EECS443-FinalProject\waveform_generator\waveform_generator.srcs\sources_1\new\Rectangle.vhd:]
WARNING: [filemgmt 56-199] Attempt to get parsing info during refresh. "On-the-fly" syntax checking information may be incorrect. [C:\Users\v731v861.HOME\Documents\GitHub\EECS443-FinalProject\waveform_generator\waveform_generator.srcs\sources_1\new\Sawtooth.vhd:]
WARNING: [filemgmt 56-199] Attempt to get parsing info during refresh. "On-the-fly" syntax checking information may be incorrect. [C:\Users\v731v861.HOME\Documents\GitHub\EECS443-FinalProject\waveform_generator\waveform_generator.srcs\sim_1\new\Top_tb.vhd:]
WARNING: [filemgmt 56-199] Attempt to get parsing info during refresh. "On-the-fly" syntax checking information may be incorrect. [C:\Users\v731v861.HOME\Documents\GitHub\EECS443-FinalProject\waveform_generator\waveform_generator.srcs\sources_1\new\PhaseAccumulator.vhd:]
WARNING: [filemgmt 56-199] Attempt to get parsing info during refresh. "On-the-fly" syntax checking information may be incorrect. [C:\Users\v731v861.HOME\Documents\GitHub\EECS443-FinalProject\waveform_generator\waveform_generator.srcs\sources_1\new\PhaseAccumulator.vhd:]
WARNING: [filemgmt 56-199] Attempt to get parsing info during refresh. "On-the-fly" syntax checking information may be incorrect. [C:\Users\v731v861.HOME\Documents\GitHub\EECS443-FinalProject\waveform_generator\waveform_generator.srcs\sources_1\new\Sine.vhd:]
WARNING: [filemgmt 56-199] Attempt to get parsing info during refresh. "On-the-fly" syntax checking information may be incorrect. [C:\Users\v731v861.HOME\Documents\GitHub\EECS443-FinalProject\waveform_generator\waveform_generator.srcs\sources_1\new\Top.vhd:]
WARNING: [filemgmt 56-199] Attempt to get parsing info during refresh. "On-the-fly" syntax checking information may be incorrect. [C:\Users\v731v861.HOME\Documents\GitHub\EECS443-FinalProject\waveform_generator\waveform_generator.srcs\sources_1\new\PhaseAccumulator.vhd:]
WARNING: [filemgmt 56-199] Attempt to get parsing info during refresh. "On-the-fly" syntax checking information may be incorrect. [C:\Users\v731v861.HOME\Documents\GitHub\EECS443-FinalProject\waveform_generator\waveform_generator.srcs\sources_1\new\clock_divider.vhd:]
WARNING: [filemgmt 56-199] Attempt to get parsing info during refresh. "On-the-fly" syntax checking information may be incorrect. [C:\Users\v731v861.HOME\Documents\GitHub\EECS443-FinalProject\waveform_generator\waveform_generator.srcs\sources_1\new\Triangle.vhd:]
WARNING: [filemgmt 56-199] Attempt to get parsing info during refresh. "On-the-fly" syntax checking information may be incorrect. [C:\Users\v731v861.HOME\Documents\GitHub\EECS443-FinalProject\waveform_generator\waveform_generator.srcs\sources_1\new\Rectangle.vhd:]
WARNING: [filemgmt 56-199] Attempt to get parsing info during refresh. "On-the-fly" syntax checking information may be incorrect. [C:\Users\v731v861.HOME\Documents\GitHub\EECS443-FinalProject\waveform_generator\waveform_generator.srcs\sources_1\new\Sawtooth.vhd:]
WARNING: [filemgmt 56-199] Attempt to get parsing info during refresh. "On-the-fly" syntax checking information may be incorrect. [C:\Users\v731v861.HOME\Documents\GitHub\EECS443-FinalProject\waveform_generator\waveform_generator.srcs\sim_1\new\Top_tb.vhd:]
WARNING: [filemgmt 56-199] Attempt to get parsing info during refresh. "On-the-fly" syntax checking information may be incorrect. [C:\Users\v731v861.HOME\Documents\GitHub\EECS443-FinalProject\waveform_generator\waveform_generator.srcs\sources_1\new\Triangle.vhd:]
WARNING: [filemgmt 56-199] Attempt to get parsing info during refresh. "On-the-fly" syntax checking information may be incorrect. [C:\Users\v731v861.HOME\Documents\GitHub\EECS443-FinalProject\waveform_generator\waveform_generator.srcs\sources_1\new\Triangle.vhd:]
WARNING: [filemgmt 56-199] Attempt to get parsing info during refresh. "On-the-fly" syntax checking information may be incorrect. [C:\Users\v731v861.HOME\Documents\GitHub\EECS443-FinalProject\waveform_generator\waveform_generator.srcs\sources_1\new\Sine.vhd:]
WARNING: [filemgmt 56-199] Attempt to get parsing info during refresh. "On-the-fly" syntax checking information may be incorrect. [C:\Users\v731v861.HOME\Documents\GitHub\EECS443-FinalProject\waveform_generator\waveform_generator.srcs\sources_1\new\Top.vhd:]
WARNING: [filemgmt 56-199] Attempt to get parsing info during refresh. "On-the-fly" syntax checking information may be incorrect. [C:\Users\v731v861.HOME\Documents\GitHub\EECS443-FinalProject\waveform_generator\waveform_generator.srcs\sources_1\new\PhaseAccumulator.vhd:]
WARNING: [filemgmt 56-199] Attempt to get parsing info during refresh. "On-the-fly" syntax checking information may be incorrect. [C:\Users\v731v861.HOME\Documents\GitHub\EECS443-FinalProject\waveform_generator\waveform_generator.srcs\sources_1\new\clock_divider.vhd:]
WARNING: [filemgmt 56-199] Attempt to get parsing info during refresh. "On-the-fly" syntax checking information may be incorrect. [C:\Users\v731v861.HOME\Documents\GitHub\EECS443-FinalProject\waveform_generator\waveform_generator.srcs\sources_1\new\Triangle.vhd:]
WARNING: [filemgmt 56-199] Attempt to get parsing info during refresh. "On-the-fly" syntax checking information may be incorrect. [C:\Users\v731v861.HOME\Documents\GitHub\EECS443-FinalProject\waveform_generator\waveform_generator.srcs\sources_1\new\Rectangle.vhd:]
WARNING: [filemgmt 56-199] Attempt to get parsing info during refresh. "On-the-fly" syntax checking information may be incorrect. [C:\Users\v731v861.HOME\Documents\GitHub\EECS443-FinalProject\waveform_generator\waveform_generator.srcs\sources_1\new\Sawtooth.vhd:]
WARNING: [filemgmt 56-199] Attempt to get parsing info during refresh. "On-the-fly" syntax checking information may be incorrect. [C:\Users\v731v861.HOME\Documents\GitHub\EECS443-FinalProject\waveform_generator\waveform_generator.srcs\sim_1\new\Top_tb.vhd:]
WARNING: [filemgmt 56-199] Attempt to get parsing info during refresh. "On-the-fly" syntax checking information may be incorrect. [C:\Users\v731v861.HOME\Documents\GitHub\EECS443-FinalProject\waveform_generator\waveform_generator.srcs\sources_1\new\Sawtooth.vhd:]
WARNING: [filemgmt 56-199] Attempt to get parsing info during refresh. "On-the-fly" syntax checking information may be incorrect. [C:\Users\v731v861.HOME\Documents\GitHub\EECS443-FinalProject\waveform_generator\waveform_generator.srcs\sources_1\new\Sawtooth.vhd:]
ERROR: [Common 17-180] Spawn failed: No error
WARNING: [filemgmt 56-199] Attempt to get parsing info during refresh. "On-the-fly" syntax checking information may be incorrect. [C:\Users\v731v861.HOME\Documents\GitHub\EECS443-FinalProject\waveform_generator\waveform_generator.srcs\sources_1\new\Sine.vhd:]
WARNING: [filemgmt 56-199] Attempt to get parsing info during refresh. "On-the-fly" syntax checking information may be incorrect. [C:\Users\v731v861.HOME\Documents\GitHub\EECS443-FinalProject\waveform_generator\waveform_generator.srcs\sources_1\new\Top.vhd:]
WARNING: [filemgmt 56-199] Attempt to get parsing info during refresh. "On-the-fly" syntax checking information may be incorrect. [C:\Users\v731v861.HOME\Documents\GitHub\EECS443-FinalProject\waveform_generator\waveform_generator.srcs\sources_1\new\PhaseAccumulator.vhd:]
WARNING: [filemgmt 56-199] Attempt to get parsing info during refresh. "On-the-fly" syntax checking information may be incorrect. [C:\Users\v731v861.HOME\Documents\GitHub\EECS443-FinalProject\waveform_generator\waveform_generator.srcs\sources_1\new\clock_divider.vhd:]
WARNING: [filemgmt 56-199] Attempt to get parsing info during refresh. "On-the-fly" syntax checking information may be incorrect. [C:\Users\v731v861.HOME\Documents\GitHub\EECS443-FinalProject\waveform_generator\waveform_generator.srcs\sources_1\new\Triangle.vhd:]
WARNING: [filemgmt 56-199] Attempt to get parsing info during refresh. "On-the-fly" syntax checking information may be incorrect. [C:\Users\v731v861.HOME\Documents\GitHub\EECS443-FinalProject\waveform_generator\waveform_generator.srcs\sources_1\new\Rectangle.vhd:]
WARNING: [filemgmt 56-199] Attempt to get parsing info during refresh. "On-the-fly" syntax checking information may be incorrect. [C:\Users\v731v861.HOME\Documents\GitHub\EECS443-FinalProject\waveform_generator\waveform_generator.srcs\sources_1\new\Sawtooth.vhd:]
WARNING: [filemgmt 56-199] Attempt to get parsing info during refresh. "On-the-fly" syntax checking information may be incorrect. [C:\Users\v731v861.HOME\Documents\GitHub\EECS443-FinalProject\waveform_generator\waveform_generator.srcs\sim_1\new\Top_tb.vhd:]
WARNING: [filemgmt 56-199] Attempt to get parsing info during refresh. "On-the-fly" syntax checking information may be incorrect. [C:\Users\v731v861.HOME\Documents\GitHub\EECS443-FinalProject\waveform_generator\waveform_generator.srcs\sources_1\new\Top.vhd:]
WARNING: [filemgmt 56-199] Attempt to get parsing info during refresh. "On-the-fly" syntax checking information may be incorrect. [C:\Users\v731v861.HOME\Documents\GitHub\EECS443-FinalProject\waveform_generator\waveform_generator.srcs\sources_1\new\Top.vhd:]
WARNING: [filemgmt 56-199] Attempt to get parsing info during refresh. "On-the-fly" syntax checking information may be incorrect. [C:\Users\v731v861.HOME\Documents\GitHub\EECS443-FinalProject\waveform_generator\waveform_generator.srcs\sources_1\new\Sine.vhd:]
WARNING: [filemgmt 56-199] Attempt to get parsing info during refresh. "On-the-fly" syntax checking information may be incorrect. [C:\Users\v731v861.HOME\Documents\GitHub\EECS443-FinalProject\waveform_generator\waveform_generator.srcs\sources_1\new\Top.vhd:]
ERROR: [Common 17-180] Spawn failed: No error
WARNING: [filemgmt 56-199] Attempt to get parsing info during refresh. "On-the-fly" syntax checking information may be incorrect. [C:\Users\v731v861.HOME\Documents\GitHub\EECS443-FinalProject\waveform_generator\waveform_generator.srcs\sources_1\new\PhaseAccumulator.vhd:]
WARNING: [filemgmt 56-199] Attempt to get parsing info during refresh. "On-the-fly" syntax checking information may be incorrect. [C:\Users\v731v861.HOME\Documents\GitHub\EECS443-FinalProject\waveform_generator\waveform_generator.srcs\sources_1\new\clock_divider.vhd:]
WARNING: [filemgmt 56-199] Attempt to get parsing info during refresh. "On-the-fly" syntax checking information may be incorrect. [C:\Users\v731v861.HOME\Documents\GitHub\EECS443-FinalProject\waveform_generator\waveform_generator.srcs\sources_1\new\Triangle.vhd:]
WARNING: [filemgmt 56-199] Attempt to get parsing info during refresh. "On-the-fly" syntax checking information may be incorrect. [C:\Users\v731v861.HOME\Documents\GitHub\EECS443-FinalProject\waveform_generator\waveform_generator.srcs\sources_1\new\Rectangle.vhd:]
WARNING: [filemgmt 56-199] Attempt to get parsing info during refresh. "On-the-fly" syntax checking information may be incorrect. [C:\Users\v731v861.HOME\Documents\GitHub\EECS443-FinalProject\waveform_generator\waveform_generator.srcs\sources_1\new\Sawtooth.vhd:]
WARNING: [filemgmt 56-199] Attempt to get parsing info during refresh. "On-the-fly" syntax checking information may be incorrect. [C:\Users\v731v861.HOME\Documents\GitHub\EECS443-FinalProject\waveform_generator\waveform_generator.srcs\sim_1\new\Top_tb.vhd:]
WARNING: [filemgmt 56-199] Attempt to get parsing info during refresh. "On-the-fly" syntax checking information may be incorrect. [C:\Users\v731v861.HOME\Documents\GitHub\EECS443-FinalProject\waveform_generator\waveform_generator.srcs\sources_1\new\clock_divider.vhd:]
WARNING: [filemgmt 56-199] Attempt to get parsing info during refresh. "On-the-fly" syntax checking information may be incorrect. [C:\Users\v731v861.HOME\Documents\GitHub\EECS443-FinalProject\waveform_generator\waveform_generator.srcs\sources_1\new\clock_divider.vhd:]
WARNING: [filemgmt 56-199] Attempt to get parsing info during refresh. "On-the-fly" syntax checking information may be incorrect. [C:\Users\v731v861.HOME\Documents\GitHub\EECS443-FinalProject\waveform_generator\waveform_generator.srcs\sources_1\new\Sine.vhd:]
WARNING: [filemgmt 56-199] Attempt to get parsing info during refresh. "On-the-fly" syntax checking information may be incorrect. [C:\Users\v731v861.HOME\Documents\GitHub\EECS443-FinalProject\waveform_generator\waveform_generator.srcs\sources_1\new\Top.vhd:]
WARNING: [filemgmt 56-199] Attempt to get parsing info during refresh. "On-the-fly" syntax checking information may be incorrect. [C:\Users\v731v861.HOME\Documents\GitHub\EECS443-FinalProject\waveform_generator\waveform_generator.srcs\sources_1\new\PhaseAccumulator.vhd:]
WARNING: [filemgmt 56-199] Attempt to get parsing info during refresh. "On-the-fly" syntax checking information may be incorrect. [C:\Users\v731v861.HOME\Documents\GitHub\EECS443-FinalProject\waveform_generator\waveform_generator.srcs\sources_1\new\clock_divider.vhd:]
WARNING: [filemgmt 56-199] Attempt to get parsing info during refresh. "On-the-fly" syntax checking information may be incorrect. [C:\Users\v731v861.HOME\Documents\GitHub\EECS443-FinalProject\waveform_generator\waveform_generator.srcs\sources_1\new\Triangle.vhd:]
WARNING: [filemgmt 56-199] Attempt to get parsing info during refresh. "On-the-fly" syntax checking information may be incorrect. [C:\Users\v731v861.HOME\Documents\GitHub\EECS443-FinalProject\waveform_generator\waveform_generator.srcs\sources_1\new\Rectangle.vhd:]
WARNING: [filemgmt 56-199] Attempt to get parsing info during refresh. "On-the-fly" syntax checking information may be incorrect. [C:\Users\v731v861.HOME\Documents\GitHub\EECS443-FinalProject\waveform_generator\waveform_generator.srcs\sources_1\new\Sawtooth.vhd:]
WARNING: [filemgmt 56-199] Attempt to get parsing info during refresh. "On-the-fly" syntax checking information may be incorrect. [C:\Users\v731v861.HOME\Documents\GitHub\EECS443-FinalProject\waveform_generator\waveform_generator.srcs\sim_1\new\Top_tb.vhd:]
WARNING: [filemgmt 56-199] Attempt to get parsing info during refresh. "On-the-fly" syntax checking information may be incorrect. [C:\Users\v731v861.HOME\Documents\GitHub\EECS443-FinalProject\waveform_generator\waveform_generator.srcs\sim_1\new\Top_tb.vhd:]
WARNING: [filemgmt 56-199] Attempt to get parsing info during refresh. "On-the-fly" syntax checking information may be incorrect. [C:\Users\v731v861.HOME\Documents\GitHub\EECS443-FinalProject\waveform_generator\waveform_generator.srcs\sim_1\new\Top_tb.vhd:]
ERROR: [Common 17-180] Spawn failed: No error
WARNING: [filemgmt 56-199] Attempt to get parsing info during refresh. "On-the-fly" syntax checking information may be incorrect. [C:\Users\v731v861.HOME\Documents\GitHub\EECS443-FinalProject\waveform_generator\waveform_generator.srcs\sources_1\new\Sine.vhd:]
WARNING: [filemgmt 56-199] Attempt to get parsing info during refresh. "On-the-fly" syntax checking information may be incorrect. [C:\Users\v731v861.HOME\Documents\GitHub\EECS443-FinalProject\waveform_generator\waveform_generator.srcs\sources_1\new\Top.vhd:]
WARNING: [filemgmt 56-199] Attempt to get parsing info during refresh. "On-the-fly" syntax checking information may be incorrect. [C:\Users\v731v861.HOME\Documents\GitHub\EECS443-FinalProject\waveform_generator\waveform_generator.srcs\sources_1\new\PhaseAccumulator.vhd:]
WARNING: [filemgmt 56-199] Attempt to get parsing info during refresh. "On-the-fly" syntax checking information may be incorrect. [C:\Users\v731v861.HOME\Documents\GitHub\EECS443-FinalProject\waveform_generator\waveform_generator.srcs\sources_1\new\clock_divider.vhd:]
WARNING: [filemgmt 56-199] Attempt to get parsing info during refresh. "On-the-fly" syntax checking information may be incorrect. [C:\Users\v731v861.HOME\Documents\GitHub\EECS443-FinalProject\waveform_generator\waveform_generator.srcs\sources_1\new\Triangle.vhd:]
WARNING: [filemgmt 56-199] Attempt to get parsing info during refresh. "On-the-fly" syntax checking information may be incorrect. [C:\Users\v731v861.HOME\Documents\GitHub\EECS443-FinalProject\waveform_generator\waveform_generator.srcs\sources_1\new\Rectangle.vhd:]
WARNING: [filemgmt 56-199] Attempt to get parsing info during refresh. "On-the-fly" syntax checking information may be incorrect. [C:\Users\v731v861.HOME\Documents\GitHub\EECS443-FinalProject\waveform_generator\waveform_generator.srcs\sources_1\new\Sawtooth.vhd:]
WARNING: [filemgmt 56-199] Attempt to get parsing info during refresh. "On-the-fly" syntax checking information may be incorrect. [C:\Users\v731v861.HOME\Documents\GitHub\EECS443-FinalProject\waveform_generator\waveform_generator.srcs\sim_1\new\Top_tb.vhd:]
WARNING: [filemgmt 56-199] Attempt to get parsing info during refresh. "On-the-fly" syntax checking information may be incorrect. [C:\Users\v731v861.HOME\Documents\GitHub\EECS443-FinalProject\waveform_generator\waveform_generator.srcs\sources_1\new\Sine.vhd:]
WARNING: [filemgmt 56-199] Attempt to get parsing info during refresh. "On-the-fly" syntax checking information may be incorrect. [C:\Users\v731v861.HOME\Documents\GitHub\EECS443-FinalProject\waveform_generator\waveform_generator.srcs\sources_1\new\Sine.vhd:]
ERROR: [Common 17-180] Spawn failed: No error
launch_simulation
Command: launch_simulation 
INFO: [Vivado 12-12493] Simulation top is 'Top_tb'
WARNING: [Vivado 12-13340] Unable to auto find GCC executables from simulator install path! (path not set)
INFO: [Vivado 12-5682] Launching behavioral simulation in 'C:/Users/v731v861.HOME/Documents/GitHub/EECS443-FinalProject/waveform_generator/waveform_generator.sim/sim_1/behav/xsim'
INFO: [SIM-utils-51] Simulation object is 'sim_1'
INFO: [SIM-utils-72] Using boost library from 'C:/Xilinx/Vivado/2024.2/tps/boost_1_72_0'
INFO: [SIM-utils-54] Inspecting design source files for 'Top_tb' in fileset 'sim_1'...
INFO: [USF-XSim-97] Finding global include files...
INFO: [USF-XSim-98] Fetching design files from 'sim_1'...
INFO: [USF-XSim-2] XSim::Compile design
INFO: [USF-XSim-61] Executing 'COMPILE and ANALYZE' step in 'C:/Users/v731v861.HOME/Documents/GitHub/EECS443-FinalProject/waveform_generator/waveform_generator.sim/sim_1/behav/xsim'
"xvhdl --incr --relax -prj Top_tb_vhdl.prj"
INFO: [VRFC 10-163] Analyzing VHDL file "C:/Users/v731v861.HOME/Documents/GitHub/EECS443-FinalProject/waveform_generator/waveform_generator.srcs/sources_1/new/Top.vhd" into library xil_defaultlib
INFO: [VRFC 10-3107] analyzing entity 'Top'
INFO: [VRFC 10-163] Analyzing VHDL file "C:/Users/v731v861.HOME/Documents/GitHub/EECS443-FinalProject/waveform_generator/waveform_generator.srcs/sources_1/new/clock_divider.vhd" into library xil_defaultlib
INFO: [VRFC 10-3107] analyzing entity 'clock_divider'
INFO: [USF-XSim-69] 'compile' step finished in '3' seconds
INFO: [USF-XSim-3] XSim::Elaborate design
INFO: [USF-XSim-61] Executing 'ELABORATE' step in 'C:/Users/v731v861.HOME/Documents/GitHub/EECS443-FinalProject/waveform_generator/waveform_generator.sim/sim_1/behav/xsim'
"xelab --incr --debug typical --relax --mt 2 -L xil_defaultlib -L secureip --snapshot Top_tb_behav xil_defaultlib.Top_tb -log elaborate.log"
Vivado Simulator v2024.2.0
Copyright 1986-2022 Xilinx, Inc. All Rights Reserved.
Copyright 2022-2024 Advanced Micro Devices, Inc. All Rights Reserved.
Running: C:/Xilinx/Vivado/2024.2/bin/unwrapped/win64.o/xelab.exe --incr --debug typical --relax --mt 2 -L xil_defaultlib -L secureip --snapshot Top_tb_behav xil_defaultlib.Top_tb -log elaborate.log 
Using 2 slave threads.
Starting static elaboration
Completed static elaboration
Starting simulation data flow analysis
Completed simulation data flow analysis
Time Resolution for simulation is 1ps
Compiling package std.standard
Compiling package std.textio
Compiling package ieee.std_logic_1164
Compiling package ieee.numeric_std
Compiling package ieee.std_logic_arith
Compiling package ieee.std_logic_unsigned
Compiling architecture behavioral of entity xil_defaultlib.PhaseAccumulator [phaseaccumulator_default]
Compiling architecture behavioral of entity xil_defaultlib.Rectangle [rectangle_default]
Compiling architecture behavioral of entity xil_defaultlib.Sawtooth [sawtooth_default]
Compiling architecture behavioral of entity xil_defaultlib.Sine [sine_default]
Compiling architecture behavioral of entity xil_defaultlib.Triangle [triangle_default]
Compiling architecture behavioral of entity xil_defaultlib.clock_divider [clock_divider_default]
Compiling architecture behavioral of entity xil_defaultlib.Top [top_default]
Compiling architecture behavioral of entity xil_defaultlib.top_tb
Built simulation snapshot Top_tb_behav
INFO: [USF-XSim-69] 'elaborate' step finished in '3' seconds
INFO: [USF-XSim-4] XSim::Simulate design
INFO: [USF-XSim-61] Executing 'SIMULATE' step in 'C:/Users/v731v861.HOME/Documents/GitHub/EECS443-FinalProject/waveform_generator/waveform_generator.sim/sim_1/behav/xsim'
INFO: [USF-XSim-98] *** Running xsim
   with args "Top_tb_behav -key {Behavioral:sim_1:Functional:Top_tb} -tclbatch {Top_tb.tcl} -view {C:/Users/v731v861.HOME/Documents/GitHub/EECS443-FinalProject/waveform_generator/Top_tb_behav.wcfg} -log {simulate.log}"
INFO: [USF-XSim-8] Loading simulator feature
Time resolution is 1 ps
open_wave_config C:/Users/v731v861.HOME/Documents/GitHub/EECS443-FinalProject/waveform_generator/Top_tb_behav.wcfg
source Top_tb.tcl
# set curr_wave [current_wave_config]
# if { [string length $curr_wave] == 0 } {
#   if { [llength [get_objects]] > 0} {
#     add_wave /
#     set_property needs_save false [current_wave_config]
#   } else {
#      send_msg_id Add_Wave-1 WARNING "No top level signals found. Simulator will start without a wave window. If you want to open a wave window go to 'File->New Waveform Configuration' or type 'create_wave_config' in the TCL console."
#   }
# }
# run 1s
INFO: [Common 17-41] Interrupt caught. Command should exit soon.
run: Time (s): cpu = 00:00:38 ; elapsed = 00:04:05 . Memory (MB): peak = 2425.832 ; gain = 14.590
INFO: [Common 17-344] 'run' was cancelled
INFO: [Common 17-344] 'source' was cancelled
xsim: Time (s): cpu = 00:00:41 ; elapsed = 00:04:09 . Memory (MB): peak = 2425.832 ; gain = 14.590
INFO: [Common 17-344] 'xsim' was cancelled
INFO: [Vivado 12-5357] 'simulate' step aborted
launch_simulation: Time (s): cpu = 00:00:41 ; elapsed = 00:04:14 . Memory (MB): peak = 2425.832 ; gain = 14.590
INFO: [Common 17-344] 'launch_simulation' was cancelled
set_property -name {xsim.simulate.runtime} -value {1ms} -objects [get_filesets sim_1]
WARNING: [filemgmt 56-199] Attempt to get parsing info during refresh. "On-the-fly" syntax checking information may be incorrect. [C:\Users\v731v861.HOME\Documents\GitHub\EECS443-FinalProject\waveform_generator\waveform_generator.srcs\sources_1\new\Sine.vhd:]
WARNING: [filemgmt 56-199] Attempt to get parsing info during refresh. "On-the-fly" syntax checking information may be incorrect. [C:\Users\v731v861.HOME\Documents\GitHub\EECS443-FinalProject\waveform_generator\waveform_generator.srcs\sources_1\new\Top.vhd:]
WARNING: [filemgmt 56-199] Attempt to get parsing info during refresh. "On-the-fly" syntax checking information may be incorrect. [C:\Users\v731v861.HOME\Documents\GitHub\EECS443-FinalProject\waveform_generator\waveform_generator.srcs\sources_1\new\PhaseAccumulator.vhd:]
WARNING: [filemgmt 56-199] Attempt to get parsing info during refresh. "On-the-fly" syntax checking information may be incorrect. [C:\Users\v731v861.HOME\Documents\GitHub\EECS443-FinalProject\waveform_generator\waveform_generator.srcs\sources_1\new\clock_divider.vhd:]
WARNING: [filemgmt 56-199] Attempt to get parsing info during refresh. "On-the-fly" syntax checking information may be incorrect. [C:\Users\v731v861.HOME\Documents\GitHub\EECS443-FinalProject\waveform_generator\waveform_generator.srcs\sources_1\new\Triangle.vhd:]
WARNING: [filemgmt 56-199] Attempt to get parsing info during refresh. "On-the-fly" syntax checking information may be incorrect. [C:\Users\v731v861.HOME\Documents\GitHub\EECS443-FinalProject\waveform_generator\waveform_generator.srcs\sources_1\new\Rectangle.vhd:]
WARNING: [filemgmt 56-199] Attempt to get parsing info during refresh. "On-the-fly" syntax checking information may be incorrect. [C:\Users\v731v861.HOME\Documents\GitHub\EECS443-FinalProject\waveform_generator\waveform_generator.srcs\sources_1\new\Sawtooth.vhd:]
WARNING: [filemgmt 56-199] Attempt to get parsing info during refresh. "On-the-fly" syntax checking information may be incorrect. [C:\Users\v731v861.HOME\Documents\GitHub\EECS443-FinalProject\waveform_generator\waveform_generator.srcs\sim_1\new\Top_tb.vhd:]
WARNING: [filemgmt 56-199] Attempt to get parsing info during refresh. "On-the-fly" syntax checking information may be incorrect. [C:\Users\v731v861.HOME\Documents\GitHub\EECS443-FinalProject\waveform_generator\waveform_generator.srcs\sources_1\new\PhaseAccumulator.vhd:]
WARNING: [filemgmt 56-199] Attempt to get parsing info during refresh. "On-the-fly" syntax checking information may be incorrect. [C:\Users\v731v861.HOME\Documents\GitHub\EECS443-FinalProject\waveform_generator\waveform_generator.srcs\sources_1\new\PhaseAccumulator.vhd:]
WARNING: [filemgmt 56-199] Attempt to get parsing info during refresh. "On-the-fly" syntax checking information may be incorrect. [C:\Users\v731v861.HOME\Documents\GitHub\EECS443-FinalProject\waveform_generator\waveform_generator.srcs\sources_1\new\Sine.vhd:]
WARNING: [filemgmt 56-199] Attempt to get parsing info during refresh. "On-the-fly" syntax checking information may be incorrect. [C:\Users\v731v861.HOME\Documents\GitHub\EECS443-FinalProject\waveform_generator\waveform_generator.srcs\sources_1\new\Top.vhd:]
WARNING: [filemgmt 56-199] Attempt to get parsing info during refresh. "On-the-fly" syntax checking information may be incorrect. [C:\Users\v731v861.HOME\Documents\GitHub\EECS443-FinalProject\waveform_generator\waveform_generator.srcs\sources_1\new\PhaseAccumulator.vhd:]
WARNING: [filemgmt 56-199] Attempt to get parsing info during refresh. "On-the-fly" syntax checking information may be incorrect. [C:\Users\v731v861.HOME\Documents\GitHub\EECS443-FinalProject\waveform_generator\waveform_generator.srcs\sources_1\new\clock_divider.vhd:]
WARNING: [filemgmt 56-199] Attempt to get parsing info during refresh. "On-the-fly" syntax checking information may be incorrect. [C:\Users\v731v861.HOME\Documents\GitHub\EECS443-FinalProject\waveform_generator\waveform_generator.srcs\sources_1\new\Triangle.vhd:]
WARNING: [filemgmt 56-199] Attempt to get parsing info during refresh. "On-the-fly" syntax checking information may be incorrect. [C:\Users\v731v861.HOME\Documents\GitHub\EECS443-FinalProject\waveform_generator\waveform_generator.srcs\sources_1\new\Rectangle.vhd:]
WARNING: [filemgmt 56-199] Attempt to get parsing info during refresh. "On-the-fly" syntax checking information may be incorrect. [C:\Users\v731v861.HOME\Documents\GitHub\EECS443-FinalProject\waveform_generator\waveform_generator.srcs\sources_1\new\Sawtooth.vhd:]
WARNING: [filemgmt 56-199] Attempt to get parsing info during refresh. "On-the-fly" syntax checking information may be incorrect. [C:\Users\v731v861.HOME\Documents\GitHub\EECS443-FinalProject\waveform_generator\waveform_generator.srcs\sim_1\new\Top_tb.vhd:]
WARNING: [filemgmt 56-199] Attempt to get parsing info during refresh. "On-the-fly" syntax checking information may be incorrect. [C:\Users\v731v861.HOME\Documents\GitHub\EECS443-FinalProject\waveform_generator\waveform_generator.srcs\sources_1\new\Triangle.vhd:]
WARNING: [filemgmt 56-199] Attempt to get parsing info during refresh. "On-the-fly" syntax checking information may be incorrect. [C:\Users\v731v861.HOME\Documents\GitHub\EECS443-FinalProject\waveform_generator\waveform_generator.srcs\sources_1\new\Triangle.vhd:]
WARNING: [filemgmt 56-199] Attempt to get parsing info during refresh. "On-the-fly" syntax checking information may be incorrect. [C:\Users\v731v861.HOME\Documents\GitHub\EECS443-FinalProject\waveform_generator\waveform_generator.srcs\sources_1\new\Sine.vhd:]
WARNING: [filemgmt 56-199] Attempt to get parsing info during refresh. "On-the-fly" syntax checking information may be incorrect. [C:\Users\v731v861.HOME\Documents\GitHub\EECS443-FinalProject\waveform_generator\waveform_generator.srcs\sources_1\new\Top.vhd:]
WARNING: [filemgmt 56-199] Attempt to get parsing info during refresh. "On-the-fly" syntax checking information may be incorrect. [C:\Users\v731v861.HOME\Documents\GitHub\EECS443-FinalProject\waveform_generator\waveform_generator.srcs\sources_1\new\PhaseAccumulator.vhd:]
WARNING: [filemgmt 56-199] Attempt to get parsing info during refresh. "On-the-fly" syntax checking information may be incorrect. [C:\Users\v731v861.HOME\Documents\GitHub\EECS443-FinalProject\waveform_generator\waveform_generator.srcs\sources_1\new\clock_divider.vhd:]
WARNING: [filemgmt 56-199] Attempt to get parsing info during refresh. "On-the-fly" syntax checking information may be incorrect. [C:\Users\v731v861.HOME\Documents\GitHub\EECS443-FinalProject\waveform_generator\waveform_generator.srcs\sources_1\new\Triangle.vhd:]
WARNING: [filemgmt 56-199] Attempt to get parsing info during refresh. "On-the-fly" syntax checking information may be incorrect. [C:\Users\v731v861.HOME\Documents\GitHub\EECS443-FinalProject\waveform_generator\waveform_generator.srcs\sources_1\new\Rectangle.vhd:]
WARNING: [filemgmt 56-199] Attempt to get parsing info during refresh. "On-the-fly" syntax checking information may be incorrect. [C:\Users\v731v861.HOME\Documents\GitHub\EECS443-FinalProject\waveform_generator\waveform_generator.srcs\sources_1\new\Sawtooth.vhd:]
WARNING: [filemgmt 56-199] Attempt to get parsing info during refresh. "On-the-fly" syntax checking information may be incorrect. [C:\Users\v731v861.HOME\Documents\GitHub\EECS443-FinalProject\waveform_generator\waveform_generator.srcs\sim_1\new\Top_tb.vhd:]
WARNING: [filemgmt 56-199] Attempt to get parsing info during refresh. "On-the-fly" syntax checking information may be incorrect. [C:\Users\v731v861.HOME\Documents\GitHub\EECS443-FinalProject\waveform_generator\waveform_generator.srcs\sources_1\new\Sawtooth.vhd:]
WARNING: [filemgmt 56-199] Attempt to get parsing info during refresh. "On-the-fly" syntax checking information may be incorrect. [C:\Users\v731v861.HOME\Documents\GitHub\EECS443-FinalProject\waveform_generator\waveform_generator.srcs\sources_1\new\Sawtooth.vhd:]
WARNING: [filemgmt 56-199] Attempt to get parsing info during refresh. "On-the-fly" syntax checking information may be incorrect. [C:\Users\v731v861.HOME\Documents\GitHub\EECS443-FinalProject\waveform_generator\waveform_generator.srcs\sources_1\new\Sine.vhd:]
WARNING: [filemgmt 56-199] Attempt to get parsing info during refresh. "On-the-fly" syntax checking information may be incorrect. [C:\Users\v731v861.HOME\Documents\GitHub\EECS443-FinalProject\waveform_generator\waveform_generator.srcs\sources_1\new\Top.vhd:]
WARNING: [filemgmt 56-199] Attempt to get parsing info during refresh. "On-the-fly" syntax checking information may be incorrect. [C:\Users\v731v861.HOME\Documents\GitHub\EECS443-FinalProject\waveform_generator\waveform_generator.srcs\sources_1\new\PhaseAccumulator.vhd:]
WARNING: [filemgmt 56-199] Attempt to get parsing info during refresh. "On-the-fly" syntax checking information may be incorrect. [C:\Users\v731v861.HOME\Documents\GitHub\EECS443-FinalProject\waveform_generator\waveform_generator.srcs\sources_1\new\clock_divider.vhd:]
WARNING: [filemgmt 56-199] Attempt to get parsing info during refresh. "On-the-fly" syntax checking information may be incorrect. [C:\Users\v731v861.HOME\Documents\GitHub\EECS443-FinalProject\waveform_generator\waveform_generator.srcs\sources_1\new\Triangle.vhd:]
WARNING: [filemgmt 56-199] Attempt to get parsing info during refresh. "On-the-fly" syntax checking information may be incorrect. [C:\Users\v731v861.HOME\Documents\GitHub\EECS443-FinalProject\waveform_generator\waveform_generator.srcs\sources_1\new\Rectangle.vhd:]
WARNING: [filemgmt 56-199] Attempt to get parsing info during refresh. "On-the-fly" syntax checking information may be incorrect. [C:\Users\v731v861.HOME\Documents\GitHub\EECS443-FinalProject\waveform_generator\waveform_generator.srcs\sources_1\new\Sawtooth.vhd:]
WARNING: [filemgmt 56-199] Attempt to get parsing info during refresh. "On-the-fly" syntax checking information may be incorrect. [C:\Users\v731v861.HOME\Documents\GitHub\EECS443-FinalProject\waveform_generator\waveform_generator.srcs\sim_1\new\Top_tb.vhd:]
WARNING: [filemgmt 56-199] Attempt to get parsing info during refresh. "On-the-fly" syntax checking information may be incorrect. [C:\Users\v731v861.HOME\Documents\GitHub\EECS443-FinalProject\waveform_generator\waveform_generator.srcs\sources_1\new\clock_divider.vhd:]
WARNING: [filemgmt 56-199] Attempt to get parsing info during refresh. "On-the-fly" syntax checking information may be incorrect. [C:\Users\v731v861.HOME\Documents\GitHub\EECS443-FinalProject\waveform_generator\waveform_generator.srcs\sources_1\new\clock_divider.vhd:]
ERROR: [Common 17-180] Spawn failed: No error
WARNING: [filemgmt 56-199] Attempt to get parsing info during refresh. "On-the-fly" syntax checking information may be incorrect. [C:\Users\v731v861.HOME\Documents\GitHub\EECS443-FinalProject\waveform_generator\waveform_generator.srcs\sources_1\new\Sine.vhd:]
WARNING: [filemgmt 56-199] Attempt to get parsing info during refresh. "On-the-fly" syntax checking information may be incorrect. [C:\Users\v731v861.HOME\Documents\GitHub\EECS443-FinalProject\waveform_generator\waveform_generator.srcs\sources_1\new\Top.vhd:]
WARNING: [filemgmt 56-199] Attempt to get parsing info during refresh. "On-the-fly" syntax checking information may be incorrect. [C:\Users\v731v861.HOME\Documents\GitHub\EECS443-FinalProject\waveform_generator\waveform_generator.srcs\sources_1\new\PhaseAccumulator.vhd:]
WARNING: [filemgmt 56-199] Attempt to get parsing info during refresh. "On-the-fly" syntax checking information may be incorrect. [C:\Users\v731v861.HOME\Documents\GitHub\EECS443-FinalProject\waveform_generator\waveform_generator.srcs\sources_1\new\clock_divider.vhd:]
WARNING: [filemgmt 56-199] Attempt to get parsing info during refresh. "On-the-fly" syntax checking information may be incorrect. [C:\Users\v731v861.HOME\Documents\GitHub\EECS443-FinalProject\waveform_generator\waveform_generator.srcs\sources_1\new\Triangle.vhd:]
WARNING: [filemgmt 56-199] Attempt to get parsing info during refresh. "On-the-fly" syntax checking information may be incorrect. [C:\Users\v731v861.HOME\Documents\GitHub\EECS443-FinalProject\waveform_generator\waveform_generator.srcs\sources_1\new\Rectangle.vhd:]
WARNING: [filemgmt 56-199] Attempt to get parsing info during refresh. "On-the-fly" syntax checking information may be incorrect. [C:\Users\v731v861.HOME\Documents\GitHub\EECS443-FinalProject\waveform_generator\waveform_generator.srcs\sources_1\new\Sawtooth.vhd:]
WARNING: [filemgmt 56-199] Attempt to get parsing info during refresh. "On-the-fly" syntax checking information may be incorrect. [C:\Users\v731v861.HOME\Documents\GitHub\EECS443-FinalProject\waveform_generator\waveform_generator.srcs\sim_1\new\Top_tb.vhd:]
WARNING: [filemgmt 56-199] Attempt to get parsing info during refresh. "On-the-fly" syntax checking information may be incorrect. [C:\Users\v731v861.HOME\Documents\GitHub\EECS443-FinalProject\waveform_generator\waveform_generator.srcs\sources_1\new\Top.vhd:]
WARNING: [filemgmt 56-199] Attempt to get parsing info during refresh. "On-the-fly" syntax checking information may be incorrect. [C:\Users\v731v861.HOME\Documents\GitHub\EECS443-FinalProject\waveform_generator\waveform_generator.srcs\sources_1\new\Top.vhd:]
ERROR: [Common 17-180] Spawn failed: No error
WARNING: [filemgmt 56-199] Attempt to get parsing info during refresh. "On-the-fly" syntax checking information may be incorrect. [C:\Users\v731v861.HOME\Documents\GitHub\EECS443-FinalProject\waveform_generator\waveform_generator.srcs\sources_1\new\Sine.vhd:]
WARNING: [filemgmt 56-199] Attempt to get parsing info during refresh. "On-the-fly" syntax checking information may be incorrect. [C:\Users\v731v861.HOME\Documents\GitHub\EECS443-FinalProject\waveform_generator\waveform_generator.srcs\sources_1\new\Top.vhd:]
WARNING: [filemgmt 56-199] Attempt to get parsing info during refresh. "On-the-fly" syntax checking information may be incorrect. [C:\Users\v731v861.HOME\Documents\GitHub\EECS443-FinalProject\waveform_generator\waveform_generator.srcs\sources_1\new\PhaseAccumulator.vhd:]
WARNING: [filemgmt 56-199] Attempt to get parsing info during refresh. "On-the-fly" syntax checking information may be incorrect. [C:\Users\v731v861.HOME\Documents\GitHub\EECS443-FinalProject\waveform_generator\waveform_generator.srcs\sources_1\new\clock_divider.vhd:]
WARNING: [filemgmt 56-199] Attempt to get parsing info during refresh. "On-the-fly" syntax checking information may be incorrect. [C:\Users\v731v861.HOME\Documents\GitHub\EECS443-FinalProject\waveform_generator\waveform_generator.srcs\sources_1\new\Triangle.vhd:]
WARNING: [filemgmt 56-199] Attempt to get parsing info during refresh. "On-the-fly" syntax checking information may be incorrect. [C:\Users\v731v861.HOME\Documents\GitHub\EECS443-FinalProject\waveform_generator\waveform_generator.srcs\sources_1\new\Rectangle.vhd:]
WARNING: [filemgmt 56-199] Attempt to get parsing info during refresh. "On-the-fly" syntax checking information may be incorrect. [C:\Users\v731v861.HOME\Documents\GitHub\EECS443-FinalProject\waveform_generator\waveform_generator.srcs\sources_1\new\Sawtooth.vhd:]
WARNING: [filemgmt 56-199] Attempt to get parsing info during refresh. "On-the-fly" syntax checking information may be incorrect. [C:\Users\v731v861.HOME\Documents\GitHub\EECS443-FinalProject\waveform_generator\waveform_generator.srcs\sim_1\new\Top_tb.vhd:]
WARNING: [filemgmt 56-199] Attempt to get parsing info during refresh. "On-the-fly" syntax checking information may be incorrect. [C:\Users\v731v861.HOME\Documents\GitHub\EECS443-FinalProject\waveform_generator\waveform_generator.srcs\sim_1\new\Top_tb.vhd:]
WARNING: [filemgmt 56-199] Attempt to get parsing info during refresh. "On-the-fly" syntax checking information may be incorrect. [C:\Users\v731v861.HOME\Documents\GitHub\EECS443-FinalProject\waveform_generator\waveform_generator.srcs\sim_1\new\Top_tb.vhd:]
ERROR: [Common 17-180] Spawn failed: No error
WARNING: [filemgmt 56-199] Attempt to get parsing info during refresh. "On-the-fly" syntax checking information may be incorrect. [C:\Users\v731v861.HOME\Documents\GitHub\EECS443-FinalProject\waveform_generator\waveform_generator.srcs\sources_1\new\Sine.vhd:]
WARNING: [filemgmt 56-199] Attempt to get parsing info during refresh. "On-the-fly" syntax checking information may be incorrect. [C:\Users\v731v861.HOME\Documents\GitHub\EECS443-FinalProject\waveform_generator\waveform_generator.srcs\sources_1\new\Top.vhd:]
WARNING: [filemgmt 56-199] Attempt to get parsing info during refresh. "On-the-fly" syntax checking information may be incorrect. [C:\Users\v731v861.HOME\Documents\GitHub\EECS443-FinalProject\waveform_generator\waveform_generator.srcs\sources_1\new\PhaseAccumulator.vhd:]
WARNING: [filemgmt 56-199] Attempt to get parsing info during refresh. "On-the-fly" syntax checking information may be incorrect. [C:\Users\v731v861.HOME\Documents\GitHub\EECS443-FinalProject\waveform_generator\waveform_generator.srcs\sources_1\new\clock_divider.vhd:]
WARNING: [filemgmt 56-199] Attempt to get parsing info during refresh. "On-the-fly" syntax checking information may be incorrect. [C:\Users\v731v861.HOME\Documents\GitHub\EECS443-FinalProject\waveform_generator\waveform_generator.srcs\sources_1\new\Triangle.vhd:]
WARNING: [filemgmt 56-199] Attempt to get parsing info during refresh. "On-the-fly" syntax checking information may be incorrect. [C:\Users\v731v861.HOME\Documents\GitHub\EECS443-FinalProject\waveform_generator\waveform_generator.srcs\sources_1\new\Rectangle.vhd:]
WARNING: [filemgmt 56-199] Attempt to get parsing info during refresh. "On-the-fly" syntax checking information may be incorrect. [C:\Users\v731v861.HOME\Documents\GitHub\EECS443-FinalProject\waveform_generator\waveform_generator.srcs\sources_1\new\Sawtooth.vhd:]
WARNING: [filemgmt 56-199] Attempt to get parsing info during refresh. "On-the-fly" syntax checking information may be incorrect. [C:\Users\v731v861.HOME\Documents\GitHub\EECS443-FinalProject\waveform_generator\waveform_generator.srcs\sim_1\new\Top_tb.vhd:]
WARNING: [filemgmt 56-199] Attempt to get parsing info during refresh. "On-the-fly" syntax checking information may be incorrect. [C:\Users\v731v861.HOME\Documents\GitHub\EECS443-FinalProject\waveform_generator\waveform_generator.srcs\sources_1\new\Sine.vhd:]
WARNING: [filemgmt 56-199] Attempt to get parsing info during refresh. "On-the-fly" syntax checking information may be incorrect. [C:\Users\v731v861.HOME\Documents\GitHub\EECS443-FinalProject\waveform_generator\waveform_generator.srcs\sources_1\new\Sine.vhd:]
ERROR: [Common 17-180] Spawn failed: No error
close_sim
INFO: xsimkernel Simulation Memory Usage: 38172 KB (Peak: 38172 KB), Simulation CPU Usage: 245296 ms
INFO: [Simtcl 6-16] Simulation closed
launch_simulation
Command: launch_simulation 
INFO: [Vivado 12-12493] Simulation top is 'Top_tb'
WARNING: [Vivado 12-13340] Unable to auto find GCC executables from simulator install path! (path not set)
INFO: [Vivado 12-5682] Launching behavioral simulation in 'C:/Users/v731v861.HOME/Documents/GitHub/EECS443-FinalProject/waveform_generator/waveform_generator.sim/sim_1/behav/xsim'
INFO: [SIM-utils-51] Simulation object is 'sim_1'
INFO: [SIM-utils-72] Using boost library from 'C:/Xilinx/Vivado/2024.2/tps/boost_1_72_0'
INFO: [SIM-utils-54] Inspecting design source files for 'Top_tb' in fileset 'sim_1'...
INFO: [USF-XSim-97] Finding global include files...
INFO: [USF-XSim-98] Fetching design files from 'sim_1'...
INFO: [USF-XSim-2] XSim::Compile design
INFO: [USF-XSim-61] Executing 'COMPILE and ANALYZE' step in 'C:/Users/v731v861.HOME/Documents/GitHub/EECS443-FinalProject/waveform_generator/waveform_generator.sim/sim_1/behav/xsim'
"xvhdl --incr --relax -prj Top_tb_vhdl.prj"
INFO: [VRFC 10-163] Analyzing VHDL file "C:/Users/v731v861.HOME/Documents/GitHub/EECS443-FinalProject/waveform_generator/waveform_generator.srcs/sources_1/new/clock_divider.vhd" into library xil_defaultlib
INFO: [VRFC 10-3107] analyzing entity 'clock_divider'
INFO: [USF-XSim-69] 'compile' step finished in '2' seconds
INFO: [USF-XSim-3] XSim::Elaborate design
INFO: [USF-XSim-61] Executing 'ELABORATE' step in 'C:/Users/v731v861.HOME/Documents/GitHub/EECS443-FinalProject/waveform_generator/waveform_generator.sim/sim_1/behav/xsim'
"xelab --incr --debug typical --relax --mt 2 -L xil_defaultlib -L secureip --snapshot Top_tb_behav xil_defaultlib.Top_tb -log elaborate.log"
Vivado Simulator v2024.2.0
Copyright 1986-2022 Xilinx, Inc. All Rights Reserved.
Copyright 2022-2024 Advanced Micro Devices, Inc. All Rights Reserved.
Running: C:/Xilinx/Vivado/2024.2/bin/unwrapped/win64.o/xelab.exe --incr --debug typical --relax --mt 2 -L xil_defaultlib -L secureip --snapshot Top_tb_behav xil_defaultlib.Top_tb -log elaborate.log 
Using 2 slave threads.
Starting static elaboration
Completed static elaboration
Starting simulation data flow analysis
Completed simulation data flow analysis
Time Resolution for simulation is 1ps
Compiling package std.standard
Compiling package std.textio
Compiling package ieee.std_logic_1164
Compiling package ieee.numeric_std
Compiling package ieee.std_logic_arith
Compiling package ieee.std_logic_unsigned
Compiling architecture behavioral of entity xil_defaultlib.PhaseAccumulator [phaseaccumulator_default]
Compiling architecture behavioral of entity xil_defaultlib.Rectangle [rectangle_default]
Compiling architecture behavioral of entity xil_defaultlib.Sawtooth [sawtooth_default]
Compiling architecture behavioral of entity xil_defaultlib.Sine [sine_default]
Compiling architecture behavioral of entity xil_defaultlib.Triangle [triangle_default]
Compiling architecture behavioral of entity xil_defaultlib.clock_divider [clock_divider_default]
Compiling architecture behavioral of entity xil_defaultlib.Top [top_default]
Compiling architecture behavioral of entity xil_defaultlib.top_tb
Built simulation snapshot Top_tb_behav
INFO: [USF-XSim-69] 'elaborate' step finished in '3' seconds
INFO: [USF-XSim-4] XSim::Simulate design
INFO: [USF-XSim-61] Executing 'SIMULATE' step in 'C:/Users/v731v861.HOME/Documents/GitHub/EECS443-FinalProject/waveform_generator/waveform_generator.sim/sim_1/behav/xsim'
INFO: [USF-XSim-98] *** Running xsim
   with args "Top_tb_behav -key {Behavioral:sim_1:Functional:Top_tb} -tclbatch {Top_tb.tcl} -view {C:/Users/v731v861.HOME/Documents/GitHub/EECS443-FinalProject/waveform_generator/Top_tb_behav.wcfg} -log {simulate.log}"
INFO: [USF-XSim-8] Loading simulator feature
Time resolution is 1 ps
open_wave_config C:/Users/v731v861.HOME/Documents/GitHub/EECS443-FinalProject/waveform_generator/Top_tb_behav.wcfg
source Top_tb.tcl
# set curr_wave [current_wave_config]
# if { [string length $curr_wave] == 0 } {
#   if { [llength [get_objects]] > 0} {
#     add_wave /
#     set_property needs_save false [current_wave_config]
#   } else {
#      send_msg_id Add_Wave-1 WARNING "No top level signals found. Simulator will start without a wave window. If you want to open a wave window go to 'File->New Waveform Configuration' or type 'create_wave_config' in the TCL console."
#   }
# }
# run 1ms
INFO: [USF-XSim-96] XSim completed. Design snapshot 'Top_tb_behav' loaded.
INFO: [USF-XSim-97] XSim simulation ran for 1ms
launch_simulation: Time (s): cpu = 00:00:04 ; elapsed = 00:00:08 . Memory (MB): peak = 2425.832 ; gain = 0.000
set_property -name {xsim.simulate.runtime} -value {2ms} -objects [get_filesets sim_1]
set_property -name {xsim.simulate.runtime} -value {5ms} -objects [get_filesets sim_1]
close_sim
INFO: [Simtcl 6-16] Simulation closed
launch_simulation
Command: launch_simulation 
INFO: [Vivado 12-12493] Simulation top is 'Top_tb'
WARNING: [Vivado 12-13340] Unable to auto find GCC executables from simulator install path! (path not set)
INFO: [Vivado 12-5682] Launching behavioral simulation in 'C:/Users/v731v861.HOME/Documents/GitHub/EECS443-FinalProject/waveform_generator/waveform_generator.sim/sim_1/behav/xsim'
INFO: [SIM-utils-51] Simulation object is 'sim_1'
INFO: [SIM-utils-72] Using boost library from 'C:/Xilinx/Vivado/2024.2/tps/boost_1_72_0'
INFO: [SIM-utils-54] Inspecting design source files for 'Top_tb' in fileset 'sim_1'...
INFO: [USF-XSim-97] Finding global include files...
INFO: [USF-XSim-98] Fetching design files from 'sim_1'...
INFO: [USF-XSim-2] XSim::Compile design
INFO: [USF-XSim-61] Executing 'COMPILE and ANALYZE' step in 'C:/Users/v731v861.HOME/Documents/GitHub/EECS443-FinalProject/waveform_generator/waveform_generator.sim/sim_1/behav/xsim'
"xvhdl --incr --relax -prj Top_tb_vhdl.prj"
INFO: [USF-XSim-69] 'compile' step finished in '2' seconds
INFO: [USF-XSim-3] XSim::Elaborate design
INFO: [USF-XSim-61] Executing 'ELABORATE' step in 'C:/Users/v731v861.HOME/Documents/GitHub/EECS443-FinalProject/waveform_generator/waveform_generator.sim/sim_1/behav/xsim'
"xelab --incr --debug typical --relax --mt 2 -L xil_defaultlib -L secureip --snapshot Top_tb_behav xil_defaultlib.Top_tb -log elaborate.log"
Vivado Simulator v2024.2.0
Copyright 1986-2022 Xilinx, Inc. All Rights Reserved.
Copyright 2022-2024 Advanced Micro Devices, Inc. All Rights Reserved.
Running: C:/Xilinx/Vivado/2024.2/bin/unwrapped/win64.o/xelab.exe --incr --debug typical --relax --mt 2 -L xil_defaultlib -L secureip --snapshot Top_tb_behav xil_defaultlib.Top_tb -log elaborate.log 
Using 2 slave threads.
Starting static elaboration
Completed static elaboration
INFO: [XSIM 43-4323] No Change in HDL. Linking previously generated obj files to create kernel
INFO: [USF-XSim-69] 'elaborate' step finished in '3' seconds
INFO: [USF-XSim-4] XSim::Simulate design
INFO: [USF-XSim-61] Executing 'SIMULATE' step in 'C:/Users/v731v861.HOME/Documents/GitHub/EECS443-FinalProject/waveform_generator/waveform_generator.sim/sim_1/behav/xsim'
INFO: [USF-XSim-98] *** Running xsim
   with args "Top_tb_behav -key {Behavioral:sim_1:Functional:Top_tb} -tclbatch {Top_tb.tcl} -view {C:/Users/v731v861.HOME/Documents/GitHub/EECS443-FinalProject/waveform_generator/Top_tb_behav.wcfg} -log {simulate.log}"
INFO: [USF-XSim-8] Loading simulator feature
Time resolution is 1 ps
open_wave_config C:/Users/v731v861.HOME/Documents/GitHub/EECS443-FinalProject/waveform_generator/Top_tb_behav.wcfg
source Top_tb.tcl
# set curr_wave [current_wave_config]
# if { [string length $curr_wave] == 0 } {
#   if { [llength [get_objects]] > 0} {
#     add_wave /
#     set_property needs_save false [current_wave_config]
#   } else {
#      send_msg_id Add_Wave-1 WARNING "No top level signals found. Simulator will start without a wave window. If you want to open a wave window go to 'File->New Waveform Configuration' or type 'create_wave_config' in the TCL console."
#   }
# }
# run 5ms
INFO: [USF-XSim-96] XSim completed. Design snapshot 'Top_tb_behav' loaded.
INFO: [USF-XSim-97] XSim simulation ran for 5ms
launch_simulation: Time (s): cpu = 00:00:03 ; elapsed = 00:00:09 . Memory (MB): peak = 2432.504 ; gain = 0.000
save_wave_config {C:/Users/v731v861.HOME/Documents/GitHub/EECS443-FinalProject/waveform_generator/Top_tb_behav.wcfg}
WARNING: [filemgmt 56-199] Attempt to get parsing info during refresh. "On-the-fly" syntax checking information may be incorrect. [C:\Users\v731v861.HOME\Documents\GitHub\EECS443-FinalProject\waveform_generator\waveform_generator.srcs\sources_1\new\Sine.vhd:]
WARNING: [filemgmt 56-199] Attempt to get parsing info during refresh. "On-the-fly" syntax checking information may be incorrect. [C:\Users\v731v861.HOME\Documents\GitHub\EECS443-FinalProject\waveform_generator\waveform_generator.srcs\sources_1\new\Top.vhd:]
WARNING: [filemgmt 56-199] Attempt to get parsing info during refresh. "On-the-fly" syntax checking information may be incorrect. [C:\Users\v731v861.HOME\Documents\GitHub\EECS443-FinalProject\waveform_generator\waveform_generator.srcs\sources_1\new\PhaseAccumulator.vhd:]
WARNING: [filemgmt 56-199] Attempt to get parsing info during refresh. "On-the-fly" syntax checking information may be incorrect. [C:\Users\v731v861.HOME\Documents\GitHub\EECS443-FinalProject\waveform_generator\waveform_generator.srcs\sources_1\new\clock_divider.vhd:]
WARNING: [filemgmt 56-199] Attempt to get parsing info during refresh. "On-the-fly" syntax checking information may be incorrect. [C:\Users\v731v861.HOME\Documents\GitHub\EECS443-FinalProject\waveform_generator\waveform_generator.srcs\sources_1\new\Triangle.vhd:]
WARNING: [filemgmt 56-199] Attempt to get parsing info during refresh. "On-the-fly" syntax checking information may be incorrect. [C:\Users\v731v861.HOME\Documents\GitHub\EECS443-FinalProject\waveform_generator\waveform_generator.srcs\sources_1\new\Rectangle.vhd:]
WARNING: [filemgmt 56-199] Attempt to get parsing info during refresh. "On-the-fly" syntax checking information may be incorrect. [C:\Users\v731v861.HOME\Documents\GitHub\EECS443-FinalProject\waveform_generator\waveform_generator.srcs\sources_1\new\Sawtooth.vhd:]
WARNING: [filemgmt 56-199] Attempt to get parsing info during refresh. "On-the-fly" syntax checking information may be incorrect. [C:\Users\v731v861.HOME\Documents\GitHub\EECS443-FinalProject\waveform_generator\waveform_generator.srcs\sim_1\new\Top_tb.vhd:]
WARNING: [filemgmt 56-199] Attempt to get parsing info during refresh. "On-the-fly" syntax checking information may be incorrect. [C:\Users\v731v861.HOME\Documents\GitHub\EECS443-FinalProject\waveform_generator\waveform_generator.srcs\sources_1\new\PhaseAccumulator.vhd:]
WARNING: [filemgmt 56-199] Attempt to get parsing info during refresh. "On-the-fly" syntax checking information may be incorrect. [C:\Users\v731v861.HOME\Documents\GitHub\EECS443-FinalProject\waveform_generator\waveform_generator.srcs\sources_1\new\PhaseAccumulator.vhd:]
WARNING: [filemgmt 56-199] Attempt to get parsing info during refresh. "On-the-fly" syntax checking information may be incorrect. [C:\Users\v731v861.HOME\Documents\GitHub\EECS443-FinalProject\waveform_generator\waveform_generator.srcs\sources_1\new\Sine.vhd:]
WARNING: [filemgmt 56-199] Attempt to get parsing info during refresh. "On-the-fly" syntax checking information may be incorrect. [C:\Users\v731v861.HOME\Documents\GitHub\EECS443-FinalProject\waveform_generator\waveform_generator.srcs\sources_1\new\Top.vhd:]
WARNING: [filemgmt 56-199] Attempt to get parsing info during refresh. "On-the-fly" syntax checking information may be incorrect. [C:\Users\v731v861.HOME\Documents\GitHub\EECS443-FinalProject\waveform_generator\waveform_generator.srcs\sources_1\new\PhaseAccumulator.vhd:]
WARNING: [filemgmt 56-199] Attempt to get parsing info during refresh. "On-the-fly" syntax checking information may be incorrect. [C:\Users\v731v861.HOME\Documents\GitHub\EECS443-FinalProject\waveform_generator\waveform_generator.srcs\sources_1\new\clock_divider.vhd:]
WARNING: [filemgmt 56-199] Attempt to get parsing info during refresh. "On-the-fly" syntax checking information may be incorrect. [C:\Users\v731v861.HOME\Documents\GitHub\EECS443-FinalProject\waveform_generator\waveform_generator.srcs\sources_1\new\Triangle.vhd:]
WARNING: [filemgmt 56-199] Attempt to get parsing info during refresh. "On-the-fly" syntax checking information may be incorrect. [C:\Users\v731v861.HOME\Documents\GitHub\EECS443-FinalProject\waveform_generator\waveform_generator.srcs\sources_1\new\Rectangle.vhd:]
WARNING: [filemgmt 56-199] Attempt to get parsing info during refresh. "On-the-fly" syntax checking information may be incorrect. [C:\Users\v731v861.HOME\Documents\GitHub\EECS443-FinalProject\waveform_generator\waveform_generator.srcs\sources_1\new\Sawtooth.vhd:]
WARNING: [filemgmt 56-199] Attempt to get parsing info during refresh. "On-the-fly" syntax checking information may be incorrect. [C:\Users\v731v861.HOME\Documents\GitHub\EECS443-FinalProject\waveform_generator\waveform_generator.srcs\sim_1\new\Top_tb.vhd:]
WARNING: [filemgmt 56-199] Attempt to get parsing info during refresh. "On-the-fly" syntax checking information may be incorrect. [C:\Users\v731v861.HOME\Documents\GitHub\EECS443-FinalProject\waveform_generator\waveform_generator.srcs\sources_1\new\Triangle.vhd:]
WARNING: [filemgmt 56-199] Attempt to get parsing info during refresh. "On-the-fly" syntax checking information may be incorrect. [C:\Users\v731v861.HOME\Documents\GitHub\EECS443-FinalProject\waveform_generator\waveform_generator.srcs\sources_1\new\Triangle.vhd:]
WARNING: [filemgmt 56-199] Attempt to get parsing info during refresh. "On-the-fly" syntax checking information may be incorrect. [C:\Users\v731v861.HOME\Documents\GitHub\EECS443-FinalProject\waveform_generator\waveform_generator.srcs\sources_1\new\Sine.vhd:]
WARNING: [filemgmt 56-199] Attempt to get parsing info during refresh. "On-the-fly" syntax checking information may be incorrect. [C:\Users\v731v861.HOME\Documents\GitHub\EECS443-FinalProject\waveform_generator\waveform_generator.srcs\sources_1\new\Top.vhd:]
WARNING: [filemgmt 56-199] Attempt to get parsing info during refresh. "On-the-fly" syntax checking information may be incorrect. [C:\Users\v731v861.HOME\Documents\GitHub\EECS443-FinalProject\waveform_generator\waveform_generator.srcs\sources_1\new\PhaseAccumulator.vhd:]
WARNING: [filemgmt 56-199] Attempt to get parsing info during refresh. "On-the-fly" syntax checking information may be incorrect. [C:\Users\v731v861.HOME\Documents\GitHub\EECS443-FinalProject\waveform_generator\waveform_generator.srcs\sources_1\new\clock_divider.vhd:]
WARNING: [filemgmt 56-199] Attempt to get parsing info during refresh. "On-the-fly" syntax checking information may be incorrect. [C:\Users\v731v861.HOME\Documents\GitHub\EECS443-FinalProject\waveform_generator\waveform_generator.srcs\sources_1\new\Triangle.vhd:]
WARNING: [filemgmt 56-199] Attempt to get parsing info during refresh. "On-the-fly" syntax checking information may be incorrect. [C:\Users\v731v861.HOME\Documents\GitHub\EECS443-FinalProject\waveform_generator\waveform_generator.srcs\sources_1\new\Rectangle.vhd:]
WARNING: [filemgmt 56-199] Attempt to get parsing info during refresh. "On-the-fly" syntax checking information may be incorrect. [C:\Users\v731v861.HOME\Documents\GitHub\EECS443-FinalProject\waveform_generator\waveform_generator.srcs\sources_1\new\Sawtooth.vhd:]
WARNING: [filemgmt 56-199] Attempt to get parsing info during refresh. "On-the-fly" syntax checking information may be incorrect. [C:\Users\v731v861.HOME\Documents\GitHub\EECS443-FinalProject\waveform_generator\waveform_generator.srcs\sim_1\new\Top_tb.vhd:]
WARNING: [filemgmt 56-199] Attempt to get parsing info during refresh. "On-the-fly" syntax checking information may be incorrect. [C:\Users\v731v861.HOME\Documents\GitHub\EECS443-FinalProject\waveform_generator\waveform_generator.srcs\sources_1\new\Sawtooth.vhd:]
WARNING: [filemgmt 56-199] Attempt to get parsing info during refresh. "On-the-fly" syntax checking information may be incorrect. [C:\Users\v731v861.HOME\Documents\GitHub\EECS443-FinalProject\waveform_generator\waveform_generator.srcs\sources_1\new\Sawtooth.vhd:]
WARNING: [filemgmt 56-199] Attempt to get parsing info during refresh. "On-the-fly" syntax checking information may be incorrect. [C:\Users\v731v861.HOME\Documents\GitHub\EECS443-FinalProject\waveform_generator\waveform_generator.srcs\sources_1\new\Sine.vhd:]
WARNING: [filemgmt 56-199] Attempt to get parsing info during refresh. "On-the-fly" syntax checking information may be incorrect. [C:\Users\v731v861.HOME\Documents\GitHub\EECS443-FinalProject\waveform_generator\waveform_generator.srcs\sources_1\new\Top.vhd:]
WARNING: [filemgmt 56-199] Attempt to get parsing info during refresh. "On-the-fly" syntax checking information may be incorrect. [C:\Users\v731v861.HOME\Documents\GitHub\EECS443-FinalProject\waveform_generator\waveform_generator.srcs\sources_1\new\PhaseAccumulator.vhd:]
WARNING: [filemgmt 56-199] Attempt to get parsing info during refresh. "On-the-fly" syntax checking information may be incorrect. [C:\Users\v731v861.HOME\Documents\GitHub\EECS443-FinalProject\waveform_generator\waveform_generator.srcs\sources_1\new\clock_divider.vhd:]
WARNING: [filemgmt 56-199] Attempt to get parsing info during refresh. "On-the-fly" syntax checking information may be incorrect. [C:\Users\v731v861.HOME\Documents\GitHub\EECS443-FinalProject\waveform_generator\waveform_generator.srcs\sources_1\new\Triangle.vhd:]
WARNING: [filemgmt 56-199] Attempt to get parsing info during refresh. "On-the-fly" syntax checking information may be incorrect. [C:\Users\v731v861.HOME\Documents\GitHub\EECS443-FinalProject\waveform_generator\waveform_generator.srcs\sources_1\new\Rectangle.vhd:]
WARNING: [filemgmt 56-199] Attempt to get parsing info during refresh. "On-the-fly" syntax checking information may be incorrect. [C:\Users\v731v861.HOME\Documents\GitHub\EECS443-FinalProject\waveform_generator\waveform_generator.srcs\sources_1\new\Sawtooth.vhd:]
WARNING: [filemgmt 56-199] Attempt to get parsing info during refresh. "On-the-fly" syntax checking information may be incorrect. [C:\Users\v731v861.HOME\Documents\GitHub\EECS443-FinalProject\waveform_generator\waveform_generator.srcs\sim_1\new\Top_tb.vhd:]
WARNING: [filemgmt 56-199] Attempt to get parsing info during refresh. "On-the-fly" syntax checking information may be incorrect. [C:\Users\v731v861.HOME\Documents\GitHub\EECS443-FinalProject\waveform_generator\waveform_generator.srcs\sources_1\new\clock_divider.vhd:]
WARNING: [filemgmt 56-199] Attempt to get parsing info during refresh. "On-the-fly" syntax checking information may be incorrect. [C:\Users\v731v861.HOME\Documents\GitHub\EECS443-FinalProject\waveform_generator\waveform_generator.srcs\sources_1\new\clock_divider.vhd:]
WARNING: [filemgmt 56-199] Attempt to get parsing info during refresh. "On-the-fly" syntax checking information may be incorrect. [C:\Users\v731v861.HOME\Documents\GitHub\EECS443-FinalProject\waveform_generator\waveform_generator.srcs\sources_1\new\Sine.vhd:]
WARNING: [filemgmt 56-199] Attempt to get parsing info during refresh. "On-the-fly" syntax checking information may be incorrect. [C:\Users\v731v861.HOME\Documents\GitHub\EECS443-FinalProject\waveform_generator\waveform_generator.srcs\sources_1\new\Top.vhd:]
WARNING: [filemgmt 56-199] Attempt to get parsing info during refresh. "On-the-fly" syntax checking information may be incorrect. [C:\Users\v731v861.HOME\Documents\GitHub\EECS443-FinalProject\waveform_generator\waveform_generator.srcs\sources_1\new\PhaseAccumulator.vhd:]
WARNING: [filemgmt 56-199] Attempt to get parsing info during refresh. "On-the-fly" syntax checking information may be incorrect. [C:\Users\v731v861.HOME\Documents\GitHub\EECS443-FinalProject\waveform_generator\waveform_generator.srcs\sources_1\new\clock_divider.vhd:]
WARNING: [filemgmt 56-199] Attempt to get parsing info during refresh. "On-the-fly" syntax checking information may be incorrect. [C:\Users\v731v861.HOME\Documents\GitHub\EECS443-FinalProject\waveform_generator\waveform_generator.srcs\sources_1\new\Triangle.vhd:]
WARNING: [filemgmt 56-199] Attempt to get parsing info during refresh. "On-the-fly" syntax checking information may be incorrect. [C:\Users\v731v861.HOME\Documents\GitHub\EECS443-FinalProject\waveform_generator\waveform_generator.srcs\sources_1\new\Rectangle.vhd:]
WARNING: [filemgmt 56-199] Attempt to get parsing info during refresh. "On-the-fly" syntax checking information may be incorrect. [C:\Users\v731v861.HOME\Documents\GitHub\EECS443-FinalProject\waveform_generator\waveform_generator.srcs\sources_1\new\Sawtooth.vhd:]
WARNING: [filemgmt 56-199] Attempt to get parsing info during refresh. "On-the-fly" syntax checking information may be incorrect. [C:\Users\v731v861.HOME\Documents\GitHub\EECS443-FinalProject\waveform_generator\waveform_generator.srcs\sim_1\new\Top_tb.vhd:]
WARNING: [filemgmt 56-199] Attempt to get parsing info during refresh. "On-the-fly" syntax checking information may be incorrect. [C:\Users\v731v861.HOME\Documents\GitHub\EECS443-FinalProject\waveform_generator\waveform_generator.srcs\sim_1\new\Top_tb.vhd:]
WARNING: [filemgmt 56-199] Attempt to get parsing info during refresh. "On-the-fly" syntax checking information may be incorrect. [C:\Users\v731v861.HOME\Documents\GitHub\EECS443-FinalProject\waveform_generator\waveform_generator.srcs\sim_1\new\Top_tb.vhd:]
WARNING: [filemgmt 56-199] Attempt to get parsing info during refresh. "On-the-fly" syntax checking information may be incorrect. [C:\Users\v731v861.HOME\Documents\GitHub\EECS443-FinalProject\waveform_generator\waveform_generator.srcs\sources_1\new\Sine.vhd:]
WARNING: [filemgmt 56-199] Attempt to get parsing info during refresh. "On-the-fly" syntax checking information may be incorrect. [C:\Users\v731v861.HOME\Documents\GitHub\EECS443-FinalProject\waveform_generator\waveform_generator.srcs\sources_1\new\Top.vhd:]
WARNING: [filemgmt 56-199] Attempt to get parsing info during refresh. "On-the-fly" syntax checking information may be incorrect. [C:\Users\v731v861.HOME\Documents\GitHub\EECS443-FinalProject\waveform_generator\waveform_generator.srcs\sources_1\new\PhaseAccumulator.vhd:]
WARNING: [filemgmt 56-199] Attempt to get parsing info during refresh. "On-the-fly" syntax checking information may be incorrect. [C:\Users\v731v861.HOME\Documents\GitHub\EECS443-FinalProject\waveform_generator\waveform_generator.srcs\sources_1\new\clock_divider.vhd:]
WARNING: [filemgmt 56-199] Attempt to get parsing info during refresh. "On-the-fly" syntax checking information may be incorrect. [C:\Users\v731v861.HOME\Documents\GitHub\EECS443-FinalProject\waveform_generator\waveform_generator.srcs\sources_1\new\Triangle.vhd:]
WARNING: [filemgmt 56-199] Attempt to get parsing info during refresh. "On-the-fly" syntax checking information may be incorrect. [C:\Users\v731v861.HOME\Documents\GitHub\EECS443-FinalProject\waveform_generator\waveform_generator.srcs\sources_1\new\Rectangle.vhd:]
WARNING: [filemgmt 56-199] Attempt to get parsing info during refresh. "On-the-fly" syntax checking information may be incorrect. [C:\Users\v731v861.HOME\Documents\GitHub\EECS443-FinalProject\waveform_generator\waveform_generator.srcs\sources_1\new\Sawtooth.vhd:]
WARNING: [filemgmt 56-199] Attempt to get parsing info during refresh. "On-the-fly" syntax checking information may be incorrect. [C:\Users\v731v861.HOME\Documents\GitHub\EECS443-FinalProject\waveform_generator\waveform_generator.srcs\sim_1\new\Top_tb.vhd:]
WARNING: [filemgmt 56-199] Attempt to get parsing info during refresh. "On-the-fly" syntax checking information may be incorrect. [C:\Users\v731v861.HOME\Documents\GitHub\EECS443-FinalProject\waveform_generator\waveform_generator.srcs\sources_1\new\Top.vhd:]
WARNING: [filemgmt 56-199] Attempt to get parsing info during refresh. "On-the-fly" syntax checking information may be incorrect. [C:\Users\v731v861.HOME\Documents\GitHub\EECS443-FinalProject\waveform_generator\waveform_generator.srcs\sources_1\new\Top.vhd:]
ERROR: [Common 17-180] Spawn failed: No error
WARNING: [filemgmt 56-199] Attempt to get parsing info during refresh. "On-the-fly" syntax checking information may be incorrect. [C:\Users\v731v861.HOME\Documents\GitHub\EECS443-FinalProject\waveform_generator\waveform_generator.srcs\sources_1\new\Sine.vhd:]
WARNING: [filemgmt 56-199] Attempt to get parsing info during refresh. "On-the-fly" syntax checking information may be incorrect. [C:\Users\v731v861.HOME\Documents\GitHub\EECS443-FinalProject\waveform_generator\waveform_generator.srcs\sources_1\new\Top.vhd:]
WARNING: [filemgmt 56-199] Attempt to get parsing info during refresh. "On-the-fly" syntax checking information may be incorrect. [C:\Users\v731v861.HOME\Documents\GitHub\EECS443-FinalProject\waveform_generator\waveform_generator.srcs\sources_1\new\PhaseAccumulator.vhd:]
WARNING: [filemgmt 56-199] Attempt to get parsing info during refresh. "On-the-fly" syntax checking information may be incorrect. [C:\Users\v731v861.HOME\Documents\GitHub\EECS443-FinalProject\waveform_generator\waveform_generator.srcs\sources_1\new\clock_divider.vhd:]
WARNING: [filemgmt 56-199] Attempt to get parsing info during refresh. "On-the-fly" syntax checking information may be incorrect. [C:\Users\v731v861.HOME\Documents\GitHub\EECS443-FinalProject\waveform_generator\waveform_generator.srcs\sources_1\new\Triangle.vhd:]
WARNING: [filemgmt 56-199] Attempt to get parsing info during refresh. "On-the-fly" syntax checking information may be incorrect. [C:\Users\v731v861.HOME\Documents\GitHub\EECS443-FinalProject\waveform_generator\waveform_generator.srcs\sources_1\new\Rectangle.vhd:]
WARNING: [filemgmt 56-199] Attempt to get parsing info during refresh. "On-the-fly" syntax checking information may be incorrect. [C:\Users\v731v861.HOME\Documents\GitHub\EECS443-FinalProject\waveform_generator\waveform_generator.srcs\sources_1\new\Sawtooth.vhd:]
WARNING: [filemgmt 56-199] Attempt to get parsing info during refresh. "On-the-fly" syntax checking information may be incorrect. [C:\Users\v731v861.HOME\Documents\GitHub\EECS443-FinalProject\waveform_generator\waveform_generator.srcs\sim_1\new\Top_tb.vhd:]
WARNING: [filemgmt 56-199] Attempt to get parsing info during refresh. "On-the-fly" syntax checking information may be incorrect. [C:\Users\v731v861.HOME\Documents\GitHub\EECS443-FinalProject\waveform_generator\waveform_generator.srcs\sources_1\new\Sine.vhd:]
WARNING: [filemgmt 56-199] Attempt to get parsing info during refresh. "On-the-fly" syntax checking information may be incorrect. [C:\Users\v731v861.HOME\Documents\GitHub\EECS443-FinalProject\waveform_generator\waveform_generator.srcs\sources_1\new\Sine.vhd:]
ERROR: [Common 17-180] Spawn failed: No error
close_sim
INFO: [Simtcl 6-16] Simulation closed
